model,n,method,error_P_mean,error_P_std,error_Theta_mean,error_Theta_std,error_B_mean,error_B_std,time_mean,time_std
4,200,Non-random,5.979029979409752,0.40368263189944026,0.7304726368159205,0.22501482121629598,0.47649763414821633,0.036481581115879055,0.03130248960000008,0.0025375725494417743
4,200,Random Projection,5.67963361923848,0.3855670631559302,0.7703188602442333,0.20768229619703754,0.4804963020168942,0.03472533482574213,0.018694756349999973,0.016680978841252105
4,200,Random Sampling,6.6562908750712255,0.6178346749205904,0.9877996381727725,0.26175375094829373,0.47672489411373065,0.04557564373289643,0.02390436245000005,0.003335969860243
4,200,CountSketch,5.6865647600620175,0.43858244123758183,0.7673337856173676,0.19136646791663672,0.47945515387988324,0.036056212750264584,0.015644993749999992,0.00224303018860605
4,200,SIGN Bidirectional,5.598810292529508,0.4706120360749997,0.7988353686114881,0.22181912243889987,0.4811081533205228,0.03750072334634614,0.016607418750000068,0.0023357230938120623
4,400,Non-random,8.418977733570559,0.60462804907681,0.34792671978453593,0.14968215900510246,0.48804351813361935,0.04682763098033964,0.07220161245000019,0.0019736160258557157
4,400,Random Projection,7.421094660356674,0.5814771232676357,0.37979463584333967,0.17795400412529833,0.48915949138009474,0.04697289282541726,0.02017895635000002,0.004214964752412417
4,400,Random Sampling,8.310544544873947,0.9857471735223032,0.5211620469083156,0.18478833261343264,0.48869950375284904,0.04784987662826431,0.030467974950000132,0.0045106858880791904
4,400,CountSketch,7.489707768513851,0.6045625352173782,0.35914319380540904,0.1640302923041828,0.4902496016886599,0.04597442678868205,0.019513806149999757,0.0022097105851709084
4,400,SIGN Bidirectional,7.365365661543668,0.6326585428133115,0.3967231511614858,0.20033343910620338,0.4886359323709703,0.047182461553350714,0.021062845749999903,0.0019825876117543235
4,600,Non-random,10.483046811755889,0.6118680244572215,0.27875,0.15050681921952552,0.4752870570634752,0.03627363800697742,0.17129879794999966,0.0028919796480966955
4,600,Random Projection,9.010302132332233,0.7343176352373134,0.29675,0.16699570590130064,0.4761143937274198,0.03629994331848808,0.024647081249999835,0.002645169724308169
4,600,Random Sampling,10.01834939549918,1.0675143611282787,0.44000000000000006,0.19311163937773893,0.4759582617508471,0.036336553837146505,0.05288649365000033,0.006203065076883292
4,600,CountSketch,8.842425786928496,0.6087060153712996,0.288,0.17426084501477423,0.4771722198267054,0.03572308040265784,0.02738727285000033,0.005665443030265826
4,600,SIGN Bidirectional,8.839430839676826,0.5375504585158245,0.32575,0.19358307750094492,0.47745221716519487,0.03576790278126185,0.02773623119999975,0.003773139619763488
4,800,Non-random,12.73937682475891,0.5897198812136819,0.1616470952662555,0.07659917539886896,0.48102635362024754,0.03619436386762611,0.2548864125499991,0.00634483944049155
4,800,Random Projection,10.074380988157387,0.623211479243148,0.17291121061079667,0.08802826968150451,0.48176244587275174,0.035666930085742475,0.028826860550000256,0.0045127269491915725
4,800,Random Sampling,11.671410062146425,0.743049788369343,0.2970466897581031,0.09853048516659055,0.48172808253368266,0.0380991684087651,0.06194344789999988,0.005394686338730423
4,800,CountSketch,10.310855059391361,0.6996168444026936,0.1740277660443243,0.08955016751995713,0.4819687977542796,0.0362940440773028,0.03053423540000022,0.0028915439467958604
4,800,SIGN Bidirectional,10.195762740898852,0.6153136768025331,0.1955851707921489,0.09858622233678556,0.48206182970024825,0.03594524804803019,0.035009774949999614,0.00389087583389717
4,1000,Non-random,13.599339465619181,0.7588117931435823,0.06927990865116614,0.04106583069504154,0.47615650830245737,0.03270257846595915,0.3235765123499995,0.008611592021041805
4,1000,Random Projection,10.380616219319606,0.7813226615153882,0.07287856718994443,0.04227896884926757,0.477224845801537,0.032753749751914626,0.031538008199999724,0.00453994918083618
4,1000,Random Sampling,11.942022164734249,0.8950948876041309,0.1525300749851648,0.06530483194351318,0.4774007969701019,0.0328988253897081,0.06940267694999847,0.007044599462658054
4,1000,CountSketch,10.408736386485415,0.8283504459944205,0.0722842603082124,0.04333428919087069,0.47699641212360405,0.032572780179506516,0.032673093999999736,0.0028311930319520283
4,1000,SIGN Bidirectional,10.444875820675094,0.7078493203379105,0.07258231285177394,0.04342913590034299,0.47700047586053695,0.032802663267957444,0.03825504365000043,0.0024782563792009695
4,1200,Non-random,15.347852563886724,0.7550884264457403,0.086625,0.07722691700777855,0.4776530351760496,0.0291442829498231,0.4476277936999978,0.011527442885003843
4,1200,Random Projection,10.968382914023215,0.6254706577493997,0.08987500000000001,0.0904901673925783,0.47824891780360235,0.02902431304118697,0.03145011040000014,0.002869984549204821
4,1200,Random Sampling,13.205514794018637,0.9668693970922564,0.1665,0.09898630952654117,0.47837910232645686,0.029542260625486667,0.07572612294999956,0.007876741296489808
4,1200,CountSketch,11.090047581112843,0.8898328353000966,0.091,0.08567610365114713,0.4784328480028986,0.028836410791095595,0.035498083349999376,0.0036062145545929466
4,1200,SIGN Bidirectional,11.833678459012228,0.8080489140941237,0.09675,0.08732915652259199,0.47834330644483947,0.029293401480800323,0.04017376669999919,0.0021513014278240314
5,200,Non-random,5.603248952972672,0.43786644086556215,0.8952962460425147,0.23406710157460472,0.4898690646704715,0.041810736439530934,0.027440214500000337,0.0018089892329512416
5,200,Random Projection,5.366839568871578,0.4954856918275907,0.8950587969244685,0.20184498036381962,0.4911429186729509,0.04159526727144441,0.014225483299999554,0.00116962761410416
5,200,Random Sampling,6.303615291258717,0.785545270010713,1.1644278606965175,0.32050531703039903,0.4940418702176654,0.04217432462707719,0.021169435399998094,0.0017265861233311999
5,200,CountSketch,5.3344570243619005,0.5378202640932587,0.8941881501582994,0.20126331808300255,0.4916503961825695,0.04069426663942749,0.014243764600002606,0.0010944168896317185
5,200,SIGN Bidirectional,5.287025088863715,0.4760050159702123,1.0018882858435096,0.31198297973580646,0.49264385213748574,0.03940437078718254,0.015569324949998986,0.0012052067784256726
5,400,Non-random,8.234011652158095,0.5552327892621983,0.5453596678262821,0.14485412843234918,0.4995411372290909,0.04449118498735374,0.06962467079999897,0.005201355172202142
5,400,Random Projection,7.453469553647244,0.5652224402509671,0.5723768376164291,0.17742300371597197,0.5017862712660072,0.04306983181662712,0.01928983319999844,0.001664741744618245
5,400,Random Sampling,8.34746699585519,1.0221657957402674,0.7511081809000112,0.23220544922493866,0.5002561896554318,0.043776690522679386,0.03147954785000025,0.005510668008707056
5,400,CountSketch,7.535414113051106,0.5347574846035504,0.5941280439905734,0.20314727290406662,0.5012308445209718,0.043785799167101486,0.02117747294999859,0.003131606285837218
5,400,SIGN Bidirectional,7.297536083478238,0.5548755465447399,0.6158624172371227,0.2073912909931723,0.5017555574990338,0.043368394481357646,0.022735845900000128,0.003633826654782779
5,600,Non-random,9.988884166331596,0.522635681998334,0.37725,0.12791315927530472,0.49976261049592025,0.03361672601489476,0.17113048750000104,0.00773869338246648
5,600,Random Projection,8.536198389773421,0.5754226224399758,0.38725,0.1369448121651469,0.50009869258528,0.03401775485598454,0.02488423530000077,0.0037158949317752147
5,600,Random Sampling,9.388493084085685,0.6833128931217471,0.5435000000000001,0.13215919427561196,0.5004603801863607,0.03427983880187724,0.05266725404999946,0.006574563515840742
5,600,CountSketch,8.656857377396433,0.5052265917624317,0.38975,0.1449634708977984,0.500100136436137,0.03404484490641864,0.02562397504999936,0.003517684511937388
5,600,SIGN Bidirectional,8.49512801884509,0.4820917550057437,0.39075000000000004,0.12914980082304262,0.5008590945996527,0.03318731650394097,0.027816760250001238,0.003011557768152746
5,800,Non-random,11.732974048818736,0.7892445111677806,0.2908429782320971,0.15649677988129812,0.49008007360225825,0.034794658505345875,0.25301266039999815,0.005220799283374118
5,800,Random Projection,9.778560953844924,0.5740476275220935,0.30264636309875814,0.17688468464879095,0.4900782655161836,0.0345228583167714,0.029809045850002748,0.005008631060638656
5,800,Random Sampling,10.707364525636732,1.0421823413905216,0.4295894229956915,0.18292775056124588,0.49070350900241283,0.03500285592412178,0.06168463125000016,0.008063643314581285
5,800,CountSketch,9.85510895412466,0.8899971564428304,0.3003921320154318,0.16534854232779506,0.49046317696151964,0.03472078192338926,0.030111610450003923,0.0031630476720738545
5,800,SIGN Bidirectional,9.829544489878378,0.6399106363637496,0.3191525161217651,0.19189603584169754,0.49003163273456546,0.03426351903651431,0.035039254099999084,0.0036124216299652377
5,1000,Non-random,12.874118418932051,0.8246643626623145,0.16935858013702326,0.08131115201937644,0.48931287388639644,0.03360393402875368,0.32384052080000175,0.00921274014491954
5,1000,Random Projection,9.938488345330722,0.8257074986562812,0.17131008253762744,0.08432309382211459,0.4895414428220771,0.03336769182341953,0.031864277100007145,0.0036086146541848903
5,1000,Random Sampling,11.252877997225694,0.9624709381934035,0.27705220190250135,0.10453608891782085,0.4903162576378543,0.03316874707165859,0.06670545410000131,0.006656953838795616
5,1000,CountSketch,10.255948205505424,0.6156956724383981,0.16725827624031217,0.08091535278433575,0.4896060115714903,0.033327311704971815,0.03444095005000207,0.0026140994173630278
5,1000,SIGN Bidirectional,10.450234685172079,0.7411281513139759,0.17295633957310602,0.08622039274779386,0.4894664765747686,0.033485169946866386,0.039978433550001566,0.0028254758379451387
5,1200,Non-random,13.868752983080887,0.9588725214448335,0.1345,0.06848741720775775,0.4834072174434243,0.041053733162540296,0.4361353520000023,0.01340760150342834
5,1200,Random Projection,10.454527083479311,0.8669953648535127,0.134125,0.06867292330123162,0.4839144549479756,0.04097449594408288,0.03255552085000204,0.0034920856957241816
5,1200,Random Sampling,11.869314942209666,0.9138130075156514,0.23162500000000003,0.0920750373336878,0.48368532362538036,0.040916781452791984,0.0707351664999976,0.006294155172037658
5,1200,CountSketch,10.481399930934245,0.9908759254973574,0.1335,0.06811078436905878,0.4838078570435435,0.041006969342143845,0.034537164549999486,0.001624006480624
5,1200,SIGN Bidirectional,10.715789344445412,0.6937997207790518,0.139375,0.07330036888684374,0.4837937433565448,0.04085049824729378,0.04027205184999474,0.0026381234215027065
6,200,Non-random,7.4745561977037696,0.4045554363467261,1.7695838986883765,0.12644962986249633,0.9073493936962853,0.03250351641316971,0.030809474950000037,0.0013468040487201287
6,200,Random Projection,6.988230738598688,0.47492006789192703,1.7863975576662146,0.08060721181055697,0.9025432369053874,0.03470088302752331,0.01539572700000349,0.0012941511415951938
6,200,Random Sampling,9.893890758925496,0.6303170038473344,1.7959294436906377,0.09364295770533174,0.9163882463157735,0.018632276951558637,0.0243264374999967,0.0027663726468672655
6,200,CountSketch,7.018700798215727,0.4324164677529271,1.7977272727272726,0.0966090954783171,0.8998407591803504,0.04578016793339394,0.015950702099999603,0.0012744466846628943
6,200,SIGN Bidirectional,6.908502215926257,0.4028480894389564,1.7893600180913611,0.10069023119291,0.9031977018167788,0.03590199706489489,0.015957624850004494,0.0013102976613973377
6,400,Non-random,10.501520627902767,0.2719879665124668,1.7133542812254519,0.07543875361230219,0.9211795933629396,0.016935851232562447,0.08091046864999782,0.003568387625110879
6,400,Random Projection,9.256837770967758,0.43594907651083875,1.7913056895971269,0.08162060864528851,0.9092437361178348,0.030298291737666842,0.025997366700002543,0.0037799065327290674
6,400,Random Sampling,13.679343552034396,0.5730702092844255,1.7873807653462013,0.06764644015533375,0.9195913041089984,0.012052365157183217,0.045043124949998514,0.004737334135931738
6,400,CountSketch,9.200278316533828,0.271433948213074,1.8083127595107171,0.0590417046828798,0.9122481799778208,0.026454215660024403,0.026420964649997814,0.0026383915294206435
6,400,SIGN Bidirectional,9.238710748334348,0.30888712428899423,1.7801509370441029,0.07128084496563254,0.8937915692074375,0.019973083273734683,0.02692970010000124,0.0037593450094033057
6,600,Non-random,13.018215699473092,0.24905465515565794,1.6477499999999998,0.051336736615369284,0.9266083223332086,0.01308996455443885,0.1827473562499989,0.01257531713106499
6,600,Random Projection,10.677123677255407,0.5435646617167154,1.73125,0.08976394481902902,0.9063104267291268,0.026037301162836517,0.035439710400000025,0.004150718554105535
6,600,Random Sampling,16.471230966230582,0.9163292420868084,1.78025,0.08688278552770183,0.918869178954564,0.011355985644899468,0.07972623340000524,0.008255212576274599
6,600,CountSketch,10.713629943212933,0.461061084417399,1.734,0.07237693729795133,0.9181948409525962,0.025807572627576852,0.038258020749997,0.005141251210444156
6,600,SIGN Bidirectional,10.876553296203493,0.4129574274009932,1.7455000000000003,0.06784075781602554,0.9023354453142692,0.030236085983572056,0.038860241650002084,0.004207134109402329
6,800,Non-random,15.168695237055626,0.3208535801105277,1.5414160401002506,0.05649641417095809,0.923450776148177,0.009714676716976695,0.2706315479499978,0.011914896967376387
6,800,Random Projection,12.040262047142507,0.552728945252139,1.684907493452733,0.060084129319641355,0.926286582148936,0.018254230081611336,0.045685308400001644,0.00736013288504361
6,800,Random Sampling,18.13782274937483,0.8634842744191706,1.7079651375630085,0.05316956894041561,0.9236712090716572,0.007896741909694362,0.09953475620000347,0.009653886611354606
6,800,CountSketch,12.147637627053431,0.4496696971108514,1.6692032046408154,0.0747419086763536,0.9227823666864536,0.017858328042675137,0.04235023540000071,0.007090251996559194
6,800,SIGN Bidirectional,12.245688481136687,0.5616869767303964,1.710094759370336,0.08031128626248345,0.9127209479034345,0.02572267601501978,0.04848248970000242,0.006264835564701941
6,1000,Non-random,16.94094212774254,0.2525802063269983,1.5017770764776752,0.060323450643262166,0.9219279399501655,0.009631154475359461,0.3429207978499946,0.009998006371964976
6,1000,Random Projection,12.84958672486282,0.6226989796199938,1.606578284871698,0.06386552893561119,0.9272107253334175,0.008999853111359679,0.043493610299995565,0.007407500165326846
6,1000,Random Sampling,19.74085602473388,0.7331572272040435,1.6688856521191853,0.02975368890297168,0.9261977530903283,0.007918969693753428,0.10498489789999894,0.0084620704071147
6,1000,CountSketch,12.68226033652696,0.7063926333477327,1.6342899786013558,0.07340638765660151,0.921502747709337,0.014566935071689898,0.04360066459999814,0.004127035582323495
6,1000,SIGN Bidirectional,12.823648391268737,0.45351866561046694,1.674119328909748,0.053735570199190785,0.9235991565348654,0.016447684560365886,0.049644189599993636,0.004449445117367434
6,1200,Non-random,18.526845967366825,0.19616454964634591,1.420625,0.05674200036360334,0.9184660938617333,0.008624694604899223,0.48064314375000095,0.043186743281551636
6,1200,Random Projection,13.920312453029641,0.8294594149467115,1.576625,0.11655491985371214,0.9263084786517769,0.010166175485312666,0.04850213750000876,0.007054093597978351
6,1200,Random Sampling,20.98479796602917,0.7702099066112736,1.6085,0.06017190286784059,0.9271215485030313,0.0069351833498296975,0.12277527499998656,0.02295619688755688
6,1200,CountSketch,13.455061443103228,0.42328638191566414,1.535375,0.06733300492798146,0.9291958685363262,0.006092966260558172,0.0512799856000072,0.006883877783442747
6,1200,SIGN Bidirectional,13.851910684365254,0.4704794158216891,1.63475,0.0834214884597614,0.9253011070172115,0.019600026567472614,0.05501558345000888,0.0050176984552443744
