model,n,method,time_sec_mean,time_sec_std,instance_gen_sec_mean,instance_gen_sec_std,metric_eval_sec_mean,metric_eval_sec_std,rp_draw_omega_sec_mean,rp_draw_omega_sec_std,rp_power_iter_sec_mean,rp_power_iter_sec_std,rp_qr_sec_mean,rp_qr_sec_std,rp_build_core_sec_mean,rp_build_core_sec_std,rp_reconstruct_sec_mean,rp_reconstruct_sec_std,rp_small_eig_sec_mean,rp_small_eig_sec_std,rp_lift_sec_mean,rp_lift_sec_std,rp_kmeans_sec_mean,rp_kmeans_sec_std,algo_total_sec_mean,algo_total_sec_std,algo_step_sum_sec_mean,algo_step_sum_sec_std,algo_other_sec_mean,algo_other_sec_std,pipeline_total_sec_mean,pipeline_total_sec_std,rs_sample_mask_sec_mean,rs_sample_mask_sec_std,rs_build_sampled_matrix_sec_mean,rs_build_sampled_matrix_sec_std,rs_eig_sec_mean,rs_eig_sec_std,rs_reconstruct_sec_mean,rs_reconstruct_sec_std,rs_symmetrize_sec_mean,rs_symmetrize_sec_std,rs_kmeans_sec_mean,rs_kmeans_sec_std,nr_eig_sec_mean,nr_eig_sec_std,nr_kmeans_sec_mean,nr_kmeans_sec_std,nr_copy_sec_mean,nr_copy_sec_std,cs_draw_hash_sec_mean,cs_draw_hash_sec_std,cs_initial_multiply_sec_mean,cs_initial_multiply_sec_std,cs_sparse_explicit_sketch_sec_mean,cs_sparse_explicit_sketch_sec_std,cs_power_iter_sec_mean,cs_power_iter_sec_std,cs_qr_sec_mean,cs_qr_sec_std,cs_build_core_sec_mean,cs_build_core_sec_std,cs_reconstruct_sec_mean,cs_reconstruct_sec_std,cs_small_eig_sec_mean,cs_small_eig_sec_std,cs_lift_sec_mean,cs_lift_sec_std,cs_kmeans_sec_mean,cs_kmeans_sec_std,sign_draw_omega_sec_mean,sign_draw_omega_sec_std,sign_subspace_iter_sec_mean,sign_subspace_iter_sec_std,sign_reconstruct_sec_mean,sign_reconstruct_sec_std,sign_build_core_sec_mean,sign_build_core_sec_std,sign_small_eig_sec_mean,sign_small_eig_sec_std,sign_lift_sec_mean,sign_lift_sec_std,sign_kmeans_sec_mean,sign_kmeans_sec_std
4,200,CountSketch,0.015644993749999992,0.00224303018860605,0.00109014779999983,0.00038451938580763367,0.011117104100000086,0.0013360927917520375,,,,,,,,,,,,,,,,,0.015644993749999992,0.00224303018860605,0.015930291350000503,0.0023691417663506244,0.0,0.0,0.027852245649999906,0.0037779656676433437,,,,,,,,,,,,,,,,,,,6.068945000015091e-05,3.2848007648339184e-05,0.0003129458000000529,0.00017223249548655524,0.0003129458000000529,0.00017223249548655524,0.00034170205000008116,6.961062343486994e-05,0.00030828115000001153,7.44240792360868e-05,0.00010168344999996747,2.3107577846813534e-05,0.0001341707500001066,8.717713451528023e-05,0.000291914550000083,0.00010255582153075046,1.0866649999963229e-05,9.747785391011782e-06,0.014055091700000032,0.0018780088424699998,,,,,,,,,,,,,,
4,200,Non-random,0.03130248960000008,0.0025375725494417743,0.00109014779999983,0.00038451938580763367,0.011752576999999986,0.0016148133783474082,,,,,,,,,,,,,,,,,0.03130248960000008,0.0025375725494417743,0.03129957494999998,0.0025369567193861586,2.914650000107599e-06,1.0449300289650626e-06,0.044145214399999896,0.004258311527389845,,,,,,,,,,,,,0.017276827049999954,0.0015676975740242152,0.01398635210000001,0.001349667939917515,3.639580000001086e-05,5.2641243650950266e-05,,,,,,,,,,,,,,,,,,,,,,,,,,,,,,,,,,
4,200,Random Projection,0.018694756349999973,0.016680978841252105,0.00109014779999983,0.00038451938580763367,0.011531997849999965,0.002065910111932945,3.981659999985343e-05,1.5801700279599787e-05,0.0004498458500001634,0.0002395303936027363,0.0003261457500001175,8.6780029663595e-05,0.00010481674999991419,2.5163206167312686e-05,0.00014971864999988594,0.00011287027366997304,0.0002649540499999992,4.1345050032101574e-05,7.322849999935599e-06,2.633833633324956e-06,0.017346381199999872,0.016293455385588008,0.018694756349999973,0.016680978841252105,0.018689001699999742,0.016677688718639207,5.754650000233674e-06,3.580981551321052e-06,0.03131690199999977,0.01861567667306872,,,,,,,,,,,,,,,,,,,,,,,,,,,,,,,,,,,,,,,,,,,,,,,,,,,,
4,200,Random Sampling,0.02390436245000005,0.003335969860243,0.00109014779999983,0.00038451938580763367,0.011277791699999939,0.0012918781527573866,,,,,,,,,,,,,,,,,0.02390436245000005,0.003335969860243,0.023900201400000175,0.003335813336857534,4.161049999873434e-06,1.9721818662197386e-06,0.03627230194999982,0.004221629435770955,0.00028098945000012423,0.00010907326565181294,0.00029409980000008054,6.821117127880189e-05,0.008859474900000119,0.0015975110653056288,7.532279999999947e-05,5.061427724473934e-05,7.954164999990354e-05,5.145372205478754e-05,0.01431077279999995,0.001988363776611486,,,,,,,,,,,,,,,,,,,,,,,,,,,,,,,,,,,,,,,,
4,200,SIGN Bidirectional,0.016607418750000068,0.0023357230938120623,0.00109014779999983,0.00038451938580763367,0.011441560449999976,0.0015789661007844283,,,,,,,,,,,,,,,,,0.016607418750000068,0.0023357230938120623,0.016601612650000264,0.00233487001524963,5.806099999805525e-06,1.7734897178925276e-06,0.029139126999999876,0.004022522324617648,,,,,,,,,,,,,,,,,,,,,,,,,,,,,,,,,,,,,,,4.033139999994884e-05,6.395189955605725e-06,0.001435212550000009,0.00013124873880914574,0.000418543700000118,0.00013182191748440262,0.0001058104500000434,3.131895357781911e-05,0.00027852090000000105,6.977109051051952e-05,8.952050000066158e-06,8.663823432579785e-06,0.014314241600000078,0.00210919283408889
4,400,CountSketch,0.019513806149999757,0.0022097105851709084,0.002823114600000043,0.00036718204972657526,0.029349920799999873,0.0007802591995016879,,,,,,,,,,,,,,,,,0.019513806149999757,0.0022097105851709084,0.01995978755000003,0.002220269197882563,0.0,0.0,0.051686841549999675,0.0023193528858823156,,,,,,,,,,,,,,,,,,,6.431455000011077e-05,1.6699103854039684e-05,0.00047404990000003976,0.00011572837360235478,0.00047404990000003976,0.00011572837360235478,0.0005499355000000428,3.286836698985777e-05,0.0005322540999999958,8.128206720305884e-05,0.00017737504999981724,1.9803749537248277e-05,0.0002036459499998866,6.631829323512685e-05,0.00026092904999988067,3.300949924756509e-05,1.0823100000223462e-05,5.2197673356533e-06,0.017212410449999993,0.0022134000724756153,,,,,,,,,,,,,,
4,400,Non-random,0.07220161245000019,0.0019736160258557157,0.002823114600000043,0.00036718204972657526,0.031166300050000116,0.0006338516716193253,,,,,,,,,,,,,,,,,0.07220161245000019,0.0019736160258557157,0.07219803980000013,0.001973544065577055,3.5726500000610173e-06,8.490152980730706e-07,0.10619102710000035,0.002175876567980186,,,,,,,,,,,,,0.05521259395000011,0.0012332048059436082,0.0169006041999999,0.0015509117449193407,8.484165000011146e-05,0.00010085413364043769,,,,,,,,,,,,,,,,,,,,,,,,,,,,,,,,,,
4,400,Random Projection,0.02017895635000002,0.004214964752412417,0.002823114600000043,0.00036718204972657526,0.030237075050000062,0.001962141295569431,6.649599999994927e-05,1.6469800430771702e-06,0.0007070644999998433,5.217930794089199e-05,0.0005374269999999903,9.046541511256534e-05,0.00017823329999999693,2.4534600500023644e-05,0.00024225434999998187,0.00023764312582573468,0.00026433119999995646,2.7311433550764943e-05,1.1820850000132666e-05,5.9142260717064385e-06,0.01816593545000007,0.004310443566836207,0.02017895635000002,0.004214964752412417,0.02017356264999992,0.004215121906841131,5.39370000010031e-06,1.1742344915990914e-06,0.053239146000000126,0.004875606245439486,,,,,,,,,,,,,,,,,,,,,,,,,,,,,,,,,,,,,,,,,,,,,,,,,,,,
4,400,Random Sampling,0.030467974950000132,0.0045106858880791904,0.002823114600000043,0.00036718204972657526,0.029619629150000028,0.0011398857047588758,,,,,,,,,,,,,,,,,0.030467974950000132,0.0045106858880791904,0.030463279300000277,0.0045100431562201315,4.695649999852946e-06,1.4477345378383332e-06,0.0629107187000002,0.004923268349301014,0.0007808042500000223,0.00010952495730905431,0.0011567188500001269,0.0002671637933598632,0.01014505199999971,0.002535181370806262,0.0001836041500001162,0.0001115002612767518,0.0002582042000001561,7.324594923057711e-05,0.017938895850000146,0.0021053397708614393,,,,,,,,,,,,,,,,,,,,,,,,,,,,,,,,,,,,,,,,
4,400,SIGN Bidirectional,0.021062845749999903,0.0019825876117543235,0.002823114600000043,0.00036718204972657526,0.02999502929999993,0.001429571695039268,,,,,,,,,,,,,,,,,0.021062845749999903,0.0019825876117543235,0.021057331350000118,0.001982430814697798,5.514399999784203e-06,1.0197531389506333e-06,0.05388098964999988,0.0026696591880612636,,,,,,,,,,,,,,,,,,,,,,,,,,,,,,,,,,,,,,,7.172510000015286e-05,7.428749642676017e-06,0.002600593750000257,0.00019011178576193086,0.000750518699999958,0.000146475326808952,0.00017351460000005758,1.8873813162691798e-05,0.00024732299999974394,2.234805160230524e-05,9.495850000051931e-06,2.542549803235321e-06,0.017204160349999897,0.0019861685945804165
4,600,CountSketch,0.02738727285000033,0.005665443030265826,0.00578949789999994,0.0006073274618258338,0.055903606149999695,0.0013960899642273858,,,,,,,,,,,,,,,,,0.02738727285000033,0.005665443030265826,0.028167468899998306,0.005706934338533045,0.0,0.0,0.08908037689999997,0.006153267726787942,,,,,,,,,,,,,,,,,,,6.995820000037512e-05,1.3001392361116167e-05,0.0008095375499993729,0.00020080892700560007,0.0008095375499993729,0.00020080892700560007,0.0009520728999997452,0.00011679954262240671,0.0007774353999995931,0.0001430880730648751,0.0004940708999995102,0.000798539044498205,0.00044418334999996034,0.0005196844431309474,0.0002880021500001106,3.676805939841608e-05,1.4402150000414337e-05,5.430264424580067e-06,0.02350826874999985,0.005527090708616174,,,,,,,,,,,,,,
4,600,Non-random,0.17129879794999966,0.0028919796480966955,0.00578949789999994,0.0006073274618258338,0.05928197085000031,0.0019746290073339927,,,,,,,,,,,,,,,,,0.17129879794999966,0.0028919796480966955,0.17129537085000185,0.002891887520000973,3.427099997832528e-06,5.710441864873435e-07,0.23637026669999991,0.004621306288672039,,,,,,,,,,,,,0.1445301126500005,0.002196864911498348,0.026628881150000793,0.0022701487932190456,0.0001363770500005579,0.00013986502739537742,,,,,,,,,,,,,,,,,,,,,,,,,,,,,,,,,,
4,600,Random Projection,0.024647081249999835,0.002645169724308169,0.00578949789999994,0.0006073274618258338,0.05579951045000033,0.0014395395724751939,9.721660000021615e-05,1.9672850216811767e-06,0.0011749563500000448,0.00010113247095992822,0.0007801937500000022,0.0001202133160262089,0.00029605214999977035,3.929115082223216e-05,0.00033354154999996053,4.354721906367511e-05,0.00028726039999993347,3.915186203487799e-05,1.625420000017641e-05,7.118285013702284e-06,0.021655345899999824,0.0025354930095401115,0.024647081249999835,0.002645169724308169,0.024640820899999926,0.0026440042020803843,6.260349999909209e-06,1.8165615649013246e-06,0.08623608960000011,0.00353780257138977,,,,,,,,,,,,,,,,,,,,,,,,,,,,,,,,,,,,,,,,,,,,,,,,,,,,
4,600,Random Sampling,0.05288649365000033,0.006203065076883292,0.00578949789999994,0.0006073274618258338,0.07324274179999968,0.0011481177489395021,,,,,,,,,,,,,,,,,0.05288649365000033,0.006203065076883292,0.052880858149998565,0.0062028489731792355,5.635500001766047e-06,1.1449684199387303e-06,0.13191873334999996,0.006427979904645052,0.001584435349999591,0.00019184413025527221,0.0025532354499998356,0.00040987275134904833,0.01653673125000017,0.0030011917069746696,0.0003198873999997076,7.27792428250768e-05,0.0006884041499996662,0.0003416967455231866,0.031198164549999595,0.004148163180366535,,,,,,,,,,,,,,,,,,,,,,,,,,,,,,,,,,,,,,,,
4,600,SIGN Bidirectional,0.02773623119999975,0.003773139619763488,0.00578949789999994,0.0006073274618258338,0.056235429250000205,0.0014785107061261599,,,,,,,,,,,,,,,,,0.02773623119999975,0.003773139619763488,0.02772963545000042,0.0037730264570614517,6.595749999327438e-06,1.3894058144490743e-06,0.0897611583499999,0.004430532277986309,,,,,,,,,,,,,,,,,,,,,,,,,,,,,,,,,,,,,,,0.00010885404999987358,1.6505695458584186e-05,0.003950231449999997,0.00024367364514319678,0.0012711750499994957,0.00011871623209340208,0.00029234800000006446,2.7206813670512356e-05,0.00025801240000040694,1.8999533327534888e-05,1.3791750000269332e-05,5.795424954566914e-06,0.021835222750000317,0.003716739853236197
4,800,CountSketch,0.03053423540000022,0.0028915439467958604,0.010296768649999066,0.000873488248347737,0.10164604790000134,0.010495936055595406,,,,,,,,,,,,,,,,,0.03053423540000022,0.0028915439467958604,0.03179565854999815,0.0029736976787168748,0.0,0.0,0.14247705195000063,0.012218626821620365,,,,,,,,,,,,,,,,,,,7.607714999959824e-05,1.5632653172363444e-05,0.0012941479500000242,0.0002508048411565107,0.0012941479500000242,0.0002508048411565107,0.0018695895499993398,0.00035378097672072523,0.0012963709500001031,0.00020150112933580913,0.0006366354000000741,0.00022185024310347835,0.0006249999499994274,0.00016655250237796655,0.0003284458999990747,8.956563273245046e-05,2.0495850000479266e-05,7.513357272313039e-06,0.024354747900000008,0.0022757613706406218,,,,,,,,,,,,,,
4,800,Non-random,0.2548864125499991,0.00634483944049155,0.010296768649999066,0.000873488248347737,0.10830179584999992,0.009890533597375715,,,,,,,,,,,,,,,,,0.2548864125499991,0.00634483944049155,0.25488230209999807,0.006344525339789234,4.110450000993637e-06,7.994100102152252e-07,0.37348497704999806,0.01260467217018872,,,,,,,,,,,,,0.23049476669999985,0.005048069545066725,0.024146843649999104,0.0020685691551618757,0.00024069174999912234,6.669809711071094e-05,,,,,,,,,,,,,,,,,,,,,,,,,,,,,,,,,,
4,800,Random Projection,0.028826860550000256,0.0045127269491915725,0.010296768649999066,0.000873488248347737,0.09776039585000067,0.009663226414789079,0.0001292687500002998,3.199392638873704e-06,0.0025869332999997495,0.002402518986940973,0.0012116937499994762,0.0001524341618231098,0.0005331249999992238,0.00013821783030377414,0.0006232812000002141,0.00022748623280685,0.0003527563500007602,0.00018433526096553,1.9395850000236693e-05,5.804503843959188e-06,0.023362281349999847,0.0028879655704732994,0.028826860550000256,0.0045127269491915725,0.028818735549999808,0.004511287729393237,8.125000000447358e-06,1.989563003915819e-06,0.13688402505,0.011874977663836593,,,,,,,,,,,,,,,,,,,,,,,,,,,,,,,,,,,,,,,,,,,,,,,,,,,,
4,800,Random Sampling,0.06194344789999988,0.005394686338730423,0.010296768649999066,0.000873488248347737,0.12118249794999976,0.01000843427345166,,,,,,,,,,,,,,,,,0.06194344789999988,0.005394686338730423,0.061936754400000814,0.005394238116606154,6.693499999066432e-06,1.3552122200138547e-06,0.1934227144999987,0.01365632374474952,0.0026441354499993964,0.0001604798493210467,0.004586574899999363,0.0006925661915325903,0.022194827050000043,0.0038273871531828577,0.0004781418000005644,9.211748437885255e-05,0.001345914650000246,0.0002590684503427712,0.030687160550001202,0.0024931513806249277,,,,,,,,,,,,,,,,,,,,,,,,,,,,,,,,,,,,,,,,
4,800,SIGN Bidirectional,0.035009774949999614,0.00389087583389717,0.010296768649999066,0.000873488248347737,0.10059747295000002,0.011283219512840186,,,,,,,,,,,,,,,,,0.035009774949999614,0.00389087583389717,0.03500101460000256,0.0038899279861399345,8.760349997061212e-06,2.068825607098754e-06,0.14590401654999868,0.013279763598990467,,,,,,,,,,,,,,,,,,,,,,,,,,,,,,,,,,,,,,,0.0001402042500014744,2.1588475175103435e-05,0.006557391550000702,0.0008878673557361614,0.0026944083000000063,0.0005061034193266452,0.0006393814000002606,0.00014568431029566084,0.00031684165000012143,5.9260674407104155e-05,2.0375050000254192e-05,7.021209421120099e-06,0.024632412399999738,0.0031527337309583165
4,1000,CountSketch,0.032673093999999736,0.0028311930319520283,0.01613909784999983,0.0015374610425074686,0.16367236245000072,0.0127603674143616,,,,,,,,,,,,,,,,,0.032673093999999736,0.0028311930319520283,0.034546206349999053,0.0031964723444116807,0.0,0.0,0.2124845543000003,0.01367187125666813,,,,,,,,,,,,,,,,,,,8.941665000001819e-05,2.1105801290663205e-05,0.0019129729499994142,0.0006640804509139078,0.0019129729499994142,0.0006640804509139078,0.0026522271499999305,0.00036401560825638247,0.0017009167500017242,0.000247856364372497,0.0009155666999998147,0.00017973295022751532,0.000924229099999252,0.00019074475627060074,0.000353264549999821,8.494454312376396e-05,2.506660000030081e-05,6.798324045356725e-06,0.024059572949999365,0.002276735185871189,,,,,,,,,,,,,,
4,1000,Non-random,0.3235765123499995,0.008611592021041805,0.01613909784999983,0.0015374610425074686,0.17567174579999972,0.010012169638395513,,,,,,,,,,,,,,,,,0.3235765123499995,0.008611592021041805,0.32357235419999847,0.008611594573992042,4.158150001032368e-06,7.04480270660926e-07,0.5153873559999991,0.014109109118967627,,,,,,,,,,,,,0.29932631259999953,0.009303782312960363,0.023891235299999636,0.002072006404439927,0.0003548062999993107,9.784931987362621e-05,,,,,,,,,,,,,,,,,,,,,,,,,,,,,,,,,,
4,1000,Random Projection,0.031538008199999724,0.00453994918083618,0.01613909784999983,0.0015374610425074686,0.1600064979999992,0.015522116207117439,0.0001599292500010563,4.0440487778560996e-06,0.0035198145000009617,0.0007056132769154772,0.0016993000499997634,0.00021327886040691917,0.0008781248999998326,0.0001705774860490583,0.0009336959000005862,0.0001893613582145829,0.00030268959999943943,0.00010576797597259618,2.5695949999970936e-05,8.125741058962114e-06,0.024009237400001028,0.004052202220634714,0.031538008199999724,0.00453994918083618,0.031528487550002635,0.004539488006339303,9.520649997085683e-06,1.5729877363167293e-06,0.20768360404999875,0.01831209365146731,,,,,,,,,,,,,,,,,,,,,,,,,,,,,,,,,,,,,,,,,,,,,,,,,,,,
4,1000,Random Sampling,0.06940267694999847,0.007044599462658054,0.01613909784999983,0.0015374610425074686,0.1897400897499999,0.01915680859027381,,,,,,,,,,,,,,,,,0.06940267694999847,0.007044599462658054,0.06939445009999971,0.007043497105313019,8.226849998749231e-06,2.42765514503606e-06,0.2752818645499982,0.024470083479066585,0.004030739649999759,0.00017357459224674892,0.00733968764999986,0.001590664067268881,0.024710477000001063,0.004386675231593953,0.0010248354000008675,0.0013352800649216953,0.0017980415999986122,0.00021098010788127787,0.030490668799999555,0.0024300818958238922,,,,,,,,,,,,,,,,,,,,,,,,,,,,,,,,,,,,,,,,
4,1000,SIGN Bidirectional,0.03825504365000043,0.0024782563792009695,0.01613909784999983,0.0015374610425074686,0.16180148974999858,0.01641387241791797,,,,,,,,,,,,,,,,,0.03825504365000043,0.0024782563792009695,0.03824564160000073,0.0024782576221538954,9.402049999707173e-06,1.618802303651903e-06,0.21619563124999885,0.018006652415986854,,,,,,,,,,,,,,,,,,,,,,,,,,,,,,,,,,,,,,,0.0001724665999979891,2.605252633618954e-05,0.009615622950000003,0.0011131714805503977,0.003974735350000813,0.0007657363806195741,0.0009181437500011214,0.0001576697797052665,0.000318318899999781,5.4764167911814525e-05,2.2397899999404557e-05,6.4592451566649605e-06,0.023223956150001612,0.0018659906845406578
4,1200,CountSketch,0.035498083349999376,0.0036062145545929466,0.021788716699996512,0.001309289527583173,0.20666668325000045,0.021596457644312866,,,,,,,,,,,,,,,,,0.035498083349999376,0.0036062145545929466,0.03804350179999929,0.0036187494398133625,0.0,0.0,0.26395348329999635,0.022279949020490807,,,,,,,,,,,,,,,,,,,8.807489999966834e-05,1.8110402446477542e-05,0.0025832791499993844,0.0002052183658019197,0.0025832791499993844,0.0002052183658019197,0.002981466649998765,0.00026346181534933215,0.001706524950001409,0.00017921325715324217,0.0010032146000000352,0.00017741900185490688,0.001103922849998895,0.0002045264111824214,0.00019782485000021665,6.405427040481302e-05,2.7056400000446956e-05,8.762925227915958e-06,0.025768858300001085,0.0032902647755401796,,,,,,,,,,,,,,
4,1200,Non-random,0.4476277936999978,0.011527442885003843,0.021788716699996512,0.001309289527583173,0.23085665009999942,0.019640039612785435,,,,,,,,,,,,,,,,,0.4476277936999978,0.011527442885003843,0.44762378334999725,0.011527593554428978,4.010350000527296e-06,6.431552357641404e-07,0.7002731604999937,0.019424127098954854,,,,,,,,,,,,,0.42013092084999715,0.011482247991338786,0.027008977050000736,0.003209812367198943,0.0004838854499993772,0.00013096306606340683,,,,,,,,,,,,,,,,,,,,,,,,,,,,,,,,,,
4,1200,Random Projection,0.03145011040000014,0.002869984549204821,0.021788716699996512,0.001309289527583173,0.2028904645499999,0.019164894197562215,0.00019031059999790044,4.449134634165944e-06,0.0036347959499998693,0.0003134329139850826,0.001671502049996576,0.00020103145365829141,0.0009156666499983146,0.00016382614533692625,0.001034273000002628,0.00013276128471358218,0.00020590214999884892,6.700318531420846e-05,2.8964450000046326e-05,8.698381299773628e-06,0.023759143750000787,0.0027862557157239034,0.03145011040000014,0.002869984549204821,0.03144055859999497,0.0028698826873810156,9.551800005169753e-06,2.1117936932206412e-06,0.25612929164999654,0.021558498220860575,,,,,,,,,,,,,,,,,,,,,,,,,,,,,,,,,,,,,,,,,,,,,,,,,,,,
4,1200,Random Sampling,0.07572612294999956,0.007876741296489808,0.021788716699996512,0.001309289527583173,0.23302431039999832,0.017094512262325775,,,,,,,,,,,,,,,,,0.07572612294999956,0.007876741296489808,0.07571694759999872,0.007875968137816549,9.175350000845129e-06,1.7379163627164393e-06,0.3305391500499944,0.02099378668797261,0.005679956149997878,0.00015467924811660003,0.009428195799999628,6.787845996799712e-05,0.025391504049999725,0.005492114571818482,0.000817139649999632,0.00017844102997998038,0.0026349895000009837,0.00030106776697777325,0.03176516245000087,0.0029369392146744813,,,,,,,,,,,,,,,,,,,,,,,,,,,,,,,,,,,,,,,,
4,1200,SIGN Bidirectional,0.04017376669999919,0.0021513014278240314,0.021788716699996512,0.001309289527583173,0.20090774794999716,0.01904886540811131,,,,,,,,,,,,,,,,,0.04017376669999919,0.0021513014278240314,0.040163641449998976,0.002151201385028175,1.0125250000214692e-05,1.387397785160602e-06,0.2628702313499929,0.02000128390415342,,,,,,,,,,,,,,,,,,,,,,,,,,,,,,,,,,,,,,,0.0002009435999980269,2.486848869466971e-05,0.010020514600000752,0.0005760923709872572,0.004613939549999202,0.00025260953570608544,0.000899043799999788,6.811918640253841e-05,0.00017348949999984598,5.1669330309261465e-05,2.9062499999810144e-05,1.0606009866158046e-05,0.024226647900001553,0.002286329298192574
5,200,CountSketch,0.014243764600002606,0.0010944168896317185,0.0009128769999989572,6.009125897000832e-05,0.010592458400000027,0.0003964192840980977,,,,,,,,,,,,,,,,,0.014243764600002606,0.0010944168896317185,0.014494016399995502,0.0010968962782752108,0.0,0.0,0.02574910000000159,0.00125598069877409,,,,,,,,,,,,,,,,,,,5.48207000001355e-05,1.5978047539779447e-05,0.00027547704999904,5.007696664400219e-05,0.00027547704999904,5.007696664400219e-05,0.00029123114999976,2.726614865303214e-05,0.0002820354499988298,4.468760432708486e-05,9.184379999922498e-05,1.4472118573594492e-05,0.00010325209999919593,9.251702418607091e-06,0.00025729995000247643,3.7546643112688696e-05,8.508299998055691e-06,5.105065204579759e-06,0.012854070849999743,0.001072301438810545,,,,,,,,,,,,,,
5,200,Non-random,0.027440214500000337,0.0018089892329512416,0.0009128769999989572,6.009125897000832e-05,0.010964885399999246,0.000563547882326755,,,,,,,,,,,,,,,,,0.027440214500000337,0.0018089892329512416,0.027437791550001832,0.0018085244796688384,2.422949998504009e-06,9.5867421875659e-07,0.03931797689999854,0.0020019302602085967,,,,,,,,,,,,,0.014391579150000666,0.000536362125996976,0.013030945750001166,0.0016474886692821465,1.5266650000000936e-05,3.3438698723531715e-06,,,,,,,,,,,,,,,,,,,,,,,,,,,,,,,,,,
5,200,Random Projection,0.014225483299999554,0.00116962761410416,0.0009128769999989572,6.009125897000832e-05,0.010552995850000002,0.0005281039174507688,3.534364999993045e-05,1.7596380385007724e-06,0.0003591270500002963,5.564571830722434e-05,0.00027433340000158066,4.085718592779853e-05,8.787514999966106e-05,1.3587637950910869e-05,9.864174999805187e-05,6.7231391149558185e-06,0.00024898954999912347,3.240576028585177e-05,7.998000000242201e-06,4.724134062764606e-06,0.013108895700001,0.001131501340285698,0.014225483299999554,0.00116962761410416,0.014221204249999887,0.0011691571919005056,4.279049999666995e-06,1.2691661742211836e-06,0.025691356149998512,0.0012522694593091325,,,,,,,,,,,,,,,,,,,,,,,,,,,,,,,,,,,,,,,,,,,,,,,,,,,,
5,200,Random Sampling,0.021169435399998094,0.0017265861233311999,0.0009128769999989572,6.009125897000832e-05,0.010388185299998298,0.0002605512614334103,,,,,,,,,,,,,,,,,0.021169435399998094,0.0017265861233311999,0.021166224850004058,0.0017264676899979051,3.210549994037137e-06,6.044263528358476e-07,0.03247049769999535,0.0017341915055254264,0.0002471458000002258,3.980071448617676e-05,0.000269062449999069,2.334779815173357e-05,0.007793925050000183,0.0012574633010646783,5.4585250000371845e-05,1.4132348574597864e-05,5.448755000188043e-05,8.666109079703547e-06,0.012747018750002326,0.0009201946897256327,,,,,,,,,,,,,,,,,,,,,,,,,,,,,,,,,,,,,,,,
5,200,SIGN Bidirectional,0.015569324949998986,0.0012052067784256726,0.0009128769999989572,6.009125897000832e-05,0.010589487400002184,0.00033390349838787424,,,,,,,,,,,,,,,,,0.015569324949998986,0.0012052067784256726,0.015564091499998512,0.0012052419356069148,5.233450000474704e-06,1.6968221837126523e-06,0.02707168935000013,0.0012172979889833607,,,,,,,,,,,,,,,,,,,,,,,,,,,,,,,,,,,,,,,4.133325000026389e-05,8.005914307953074e-06,0.0013566666000009776,8.548071741509879e-05,0.00040561859999925786,0.00010436140527434657,9.557930000028136e-05,1.7357813868732235e-05,0.00024371864999821468,2.5478625543818014e-05,6.372899999007586e-06,1.8742115242343643e-06,0.01341480220000051,0.0011630946988069966
5,400,CountSketch,0.02117747294999859,0.003131606285837218,0.002636097750001909,0.00014027219519886948,0.02958906669999948,0.0006481806312546652,,,,,,,,,,,,,,,,,0.02117747294999859,0.003131606285837218,0.021591649749996833,0.003132846575943967,0.0,0.0,0.05340263739999997,0.0032467451880623904,,,,,,,,,,,,,,,,,,,5.961034999799608e-05,1.1395437561677389e-05,0.00044031035000031694,6.1027792442886264e-05,0.00044031035000031694,6.1027792442886264e-05,0.000583502049999396,5.483108437346075e-05,0.0005216936499991221,7.649036425202906e-05,0.00018041454999888628,4.043954855017299e-05,0.0001793249500003924,2.028699077843043e-05,0.00025919780000123184,1.794025227472481e-05,1.0321050000072774e-05,5.063262580096153e-06,0.0189169646499991,0.003123527783146247,,,,,,,,,,,,,,
5,400,Non-random,0.06962467079999897,0.005201355172202142,0.002636097750001909,0.00014027219519886948,0.031044160500000827,0.0005298702708205545,,,,,,,,,,,,,,,,,0.06962467079999897,0.005201355172202142,0.06962113974999654,0.005201109129810701,3.5310500024365867e-06,8.342290156431376e-07,0.1033049290500017,0.005259633372603796,,,,,,,,,,,,,0.052540493850001015,0.0042554431794032625,0.017025768949998365,0.0017176339519997127,5.487694999715131e-05,1.2611200460753565e-05,,,,,,,,,,,,,,,,,,,,,,,,,,,,,,,,,,
5,400,Random Projection,0.01928983319999844,0.001664741744618245,0.002636097750001909,0.00014027219519886948,0.030169706249998283,0.001345622006921339,6.580840000012245e-05,1.2699855523993663e-06,0.0006994228499998201,4.991315894376504e-05,0.0004998167500005479,4.565442439074068e-05,0.00017244370000071285,2.839194351881647e-05,0.00017535410000135698,2.138945748081894e-05,0.00026711664999936604,4.340801974692416e-05,1.1806349999687881e-05,6.260494971166616e-06,0.01739301685000072,0.0016295975717095963,0.01928983319999844,0.001664741744618245,0.019284785650002335,0.001664550726515478,5.047549996106681e-06,9.189162555025783e-07,0.052095637199998636,0.0024560170521331923,,,,,,,,,,,,,,,,,,,,,,,,,,,,,,,,,,,,,,,,,,,,,,,,,,,,
5,400,Random Sampling,0.03147954785000025,0.005510668008707056,0.002636097750001909,0.00014027219519886948,0.029925018849999672,0.0007750584649241943,,,,,,,,,,,,,,,,,0.03147954785000025,0.005510668008707056,0.03147494579999659,0.0055103339196467035,4.602050003654767e-06,1.0764260309881408e-06,0.06404066445000182,0.005593160938950489,0.000749408250001693,7.78147855290287e-05,0.001022445899997848,6.871895947654057e-05,0.011314239649998826,0.0030613113517413207,0.00016272089999986862,1.5085653033720746e-05,0.00022929990000051249,4.148831925892462e-05,0.017996831199997843,0.003076190240916072,,,,,,,,,,,,,,,,,,,,,,,,,,,,,,,,,,,,,,,,
5,400,SIGN Bidirectional,0.022735845900000128,0.003633826654782779,0.002636097750001909,0.00014027219519886948,0.030165566549997892,0.0011875438466154788,,,,,,,,,,,,,,,,,0.022735845900000128,0.003633826654782779,0.022729899849995405,0.003633827964274594,5.946050004723702e-06,1.3307808821742778e-06,0.05553751019999993,0.004367885549346978,,,,,,,,,,,,,,,,,,,,,,,,,,,,,,,,,,,,,,,7.034179999863e-05,2.1236676209586083e-06,0.002578229199998816,0.00017980772530708073,0.0007020854500005668,5.3734336375241196e-05,0.0001745164499986629,3.262849578649136e-05,0.00026185000000111813,3.218664871151365e-05,1.2326899997816555e-05,7.0470955189402e-06,0.018930550049999793,0.003677782232913922
5,600,CountSketch,0.02562397504999936,0.003517684511937388,0.005527983349999488,0.00015110315079597204,0.05728097494999744,0.0039009619088351366,,,,,,,,,,,,,,,,,0.02562397504999936,0.003517684511937388,0.02633511875000636,0.003523496048901971,0.0,0.0,0.08843293334999629,0.007137609540705699,,,,,,,,,,,,,,,,,,,6.906040000203007e-05,1.5186307694779917e-05,0.0007394229500008009,0.0001380658529780398,0.0007394229500008009,0.0001380658529780398,0.0009629499499993699,0.00011479564700186266,0.0007326541999987058,7.611439251929506e-05,0.0003241314500016301,7.307992210966499e-05,0.0003213167000012618,5.934511110268221e-05,0.0002798852500006888,3.9458605705029516e-05,1.276030000241235e-05,3.796399542777153e-06,0.022153514599998658,0.003275594300234869,,,,,,,,,,,,,,
5,600,Non-random,0.17113048750000104,0.00773869338246648,0.005527983349999488,0.00015110315079597204,0.059985964549999694,0.003846076188338793,,,,,,,,,,,,,,,,,0.17113048750000104,0.00773869338246648,0.17112689169999698,0.0077383467008777015,3.595800004063676e-06,9.769898200304005e-07,0.2366444354000002,0.011221148629210793,,,,,,,,,,,,,0.14220488539999893,0.004145836274334015,0.02880033539999971,0.007039095883752097,0.00012167089999834957,3.072635938723355e-05,,,,,,,,,,,,,,,,,,,,,,,,,,,,,,,,,,
5,600,Random Projection,0.02488423530000077,0.0037158949317752147,0.005527983349999488,0.00015110315079597204,0.05836845205000074,0.007554316696169093,9.76521500028582e-05,2.5572402940876045e-06,0.001217689550001211,0.00017178111270800596,0.0007813458500002923,0.00012993588199843584,0.0002985728000012955,4.072177316429149e-05,0.00032598335000102454,2.9550195166761865e-05,0.0002803624999998533,4.1074334777890434e-05,1.2910449999026242e-05,3.252479887252568e-06,0.02186356449999991,0.0034495683693322216,0.02488423530000077,0.0037158949317752147,0.02487808115000547,0.003714392805189593,6.15414999529662e-06,1.7646425945559074e-06,0.088780670700001,0.011136060348519947,,,,,,,,,,,,,,,,,,,,,,,,,,,,,,,,,,,,,,,,,,,,,,,,,,,,
5,600,Random Sampling,0.05266725404999946,0.006574563515840742,0.005527983349999488,0.00015110315079597204,0.0738920956500003,0.0013807671808644872,,,,,,,,,,,,,,,,,0.05266725404999946,0.006574563515840742,0.05266179129999884,0.0065747934338803125,5.462750000617689e-06,1.0761988583333524e-06,0.13208733304999926,0.00666558130880061,0.0015090498999988712,8.61189858811977e-06,0.002306885349999277,3.9768884556547654e-05,0.016792793749998935,0.0027046291190650188,0.0002990874000005306,3.7648674288215496e-05,0.0005610394499989014,9.038059647015603e-05,0.031192935450002325,0.005383520495210684,,,,,,,,,,,,,,,,,,,,,,,,,,,,,,,,,,,,,,,,
5,600,SIGN Bidirectional,0.027816760250001238,0.003011557768152746,0.005527983349999488,0.00015110315079597204,0.05734973749999952,0.0028303199325946282,,,,,,,,,,,,,,,,,0.027816760250001238,0.003011557768152746,0.0278096293000047,0.0030102464469202533,7.130949996536629e-06,1.931724795261493e-06,0.09069448110000025,0.005497902649243721,,,,,,,,,,,,,,,,,,,,,,,,,,,,,,,,,,,,,,,0.0001087834500019369,1.7941504959681175e-05,0.0038337562500011303,0.000253687335345531,0.001310020700001502,0.00015647123309724586,0.0003162042000006693,6.117296029243501e-05,0.00027042499999936355,5.341779094149678e-05,1.5402150000198846e-05,6.523802000493078e-06,0.0219550375499999,0.002724365867424607
5,800,CountSketch,0.030111610450003923,0.0031630476720738545,0.009904631300002364,0.00020753970449866803,0.09960776460000317,0.010318880100923612,,,,,,,,,,,,,,,,,0.030111610450003923,0.0031630476720738545,0.03132234824999358,0.0031784677591028673,0.0,0.0,0.13962400635000946,0.011873489005756802,,,,,,,,,,,,,,,,,,,7.501874999533697e-05,1.4960249745946633e-05,0.0012429834500004232,0.0001708356109425263,0.0012429834500004232,0.0001708356109425263,0.0018130584000033423,0.0004671750126221452,0.0012008605000005446,0.00015937474406580292,0.00056445834999721,0.00012952470586711904,0.0005882061500017243,0.00010466940966071885,0.0003406000499992956,6.625017169914867e-05,2.148334999958479e-05,7.209342085813223e-06,0.024232695799995697,0.0029989216237943125,,,,,,,,,,,,,,
5,800,Non-random,0.25301266039999815,0.005220799283374118,0.009904631300002364,0.00020753970449866803,0.1056148394499985,0.01074719304661101,,,,,,,,,,,,,,,,,0.25301266039999815,0.005220799283374118,0.2530087854499989,0.005220620810228686,3.874949999271848e-06,7.068319661438686e-07,0.36853213114999905,0.010804594366149035,,,,,,,,,,,,,0.22679887089999867,0.0032738817423671675,0.026006620849999253,0.003276142861259098,0.00020329370000098378,4.498868528095213e-05,,,,,,,,,,,,,,,,,,,,,,,,,,,,,,,,,,
5,800,Random Projection,0.029809045850002748,0.005008631060638656,0.009904631300002364,0.00020753970449866803,0.09790565840000057,0.010485326570503748,0.00012762924999947244,1.8507257415211248e-06,0.0021511021500003834,0.000577966570287831,0.0012312979000000724,0.00020439908479162779,0.0005553958999996667,0.00014612264368852907,0.0006021457500018812,0.00014558608104164,0.00032650225000097066,5.391949278073655e-05,2.0500150002078497e-05,7.076404467656391e-06,0.024786087500003617,0.00432387185428413,0.029809045850002748,0.005008631060638656,0.029800660850008143,0.005007054131199539,8.384999994603958e-06,2.2850725221066038e-06,0.13761933555000566,0.013919183793993544,,,,,,,,,,,,,,,,,,,,,,,,,,,,,,,,,,,,,,,,,,,,,,,,,,,,
5,800,Random Sampling,0.06168463125000016,0.008063643314581285,0.009904631300002364,0.00020753970449866803,0.12178913545000185,0.009350663109714023,,,,,,,,,,,,,,,,,0.06168463125000016,0.008063643314581285,0.06167831255000138,0.008064101803848997,6.318699998786315e-06,1.1988492482973081e-06,0.1933783980000044,0.014903668069041398,0.002621558249999367,0.000123176750120694,0.004268633499999197,3.5684392299862455e-05,0.02203729590000094,0.005702622734414757,0.0004656374500022764,8.767435163376667e-05,0.0012766958000000272,0.00025298308838518527,0.03100849164999957,0.0028930850758836137,,,,,,,,,,,,,,,,,,,,,,,,,,,,,,,,,,,,,,,,
5,800,SIGN Bidirectional,0.035039254099999084,0.0036124216299652377,0.009904631300002364,0.00020753970449866803,0.09974944779999788,0.011106403015009784,,,,,,,,,,,,,,,,,0.035039254099999084,0.0036124216299652377,0.03502987480000783,0.0036108075395161975,9.37929999125231e-06,3.8091269388558457e-06,0.14469333319999933,0.012826569010950193,,,,,,,,,,,,,,,,,,,,,,,,,,,,,,,,,,,,,,,0.00014076669999951719,2.247228138260223e-05,0.006466493700001763,0.0006592312481050781,0.0026396936499978097,0.0004593376363993805,0.000584935350003235,0.00013866835846622154,0.0002976230999991003,6.029376299779043e-05,1.9587400003473477e-05,1.1805101191930108e-05,0.024880774900002935,0.003373956044050124
5,1000,CountSketch,0.03444095005000207,0.0026140994173630278,0.015221529099999031,0.0006319010344706505,0.1590296125000009,0.016567050118908036,,,,,,,,,,,,,,,,,0.03444095005000207,0.0026140994173630278,0.0361598707500093,0.0027315624859926726,0.0,0.0,0.208692091650002,0.018330567319971836,,,,,,,,,,,,,,,,,,,8.327080000469778e-05,1.8254172339796488e-05,0.0017566500500024063,0.0002732682322824179,0.0017566500500024063,0.0002732682322824179,0.002779618750000168,0.0003665726385434319,0.0017450458499979505,0.00023662268878639508,0.0009084020499997792,0.00016251404458458965,0.0012545061500006227,0.001313793189483136,0.00034097705000277754,8.59545696546357e-05,2.6502149999885205e-05,7.96138673327976e-06,0.02550824784999861,0.0019964507908664655,,,,,,,,,,,,,,
5,1000,Non-random,0.32384052080000175,0.00921274014491954,0.015221529099999031,0.0006319010344706505,0.17032958734999823,0.015126914404901451,,,,,,,,,,,,,,,,,0.32384052080000175,0.00921274014491954,0.3238361603000001,0.009212515583694273,4.360500001610035e-06,9.79667965677185e-07,0.509391637249999,0.017213244506377373,,,,,,,,,,,,,0.29730470825000027,0.008875615698952623,0.0261374270999994,0.0018975366347758391,0.0003940249500004711,0.0001110686942849073,,,,,,,,,,,,,,,,,,,,,,,,,,,,,,,,,,
5,1000,Random Projection,0.031864277100007145,0.0036086146541848903,0.015221529099999031,0.0006319010344706505,0.15485445205000162,0.02029297742298873,0.00016454375000165555,2.1113831778813184e-05,0.003235895700004221,0.0006691956823555716,0.0016610646499970016,0.00024925996640198686,0.0008808667999986141,0.00026798765100657,0.0009157145499997909,0.00022216007899290355,0.00033093524999685544,8.417243569241717e-05,2.653534999836893e-05,8.578471874749522e-06,0.024638314599998525,0.003090414395351014,0.031864277100007145,0.0036086146541848903,0.03185387064999503,0.003607479791470232,1.0406450012112601e-05,3.579825368959634e-06,0.20194025825000778,0.022292414717167787,,,,,,,,,,,,,,,,,,,,,,,,,,,,,,,,,,,,,,,,,,,,,,,,,,,,
5,1000,Random Sampling,0.06670545410000131,0.006656953838795616,0.015221529099999031,0.0006319010344706505,0.1825564166000035,0.019405010585412982,,,,,,,,,,,,,,,,,0.06670545410000131,0.006656953838795616,0.06669764585000734,0.006656669612610362,7.808249993956905e-06,1.0797760032358876e-06,0.26448339980000385,0.021689611845091734,0.0039249999500015065,0.00013993111526366714,0.006538491550000458,4.9330847343605916e-05,0.022597783350001066,0.004194296002573162,0.0006300750000022504,0.000121845682167755,0.00189124389999904,0.0002831148881650906,0.031115052100003027,0.0032679446410237767,,,,,,,,,,,,,,,,,,,,,,,,,,,,,,,,,,,,,,,,
5,1000,SIGN Bidirectional,0.039978433550001566,0.0028254758379451387,0.015221529099999031,0.0006319010344706505,0.15337489370000554,0.017694493201553,,,,,,,,,,,,,,,,,0.039978433550001566,0.0028254758379451387,0.03996841674998421,0.002824983175719006,1.0016800017353944e-05,1.8368414022662915e-06,0.20857485635000614,0.018907328156207912,,,,,,,,,,,,,,,,,,,,,,,,,,,,,,,,,,,,,,,0.000183689499999673,3.711000905727844e-05,0.00947064969999616,0.0009062366793415115,0.003860183400000494,0.0005065752725000492,0.0009477353999969296,0.0001763993015125473,0.0003360210499948835,7.304360401940136e-05,2.59458999963158e-05,7.760482607192126e-06,0.02514419179999976,0.0021290589908369312
5,1200,CountSketch,0.034537164549999486,0.001624006480624,0.021504252149998137,0.00021253559536540476,0.20784787285000023,0.021197893958486952,,,,,,,,,,,,,,,,,0.034537164549999486,0.001624006480624,0.03704207295000117,0.0016775818643209883,0.0,0.0,0.26388928954999785,0.02184776016967303,,,,,,,,,,,,,,,,,,,8.069590000161497e-05,9.266664598225497e-06,0.0025402062999987153,0.00014867171653067937,0.0025402062999987153,0.00014867171653067937,0.0029721330999990412,0.0002335642179620008,0.0016655478499998822,0.00022235026460031435,0.0009028104499975598,0.00010165071869275278,0.001007125000002418,0.0001267695543947884,0.00018963950000028262,4.428168930335214e-05,3.087725000341379e-05,9.073283182805396e-06,0.025112831299999527,0.0015365517618380281,,,,,,,,,,,,,,
5,1200,Non-random,0.4361353520000023,0.01340760150342834,0.021504252149998137,0.00021253559536540476,0.2224530709000007,0.02004962925534098,,,,,,,,,,,,,,,,,0.4361353520000023,0.01340760150342834,0.4361314187500014,0.01340740335212525,3.93325000089817e-06,7.975129032332932e-07,0.6800926750500011,0.019770789808658873,,,,,,,,,,,,,0.40824358959999785,0.013092758875782824,0.027438660399998583,0.0020370949342879215,0.00044916875000495794,0.00010578810569782546,,,,,,,,,,,,,,,,,,,,,,,,,,,,,,,,,,
5,1200,Random Projection,0.03255552085000204,0.0034920856957241816,0.021504252149998137,0.00021253559536540476,0.19417470819999635,0.00995959141831822,0.00019068730000100232,3.8797418784567955e-06,0.0037138250499992864,0.0004481144952538109,0.0018119895999987533,0.0002025139759014272,0.0009000522499988505,0.0001048041286455545,0.0010595626999943875,0.00014538763970716725,0.00021397910000331422,6.554666015336269e-05,2.8058450001822167e-05,8.36771279203211e-06,0.02462797080000314,0.0032431435196316845,0.03255552085000204,0.0034920856957241816,0.03254612525000056,0.003492505409541076,9.395600001482762e-06,1.7268274673097203e-06,0.24823448119999653,0.01188760277503146,,,,,,,,,,,,,,,,,,,,,,,,,,,,,,,,,,,,,,,,,,,,,,,,,,,,
5,1200,Random Sampling,0.0707351664999976,0.006294155172037658,0.021504252149998137,0.00021253559536540476,0.22822493334999905,0.008686485505009464,,,,,,,,,,,,,,,,,0.0707351664999976,0.006294155172037658,0.07072692495000724,0.006294425628685726,8.241549990373187e-06,1.5849237248233274e-06,0.3204643519999948,0.01328437676437015,0.005724164549998534,0.00017043202544832854,0.009475974800001553,7.098177260404555e-05,0.02154911679999998,0.0039406513229438495,0.0007250270500009037,9.069093683503823e-05,0.0025621083500055875,0.00023735151362819007,0.030690533400000674,0.002662707436378634,,,,,,,,,,,,,,,,,,,,,,,,,,,,,,,,,,,,,,,,
5,1200,SIGN Bidirectional,0.04027205184999474,0.0026381234215027065,0.021504252149998137,0.00021253559536540476,0.2011350999000001,0.017363291445072242,,,,,,,,,,,,,,,,,0.04027205184999474,0.0026381234215027065,0.04026251229999787,0.0026380057456370323,9.53954999687312e-06,1.3037180640083911e-06,0.262911403899993,0.017296486397491553,,,,,,,,,,,,,,,,,,,,,,,,,,,,,,,,,,,,,,,0.0002014105000029076,2.540542426874749e-05,0.010181158250000521,0.000677343368391069,0.004575033299997244,0.00046254646971631265,0.000880987450001669,8.370641614102722e-05,0.00014821259999990842,3.0781314057950804e-05,2.261460000028137e-05,5.183594612590488e-06,0.024253095599995333,0.0021896246134936893
6,200,CountSketch,0.015950702099999603,0.0012744466846628943,0.0009395771000015429,6.489377147935753e-05,0.010582964550005158,0.00038151244243188077,,,,,,,,,,,,,,,,,0.015950702099999603,0.0012744466846628943,0.01619612345001542,0.0012809658166192779,0.0,0.0,0.027473243750006305,0.0013289908753971458,,,,,,,,,,,,,,,,,,,5.622280000494584e-05,1.4802234988550233e-05,0.0002712959500058787,2.7104504164651935e-05,0.0002712959500058787,2.7104504164651935e-05,0.00028274805000023663,2.115208849677678e-05,0.0002622791999968399,3.7829659108941464e-05,9.204379999800949e-05,1.3519098058196146e-05,9.778979999737203e-05,1.072128438567382e-05,0.00022113969999963955,1.6855730067568632e-05,5.468700005906157e-06,9.615230873360076e-07,0.014635839500000714,0.0012501583934419987,,,,,,,,,,,,,,
6,200,Non-random,0.030809474950000037,0.0013468040487201287,0.0009395771000015429,6.489377147935753e-05,0.011105564599996853,0.0004775375603804553,,,,,,,,,,,,,,,,,0.030809474950000037,0.0013468040487201287,0.030806812450002496,0.0013464110816029317,2.66249999754109e-06,8.804131540053595e-07,0.042854616649998435,0.0014056255215886405,,,,,,,,,,,,,0.016978593800003237,0.0005762451537080035,0.013811918599998307,0.0011282740250076648,1.630005000095025e-05,5.3313034090740155e-06,,,,,,,,,,,,,,,,,,,,,,,,,,,,,,,,,,
6,200,Random Projection,0.01539572700000349,0.0012941511415951938,0.0009395771000015429,6.489377147935753e-05,0.01056744580000384,0.00042387065751342827,3.333969999488318e-05,1.6887529540433806e-06,0.0003553209000003221,4.988998232595e-05,0.0002610500000074012,4.3434856229752814e-05,7.810414999909199e-05,1.4723099766125299e-05,9.739805000350544e-05,1.282696709074831e-05,0.00022638969999775327,3.3962268710983854e-05,6.187649994160438e-06,3.0304789676303218e-06,0.014333491600002902,0.0013180541589393126,0.01539572700000349,0.0012941511415951938,0.015391281750000018,0.0012945106260102012,4.445250003470847e-06,1.097736136262952e-06,0.02690274990000887,0.0014045090656711588,,,,,,,,,,,,,,,,,,,,,,,,,,,,,,,,,,,,,,,,,,,,,,,,,,,,
6,200,Random Sampling,0.0243264374999967,0.0027663726468672655,0.0009395771000015429,6.489377147935753e-05,0.010587770799997998,0.0003312347513432721,,,,,,,,,,,,,,,,,0.0243264374999967,0.0027663726468672655,0.024322733599993283,0.0027660729761037834,3.7039000034155835e-06,1.0106725130250036e-06,0.035853785399996244,0.0027574122400114472,0.00024627505000012205,3.658701019338545e-05,0.00026406264999820903,5.414150169648379e-06,0.00937239584999503,0.0017062056928176445,4.9708299999906555e-05,1.489130068966682e-05,5.2820850000045995e-05,3.736191720632388e-06,0.014337470899999972,0.001477842740523974,,,,,,,,,,,,,,,,,,,,,,,,,,,,,,,,,,,,,,,,
6,200,SIGN Bidirectional,0.015957624850004494,0.0013102976613973377,0.0009395771000015429,6.489377147935753e-05,0.010791252050002243,0.0006102052983062195,,,,,,,,,,,,,,,,,0.015957624850004494,0.0013102976613973377,0.015952481399996544,0.0013099029655562746,5.1434500079494684e-06,1.2841610227310502e-06,0.02768845400000828,0.0013626909210450189,,,,,,,,,,,,,,,,,,,,,,,,,,,,,,,,,,,,,,,3.960624999450601e-05,8.728912052984928e-06,0.0013810749500024143,0.00015623088332644163,0.0003621584000043754,4.152642304557776e-05,9.122489999811024e-05,1.4823721230296323e-05,0.00021725429999577272,1.9308211546196026e-05,5.195849999495294e-06,8.22174351405185e-07,0.013855966750001869,0.0012682874314863693
6,400,CountSketch,0.026420964649997814,0.0026383915294206435,0.002662654150000776,0.0001526446970274901,0.03089695844999767,0.0015114466463468062,,,,,,,,,,,,,,,,,0.026420964649997814,0.0026383915294206435,0.026836933150019605,0.0026583351100505867,0.0,0.0,0.05998057724999626,0.003340788391412829,,,,,,,,,,,,,,,,,,,6.1366549998354e-05,1.1532991938645756e-05,0.0004443562500028975,7.21846762244794e-05,0.0004443562500028975,7.21846762244794e-05,0.000577573000006737,6.140355445122237e-05,0.0005302791000019625,0.00010276617580790675,0.00017086874999989733,2.280756599462597e-05,0.00018833340000128372,1.888985220191193e-05,0.0002434687500041832,3.5782618732064794e-05,9.114550000788312e-06,2.9920315669814235e-06,0.024167216550000602,0.002616062820945618,,,,,,,,,,,,,,
6,400,Non-random,0.08091046864999782,0.003568387625110879,0.002662654150000776,0.0001526446970274901,0.031566552050000495,0.0008919912692680644,,,,,,,,,,,,,,,,,0.08091046864999782,0.003568387625110879,0.08090666439999979,0.0035682011400326994,3.804249998040632e-06,6.787367487185107e-07,0.1151396748499991,0.004076324826947754,,,,,,,,,,,,,0.05642364570000069,0.002474876204892565,0.024428002099998024,0.0020311676380713123,5.501660000106767e-05,1.3059254454377416e-05,,,,,,,,,,,,,,,,,,,,,,,,,,,,,,,,,,
6,400,Random Projection,0.025997366700002543,0.0037799065327290674,0.002662654150000776,0.0001526446970274901,0.030570574949994978,0.002065131287514757,6.194795000169506e-05,3.86352940957648e-06,0.0007355521499988526,8.897762226979941e-05,0.00048296660000204385,7.182135519077142e-05,0.0001628833000026475,2.9065865039798426e-05,0.0001839623999956075,1.9175371146225717e-05,0.00024143745000202444,2.7999993366246035e-05,9.029249999059629e-06,3.930753902485021e-06,0.024114139499999965,0.00376764337536838,0.025997366700002543,0.0037799065327290674,0.025991918600001895,0.003779753418621102,5.448100000648992e-06,9.580665203217383e-07,0.0592305957999983,0.004600682132560005,,,,,,,,,,,,,,,,,,,,,,,,,,,,,,,,,,,,,,,,,,,,,,,,,,,,
6,400,Random Sampling,0.045043124949998514,0.004737334135931738,0.002662654150000776,0.0001526446970274901,0.031581049950003146,0.004550465032804794,,,,,,,,,,,,,,,,,0.045043124949998514,0.004737334135931738,0.04503805844998965,0.0047374209689271096,5.06650000886566e-06,1.1141387663030689e-06,0.07928682905000244,0.00612583200475114,0.0007342812999965531,1.6835282852442854e-05,0.001020493699999747,4.983648979603052e-05,0.01834598954999791,0.0032490741514616785,0.00016615435000488787,2.3157116892624878e-05,0.000240937599993174,4.449891735322584e-05,0.024530201949997377,0.0032302567268373853,,,,,,,,,,,,,,,,,,,,,,,,,,,,,,,,,,,,,,,,
6,400,SIGN Bidirectional,0.02692970010000124,0.0037593450094033057,0.002662654150000776,0.0001526446970274901,0.030681564700003605,0.001081130369374376,,,,,,,,,,,,,,,,,0.02692970010000124,0.0037593450094033057,0.026923314600006167,0.0037585605242230515,6.385499995076316e-06,1.4740324914304226e-06,0.060273918950005625,0.004274732375522629,,,,,,,,,,,,,,,,,,,,,,,,,,,,,,,,,,,,,,,6.886465000377484e-05,1.0025153050126173e-05,0.0024222310499993683,0.00017930423811285008,0.0007123647000000233,8.778999141991144e-05,0.00016546045000325192,2.2061414824987763e-05,0.00022498545000360082,1.995438721650826e-05,8.616499999902772e-06,2.519353771271093e-06,0.023320791799996243,0.00368121975433503
6,600,CountSketch,0.038258020749997,0.005141251210444156,0.005668123049997575,0.0002829413550224356,0.06080328735000222,0.009754509673095971,,,,,,,,,,,,,,,,,0.038258020749997,0.005141251210444156,0.03900444754999057,0.005175172050346559,0.0,0.0,0.1047294311499968,0.01190283242370145,,,,,,,,,,,,,,,,,,,7.186670000010053e-05,1.2911067234577474e-05,0.000777145800002188,0.00016304255262946906,0.000777145800002188,0.00016304255262946906,0.0009460999500007006,0.00018480797802154425,0.0007151603499991665,0.00010793102295846862,0.0002777062999939517,3.874892838742086e-05,0.0003372312999985638,0.0001053986217726397,0.00026903320000144505,5.5571488541655386e-05,1.177079999479247e-05,4.537089616160692e-06,0.034821287349997475,0.0050976029900313465,,,,,,,,,,,,,,
6,600,Non-random,0.1827473562499989,0.01257531713106499,0.005668123049997575,0.0002829413550224356,0.06100211879999762,0.003139351406771965,,,,,,,,,,,,,,,,,0.1827473562499989,0.01257531713106499,0.182743399900005,0.012575242862308277,3.956349993927688e-06,1.0884548283529312e-06,0.24941759809999411,0.014606116363352283,,,,,,,,,,,,,0.14763411455000153,0.010156373802975831,0.03499439584999777,0.00502773164866093,0.00011488950000568821,2.6825536143300486e-05,,,,,,,,,,,,,,,,,,,,,,,,,,,,,,,,,,
6,600,Random Projection,0.035439710400000025,0.004150718554105535,0.005668123049997575,0.0002829413550224356,0.05766519164999835,0.002153375368934277,9.063740000101462e-05,2.4766105950174613e-06,0.0011630499500000723,9.187877241888611e-05,0.0007247021000011955,0.00011062500385129262,0.0002918248499995002,3.3589573583888285e-05,0.0003437540500030423,6.427453299659604e-05,0.00026898330000193484,3.7489669790311294e-05,1.0802050000791042e-05,2.3825148939602205e-06,0.03253949575000235,0.004107882095598626,0.035439710400000025,0.004150718554105535,0.0354332494500099,0.0041504832099652925,6.460949990128029e-06,1.2590135391139058e-06,0.09877302509999594,0.005239143639711467,,,,,,,,,,,,,,,,,,,,,,,,,,,,,,,,,,,,,,,,,,,,,,,,,,,,
6,600,Random Sampling,0.07972623340000524,0.008255212576274599,0.005668123049997575,0.0002829413550224356,0.07604249154999962,0.005988161978546237,,,,,,,,,,,,,,,,,0.07972623340000524,0.008255212576274599,0.07972058774999909,0.008254214408603954,5.645650006158576e-06,1.3745554724442798e-06,0.16143684800000244,0.010502016848759264,0.0015448145999968689,0.00012067711400844727,0.002460514649999368,0.0007000806667616749,0.031644608499999546,0.006257738494356181,0.00029128544999963425,5.673249403498346e-05,0.000576091649998034,0.00010704423325210407,0.043203272900005626,0.003222884618455544,,,,,,,,,,,,,,,,,,,,,,,,,,,,,,,,,,,,,,,,
6,600,SIGN Bidirectional,0.038860241650002084,0.004207134109402329,0.005668123049997575,0.0002829413550224356,0.05785362495000186,0.0032504897534417457,,,,,,,,,,,,,,,,,0.038860241650002084,0.004207134109402329,0.0388524702999959,0.004206576004465505,7.771350006180455e-06,1.7568541090019337e-06,0.10238198965000152,0.00669980708026199,,,,,,,,,,,,,,,,,,,,,,,,,,,,,,,,,,,,,,,9.715415000215444e-05,9.269947061823022e-06,0.0037977852999986792,0.000573001668874534,0.0014230501000014328,0.00022406877235251225,0.0003159434499977465,6.440987281650645e-05,0.0002608664500002078,5.831701210520207e-05,1.3356349997195594e-05,7.320662320869311e-06,0.03294431449999848,0.003817552984435821
6,800,CountSketch,0.04235023540000071,0.007090251996559194,0.01019411245000299,0.0006714565101731456,0.10025605614999762,0.013444920913780233,,,,,,,,,,,,,,,,,0.04235023540000071,0.007090251996559194,0.04353202885000087,0.007104166271787409,0.0,0.0,0.15280040400000133,0.018003361191329455,,,,,,,,,,,,,,,,,,,7.325609999924154e-05,4.488112599873182e-06,0.0012123062999989998,3.947713691051217e-05,0.0012123062999989998,3.947713691051217e-05,0.001465085249995468,0.00011854742798450798,0.0009833373999995842,0.00011879354577886355,0.00046432084999992185,8.293733857494089e-05,0.0005129626500050222,7.637343681275176e-05,0.0002702811999995447,3.6513330211187916e-05,1.3970700003085312e-05,5.012244220555253e-06,0.037324202100001,0.006888466604260398,,,,,,,,,,,,,,
6,800,Non-random,0.2706315479499978,0.011914896967376387,0.01019411245000299,0.0006714565101731456,0.10534224369999379,0.012358434285286138,,,,,,,,,,,,,,,,,0.2706315479499978,0.011914896967376387,0.2706275103500019,0.011914556736835738,4.0375999958541796e-06,6.049823302811832e-07,0.3861679040999945,0.021764472061067172,,,,,,,,,,,,,0.2259784978500022,0.005694393657841368,0.044451914650002776,0.008339807105971618,0.00019709784999690782,3.6076811709403954e-05,,,,,,,,,,,,,,,,,,,,,,,,,,,,,,,,,,
6,800,Random Projection,0.045685308400001644,0.00736013288504361,0.01019411245000299,0.0006714565101731456,0.09823261880000445,0.0070403016449666804,0.0001228415999989352,1.4205779334174926e-05,0.00199811454999832,0.000300703043282808,0.0010125271500015741,0.00011535088312545562,0.00047662290000403116,9.988047906404642e-05,0.000552912450001486,0.00010732569068575107,0.00028327275000208376,3.060236348079052e-05,1.4724950003142111e-05,6.49247667200037e-06,0.041216599999999916,0.007126141439733779,0.045685308400001644,0.00736013288504361,0.045677616350009484,0.007359560614513509,7.692049992158445e-06,1.602486337695184e-06,0.15411203965000908,0.012176360719025652,,,,,,,,,,,,,,,,,,,,,,,,,,,,,,,,,,,,,,,,,,,,,,,,,,,,
6,800,Random Sampling,0.09953475620000347,0.009653886611354606,0.01019411245000299,0.0006714565101731456,0.12775598749999945,0.013214833242685402,,,,,,,,,,,,,,,,,0.09953475620000347,0.009653886611354606,0.09952699975000456,0.009653526273831703,7.756449998908011e-06,1.9063295211590085e-06,0.2374848561500059,0.019703793279758516,0.002651108250000789,0.00011981487732573276,0.004636045900002728,0.0006102467588930992,0.04030708530000027,0.007678786013729619,0.00046225825000192346,0.00011751799516666044,0.0012315124999986438,0.00022379924787240772,0.05023898955000021,0.005206098908063298,,,,,,,,,,,,,,,,,,,,,,,,,,,,,,,,,,,,,,,,
6,800,SIGN Bidirectional,0.04848248970000242,0.006264835564701941,0.01019411245000299,0.0006714565101731456,0.10465807094999775,0.0289319196786406,,,,,,,,,,,,,,,,,0.04848248970000242,0.006264835564701941,0.04847285829999635,0.0062625515279500065,9.631400006071545e-06,4.444748498984628e-06,0.16333467310000316,0.02922678953592254,,,,,,,,,,,,,,,,,,,,,,,,,,,,,,,,,,,,,,,0.00013295825000056994,2.1097863451357266e-05,0.005580295900003307,0.0009105863205412322,0.002386162549994708,0.0003518455908461947,0.0005508729000027301,0.0001869073760922136,0.00027878534999672413,6.450052394470592e-05,1.4968950000593396e-05,6.5179535582568665e-06,0.03952881439999771,0.005691249264029174
6,1000,CountSketch,0.04360066459999814,0.004127035582323495,0.015271570900002019,0.0005672140075368386,0.13556556244999882,0.002782454455386432,,,,,,,,,,,,,,,,,0.04360066459999814,0.004127035582323495,0.04522878369999859,0.004064936485179106,0.0,0.0,0.194437797949999,0.004960681588092381,,,,,,,,,,,,,,,,,,,7.84939000027407e-05,1.0123708189588758e-05,0.0016613646499990865,0.00012574167423970114,0.0016613646499990865,0.00012574167423970114,0.002005443749997937,0.00010919450856166556,0.0014079854499954082,0.00014182886527119008,0.0006131834500038736,5.8016236203661036e-05,0.000721985349997567,5.433548752337928e-05,0.0002836082999991163,3.3211871714606326e-05,1.876249999952506e-05,7.263651456769072e-06,0.036776591700004246,0.00418991817396663,,,,,,,,,,,,,,
6,1000,Non-random,0.3429207978499946,0.009998006371964976,0.015271570900002019,0.0005672140075368386,0.1443741437500023,0.004507803160786821,,,,,,,,,,,,,,,,,0.3429207978499946,0.009998006371964976,0.34291692924998785,0.00999793935889832,3.868600006740053e-06,5.231947821540266e-07,0.502566512499999,0.012103841259881721,,,,,,,,,,,,,0.30122177919999726,0.009468991192285715,0.041377360399995664,0.003461295638823599,0.0003177896499948929,6.867381478218718e-05,,,,,,,,,,,,,,,,,,,,,,,,,,,,,,,,,,
6,1000,Random Projection,0.043493610299995565,0.007407500165326846,0.015271570900002019,0.0005672140075368386,0.1355218748999988,0.004952459463252776,0.00014816044999435007,2.35826274340724e-06,0.0024933166999971945,0.0001427837216100673,0.0013490125000032549,8.128541657764089e-05,0.000626125100001218,6.18866789148744e-05,0.0007483542000059629,7.822386796473615e-05,0.0002738292499955719,3.234556053948501e-05,1.6893600002276798e-05,5.495656525086186e-06,0.03783050209999317,0.007336999390702168,0.043493610299995565,0.007407500165326846,0.043486193899992996,0.0074076592288511885,7.416400002568935e-06,1.3196409204661362e-06,0.19428705609999639,0.008246291646281649,,,,,,,,,,,,,,,,,,,,,,,,,,,,,,,,,,,,,,,,,,,,,,,,,,,,
6,1000,Random Sampling,0.10498489789999894,0.0084620704071147,0.015271570900002019,0.0005672140075368386,0.16542825204999617,0.0020861590619352653,,,,,,,,,,,,,,,,,0.10498489789999894,0.0084620704071147,0.10497739999998572,0.008461590546903975,7.49790001322026e-06,1.2450899221111356e-06,0.28568472084999713,0.008100574482106866,0.0040728604999998195,0.00036265604923713536,0.006577131349996534,0.00012640586932043707,0.04174959159999787,0.005814769954000982,0.0005700498999942738,0.00013496579086847986,0.0017403499499991427,0.00021732856436578512,0.05026741669999808,0.006332015987198085,,,,,,,,,,,,,,,,,,,,,,,,,,,,,,,,,,,,,,,,
6,1000,SIGN Bidirectional,0.049644189599993636,0.004449445117367434,0.015271570900002019,0.0005672140075368386,0.13595570845000537,0.004286723772049808,,,,,,,,,,,,,,,,,0.049644189599993636,0.004449445117367434,0.049634722899999414,0.004449784783515254,9.466699994220562e-06,2.0684250348794836e-06,0.20087146895000102,0.007832804713464734,,,,,,,,,,,,,,,,,,,,,,,,,,,,,,,,,,,,,,,0.00015629170000011072,1.935644830347971e-05,0.007503766699998948,0.0004474887708358288,0.003261572949999447,0.0003052963874553359,0.0007206042000007073,7.37850168947301e-05,0.0002650750499952892,2.6906236128590367e-05,1.780200000212062e-05,5.194896526759413e-06,0.03770961030000279,0.00454068169202079
6,1200,CountSketch,0.0512799856000072,0.006883877783442747,0.0220958917000047,0.0015327996445446091,0.19687076664999664,0.009894933951568109,,,,,,,,,,,,,,,,,0.0512799856000072,0.006883877783442747,0.053811489449989834,0.006905526879342797,0.0,0.0,0.2702466439500085,0.013880929544233788,,,,,,,,,,,,,,,,,,,8.652295000217691e-05,1.3530032017260983e-05,0.0025695520999960307,0.00015605275073505594,0.0025695520999960307,0.00015605275073505594,0.0026747956999969348,0.00011578528032114419,0.0015311854000003677,0.00013460321708721857,0.0008522312499991358,9.793855395204599e-05,0.0009324499999934233,8.687651053888948e-05,0.00018023535000679657,4.2434148864291615e-05,2.5574949998485862e-05,7.149077296565105e-06,0.042389389650000456,0.006776861135019227,,,,,,,,,,,,,,
6,1200,Non-random,0.48064314375000095,0.043186743281551636,0.0220958917000047,0.0015327996445446091,0.2038869791499991,0.009018086767218695,,,,,,,,,,,,,,,,,0.48064314375000095,0.043186743281551636,0.480638739500003,0.04318574938420614,4.404249997946863e-06,1.4923349081467267e-06,0.7066260146000047,0.05167845521514196,,,,,,,,,,,,,0.43499689164999894,0.04042537163755438,0.04517832294999948,0.005697402602993676,0.00046352490000458604,0.00010248392390065726,,,,,,,,,,,,,,,,,,,,,,,,,,,,,,,,,,
6,1200,Random Projection,0.04850213750000876,0.007054093597978351,0.0220958917000047,0.0015327996445446091,0.2101321957500005,0.060125252173115,0.00017711035000047559,3.5293518778589294e-06,0.00343082919999631,0.00018925187443339286,0.001556368600006408,0.0001489938244997234,0.0008300584000011213,7.721749316751731e-05,0.001001402149992714,0.00013706237234690163,0.00018644590000178597,5.5942246213316303e-05,2.422079999462312e-05,1.1252136400295742e-05,0.04128575839999371,0.006870587443749231,0.04850213750000876,0.007054093597978351,0.04849219379998715,0.0070535375789077485,9.943700021608493e-06,2.6576437359872488e-06,0.280730224950014,0.06709265165088561,,,,,,,,,,,,,,,,,,,,,,,,,,,,,,,,,,,,,,,,,,,,,,,,,,,,
6,1200,Random Sampling,0.12277527499998656,0.02295619688755688,0.0220958917000047,0.0015327996445446091,0.22722295829999267,0.021341571390400382,,,,,,,,,,,,,,,,,0.12277527499998656,0.02295619688755688,0.12276573354999414,0.02295303485661306,9.5414499924118e-06,3.4203868644907557e-06,0.37209412499998396,0.04431741959309496,0.006093800149997719,0.0008935254432554624,0.00993785209999487,0.0014090845376652642,0.04564474175000157,0.00849397829560908,0.0008568936499955271,0.0006841991231844554,0.0027221042000036277,0.0004849137812106213,0.05751034170000082,0.013337922643161908,,,,,,,,,,,,,,,,,,,,,,,,,,,,,,,,,,,,,,,,
6,1200,SIGN Bidirectional,0.05501558345000888,0.0050176984552443744,0.0220958917000047,0.0015327996445446091,0.19513472709999746,0.011310348060217463,,,,,,,,,,,,,,,,,0.05501558345000888,0.0050176984552443744,0.05500536870001156,0.005017242239008371,1.0214749997317085e-05,1.507512687363004e-06,0.27224620225001106,0.01433783221941057,,,,,,,,,,,,,,,,,,,,,,,,,,,,,,,,,,,,,,,0.00018663324999863563,2.35157907127679e-05,0.009346164549992864,0.00039937155926884216,0.004451941700006045,0.00023031588737425357,0.0008774645000045212,0.0001062372403066157,0.0001609542500034422,3.7346226946074324e-05,2.2343800000612646e-05,7.270956571134361e-06,0.039959866650005435,0.004925228486151556
