rho_n,method,rep,seed,n,K,m,num_hyperedges_total,misclassification_rate,ARI,NMI,generation_wall_sec,zhou_theta_build_wall_sec,spectral_clustering_wall_sec,metric_wall_sec,num_isolated_nodes,isolated_fraction,hypergraph_degree_mean,hypergraph_degree_max,expected_hyperedges_total,expected_hyperedges_per_n,expected_degree_mean,candidate_within_fraction,rp_draw_omega_sec,rp_power_iter_sec,rp_qr_sec,rp_build_core_sec,rp_small_eig_sec,rp_lift_sec,eigen_decomposition_wall_sec,embedding_normalize_wall_sec,kmeans_wall_sec,top_eigenvalue_max,top_eigenvalue_min,algorithm_total_wall_sec,p_in,p_out,sampling_mode,cpu_time_sec,wall_clock_sec,peak_traced_memory_mb,rss_before_mb,rss_after_mb,rss_delta_mb
0.25,Gaussian random projection,1,45260428,5000,3,3,1524,0.6604,-0.00018123714229759694,0.0002027315699260051,0.05266570800449699,0.007243374944664538,0.7524628749815747,0.017741500050760806,2015,0.403,0.9144,7.0,1572.2415184000001,0.31444830368000004,0.9433449110400001,0.11097779555911182,0.003487708978354931,0.01318362494930625,0.09330275002866983,0.007100500050000846,0.0045921249547973275,0.0018999999156221747,0.12428583402652293,0.0004117919597774744,0.6277542499592528,0.995558359185698,0.995022749043639,0.8123609588947147,3.6e-07,4e-08,sparse,4.938262999999999,0.8437937080161646,26.30735206604004,258.984375,328.359375,69.375
0.25,Gaussian random projection,2,45260429,5000,3,3,1588,0.6518,0.000561877627306857,0.0011326728543856232,0.057535499916411936,0.007376541034318507,0.5130973339546472,0.017591333016753197,1915,0.383,0.9528,6.0,1572.2415184000001,0.31444830368000004,0.9433449110400001,0.11097779555911182,0.003577750059776008,0.010944625013507903,0.0800521660130471,0.006926583009772003,0.0050626249285414815,0.0018230420537292957,0.1089581660926342,0.00016345793846994638,0.4039707910269499,0.9951029840750706,0.9948748242716962,0.5780044560087845,3.6e-07,4e-08,sparse,4.904646999999999,0.6093840419780463,26.318445205688477,328.359375,373.796875,45.4375
0.25,Gaussian random projection,3,45260430,5000,3,3,1601,0.6554,0.0001940165848760318,0.0005847139228307061,0.05495354195591062,0.007022500038146973,0.5154182499973103,0.017029459006153047,1980,0.396,0.9606,6.0,1572.2415184000001,0.31444830368000004,0.9433449110400001,0.11097779555911182,0.003336291993036866,0.009714458021335304,0.08756233402527869,0.005978084052912891,0.005878665950149298,0.00032891693990677595,0.11392341705504805,0.00031291693449020386,0.4011765420436859,0.9946527184777408,0.9935817815979605,0.5773889180272818,3.6e-07,4e-08,sparse,5.100841000000001,0.6074031670577824,26.32062530517578,373.796875,401.59375,27.796875
0.25,Gaussian random projection,4,45260431,5000,3,3,1542,0.6614,-0.00020678285596584692,0.00011321984924456874,0.05171949998475611,0.006348249968141317,0.5111332499654964,0.01732674997765571,1982,0.3964,0.9252,7.0,1572.2415184000001,0.31444830368000004,0.9433449110400001,0.11097779555911182,0.0033723749220371246,0.010010250029154122,0.08894379204139113,0.007689709076657891,0.007994875079020858,0.00032041699159890413,0.11903408297803253,0.00016554200556129217,0.39192999992519617,0.9947258763262449,0.9944707615944924,0.5691973748616874,3.6e-07,4e-08,sparse,5.043952000000001,0.6012908340198919,26.29948902130127,401.59375,405.578125,3.984375
0.25,Gaussian random projection,5,45260432,5000,3,3,1534,0.6566,0.0003847676095545635,0.001099610801583123,0.05147645901888609,0.008446124964393675,0.5874487919500098,0.018720583990216255,1998,0.3996,0.9204,7.0,1572.2415184000001,0.31444830368000004,0.9433449110400001,0.11097779555911182,0.003940958064049482,0.009689167025499046,0.06482504203449935,0.0052837919211015105,0.016789583023637533,0.0002994160167872906,0.10142091603484005,0.0001557499635964632,0.4858690000837669,0.9956422478428112,0.9952073275706049,0.6473682500654832,3.6e-07,4e-08,sparse,5.414588000000002,0.6789847919717431,26.295401573181152,405.578125,411.96875,6.390625
0.25,Gaussian random projection,6,45260433,5000,3,3,1566,0.6538,0.0001945943532121186,0.0006102219762932667,0.05370862490963191,0.007046041078865528,0.5575792080489919,0.01696887507569045,1944,0.3888,0.9396,6.0,1572.2415184000001,0.31444830368000004,0.9433449110400001,0.11097779555911182,0.003909000079147518,0.012507415958680212,0.08174758404493332,0.007081250078044832,0.004439334035851061,0.0003701250534504652,0.11061075003817677,0.002072000061161816,0.4448887079488486,0.9952367364820083,0.994411371184314,0.6183261240366846,3.6e-07,4e-08,sparse,5.2699940000000005,0.6484613749198616,26.30853271484375,411.96875,418.421875,6.453125
0.25,Gaussian random projection,7,45260434,5000,3,3,1513,0.6474,0.0006202576939236678,0.0012510229665762163,0.050975415972061455,0.00869845796842128,0.5245016249828041,0.01801350002642721,2013,0.4026,0.9078,6.0,1572.2415184000001,0.31444830368000004,0.9433449110400001,0.11097779555911182,0.003911167033948004,0.01486029103398323,0.08956316602416337,0.0064319169614464045,0.007851458969525993,0.0002740829950198531,0.12380791595205665,0.00039549998473376036,0.4002929580165073,0.9960263703495903,0.9954460474648913,0.5841702478937805,3.6e-07,4e-08,sparse,5.152099,0.6143078330205753,26.288147926330566,418.421875,418.484375,0.0625
0.25,Gaussian random projection,8,45260435,5000,3,3,1566,0.66,-3.6319429197767864e-05,0.00045591796364319645,0.05433504201937467,0.006500957999378443,0.5051868329755962,0.017158875009045005,1999,0.3998,0.9396,6.0,1572.2415184000001,0.31444830368000004,0.9433449110400001,0.11097779555911182,0.003648041980341077,0.010286500095389783,0.07976783299818635,0.005962583934888244,0.0038042919477447867,0.00025825004559010267,0.1043259589932859,0.0004872080171480775,0.4003681669710204,0.9945257430707666,0.9941734985993657,0.5660173340002075,3.6e-07,4e-08,sparse,5.083941000000003,0.5967027090955526,26.30787467956543,418.484375,418.90625,0.421875
0.25,Gaussian random projection,9,45260436,5000,3,3,1623,0.6594,-0.0001960228593843308,0.00016175114969933254,0.05582320794928819,0.007394875050522387,0.4928840829525143,0.01647191704250872,1877,0.3754,0.9738,5.0,1572.2415184000001,0.31444830368000004,0.9433449110400001,0.11097779555911182,0.0032288329675793648,0.009467958007007837,0.08505883300676942,0.007568374974653125,0.002327374997548759,0.0002353749005123973,0.10841945803258568,0.0003677080385386944,0.38409295794554055,0.9951576691283402,0.9940296947010523,0.5560982070164755,3.6e-07,4e-08,sparse,5.063704000000001,0.5858228750294074,26.330178260803223,418.90625,418.96875,0.0625
0.25,Gaussian random projection,10,45260437,5000,3,3,1578,0.654,0.0001808781925739541,0.0006481903674639972,0.05285520805045962,0.0068587500136345625,0.46285158407408744,0.01751383300870657,1936,0.3872,0.9468,6.0,1572.2415184000001,0.31444830368000004,0.9433449110400001,0.11097779555911182,0.003379874979145825,0.013246624963358045,0.06767958402633667,0.00589041702914983,0.005424125003628433,0.00027891702484339476,0.09645229205489159,0.0005929170874878764,0.3658025419572368,0.9949790213502473,0.9944862875912186,0.5225617091637105,3.6e-07,4e-08,sparse,4.790745999999999,0.5524434159742668,26.31279468536377,418.96875,420.484375,1.515625
0.5,Gaussian random projection,1,70260428,5000,3,3,3182,0.6524,0.0005679751327570113,0.0009324970169434438,0.11148970806971192,0.010760000091977417,0.5307838750304654,0.01868304202798754,773,0.1546,1.9092,9.0,3144.4830368000003,0.6288966073600001,1.8866898220800001,0.11097779555911182,0.0033080419525504112,0.013728582998737693,0.05482287495397031,0.011229375028051436,0.004434332950040698,0.00030754099134355783,0.08920045907143503,0.00018670805729925632,0.441391917061992,0.9869428267827309,0.9842914058819701,0.6530287923524156,7.2e-07,8e-08,sparse,5.5892530000000065,0.6986504580127075,26.919479370117188,420.484375,421.40625,0.921875
0.5,Gaussian random projection,2,70260429,5000,3,3,3063,0.6242,0.005036726866067509,0.0050703929449361015,0.11053979198914021,0.009490792057476938,0.5337744998978451,0.01839220803231001,795,0.159,1.8378,8.0,3144.4830368000003,0.6288966073600001,1.8866898220800001,0.11097779555911182,0.0034549999982118607,0.014350750017911196,0.07659962505567819,0.007344125071540475,0.006143292062915862,0.0004152089823037386,0.10923508298583329,0.0011404999531805515,0.423393709002994,0.9854775536467356,0.9837544790429987,0.653799875988625,7.2e-07,8e-08,sparse,5.357685000000004,0.6985491669038311,26.87675380706787,421.40625,434.046875,12.640625
0.5,Gaussian random projection,3,70260430,5000,3,3,3114,0.6468,0.0011083539426336884,0.00133779063913352,0.12294962501619011,0.011325375060550869,0.7508543329313397,0.017526207957416773,782,0.1564,1.8684,9.0,3144.4830368000003,0.6288966073600001,1.8866898220800001,0.11097779555911182,0.004139791941270232,0.02000729099381715,0.17281708307564259,0.0072149590123444796,0.006052959011867642,0.0002887080190703273,0.211164667038247,0.000388417043723166,0.5392967499792576,0.9873146259061769,0.9839589957678349,0.8851248341379687,7.2e-07,8e-08,sparse,6.720039,0.9298007079632953,26.89543628692627,434.046875,435.640625,1.59375
0.5,Gaussian random projection,4,70260431,5000,3,3,3152,0.642,0.0014055137418598558,0.0016412376982876656,0.12188245798461139,0.010886125033721328,0.5575642079347745,0.01796212501358241,769,0.1538,1.8912,10.0,3144.4830368000003,0.6288966073600001,1.8866898220800001,0.11097779555911182,0.003331625019200146,0.016759709105826914,0.0637454999377951,0.00698162498883903,0.0073090000078082085,0.00033129111398011446,0.09950829099398106,0.00023270794190466404,0.45781825005542487,0.9871145644867994,0.983819634215146,0.6903278320096433,7.2e-07,8e-08,sparse,5.604427999999999,0.7349321669898927,26.90888023376465,435.640625,435.734375,0.09375
0.5,Gaussian random projection,5,70260432,5000,3,3,3234,0.6516,0.000708821346417173,0.0009725819918172976,0.11948920891154557,0.011187208932824433,0.6149078749585897,0.019528542063198984,709,0.1418,1.9404,9.0,3144.4830368000003,0.6288966073600001,1.8866898220800001,0.11097779555911182,0.0033432079944759607,0.01774574990849942,0.1375497499248013,0.006938499980606139,0.006151707959361374,0.0003837080439552665,0.17366995906922966,0.0005669998936355114,0.44066575006581843,0.986383543592681,0.982906744935108,0.7455791268730536,7.2e-07,8e-08,sparse,6.0960290000000015,0.791453791083768,26.938511848449707,435.734375,437.3125,1.578125
0.5,Gaussian random projection,6,70260433,5000,3,3,3157,0.6534,0.00020877085995708226,0.0005016014774048602,0.1221985419979319,0.00979570799972862,0.5273508750833571,0.017872708034701645,754,0.1508,1.8942,9.0,3144.4830368000003,0.6288966073600001,1.8866898220800001,0.11097779555911182,0.0035053329775109887,0.0167162079596892,0.07267558400053531,0.009233165998011827,0.002351375063881278,0.0003352499334141612,0.10583754209801555,0.00012466602493077517,0.4213828749489039,0.9849292944788927,0.9832567040104668,0.6593393330695108,7.2e-07,8e-08,sparse,5.477484000000004,0.7043677079491317,26.91111660003662,437.3125,437.375,0.0625
0.5,Gaussian random projection,7,70260434,5000,3,3,3131,0.6556,0.0003004925563863048,0.0005932489136454327,0.11652362497989088,0.010434666066430509,0.49367579200770706,0.019134083995595574,764,0.1528,1.8786,8.0,3144.4830368000003,0.6288966073600001,1.8866898220800001,0.11097779555911182,0.0035158329410478473,0.017164207994937897,0.07556274998933077,0.006850291974842548,0.006665750057436526,0.0002805000403895974,0.1107415419537574,0.00028070900589227676,0.3826455830130726,0.9865049244221266,0.9846455176414741,0.6206261250190437,7.2e-07,8e-08,sparse,5.038075000000006,0.669372208067216,26.89934539794922,437.375,443.75,6.375
0.5,Gaussian random projection,8,70260435,5000,3,3,3175,0.6498,0.0008569815529513662,0.0012876568135252926,0.11620441591367126,0.01082320895511657,0.5918049579486251,0.019352874951437116,697,0.1394,1.905,8.0,3144.4830368000003,0.6288966073600001,1.8866898220800001,0.11097779555911182,0.0034279170213267207,0.013994541019201279,0.052573167020455,0.009723291965201497,0.0020331250270828605,0.00023699994198977947,0.08292899990919977,0.0005686249351128936,0.5082993750693277,0.9857010430212185,0.984015220177959,0.7188246247824281,7.2e-07,8e-08,sparse,5.900305000000003,0.7650495839770883,26.91865062713623,443.75,443.796875,0.046875
0.5,Gaussian random projection,9,70260436,5000,3,3,3112,0.6526,0.0004045864068161449,0.0007473804665200688,0.11024729197379202,0.01042845903430134,0.5363584160804749,0.01836750004440546,781,0.1562,1.8672,10.0,3144.4830368000003,0.6288966073600001,1.8866898220800001,0.11097779555911182,0.0035666669718921185,0.013775790925137699,0.05855958303436637,0.008830000064335763,0.00275891600176692,0.0002963750157505274,0.0885442909784615,0.0003403750015422702,0.4474697910482064,0.9844618394907716,0.9795284925521442,0.6570302080363035,7.2e-07,8e-08,sparse,5.662228999999996,0.7023758749710396,26.89446258544922,443.796875,443.8125,0.015625
0.5,Gaussian random projection,10,70260437,5000,3,3,3130,0.6624,-0.000266309120792104,0.00012109066140393557,0.11316420801449567,0.010805750032886863,0.5292335839476436,0.018299000104889274,770,0.154,1.878,8.0,3144.4830368000003,0.6288966073600001,1.8866898220800001,0.11097779555911182,0.0032827910035848618,0.014034416992217302,0.047885666019283235,0.007538917008787394,0.0048694590805098414,0.0009797090897336602,0.07930591597687453,0.0004987920401617885,0.4494234169833362,0.9865501054453861,0.9841781994490064,0.6531980830477551,7.2e-07,8e-08,sparse,5.598549999999989,0.6971962079405785,26.89960289001465,443.8125,450.09375,6.28125
1.0,Gaussian random projection,1,120260428,5000,3,3,6228,0.6338,0.006449877492596995,0.006414568260851317,0.20762583299074322,0.01631037495099008,0.5447325420100242,0.01769916689954698,122,0.0244,3.7368,13.0,6288.9660736000005,1.2577932147200002,3.7733796441600003,0.11097779555911182,0.003201708081178367,0.019807374919764698,0.05338045791722834,0.006932083051651716,0.006050625001080334,0.0010345829650759697,0.09190020791720599,0.00040974991861730814,0.45241833303589374,0.9968030847811687,0.8328666127082491,0.7686644988134503,1.44e-06,1.6e-07,sparse,5.7306079999999895,0.8446927500190213,28.03337574005127,450.09375,450.96875,0.875
1.0,Gaussian random projection,2,120260429,5000,3,3,6316,0.6524,0.0009000941890938057,0.001190745574294534,0.21933487500064075,0.017015416990034282,0.451674124924466,0.018276667105965316,101,0.0202,3.7896,12.0,6288.9660736000005,1.2577932147200002,3.7733796441600003,0.11097779555911182,0.0036372090689837933,0.02308199997060001,0.072629916947335,0.008408208028413355,0.005677417037077248,0.0004185410216450691,0.11447445792146027,0.00032429094426333904,0.3368713330710307,0.9954419503278646,0.8381250184591557,0.6880203739274293,1.44e-06,1.6e-07,sparse,4.922331999999983,0.7592598330229521,28.066394805908203,450.96875,451.1875,0.21875
1.0,Gaussian random projection,3,120260430,5000,3,3,6323,0.6492,0.0033202690810951625,0.003337925699244486,0.21807795797940344,0.016167249996215105,0.4643607499310747,0.017475083004683256,135,0.027,3.7938,11.0,6288.9660736000005,1.2577932147200002,3.7733796441600003,0.11097779555911182,0.0033613749546930194,0.019078750046901405,0.04811950004659593,0.008001458016224205,0.004564207978546619,0.0011240000603720546,0.08474383293651044,0.0004400840261951089,0.37917241698596627,0.9963978588224572,0.8772353177968438,0.6986015419242904,1.44e-06,1.6e-07,sparse,5.18200299999998,0.7680799999507144,28.069008827209473,451.1875,451.234375,0.046875
1.0,Gaussian random projection,4,120260431,5000,3,3,6361,0.6416,0.0023965314015209323,0.0028314025772461834,0.2206633749883622,0.017147375037893653,0.6052245000610128,0.017207999946549535,117,0.0234,3.8166,13.0,6288.9660736000005,1.2577932147200002,3.7733796441600003,0.11097779555911182,0.003484542015939951,0.022276332951150835,0.22013929206877947,0.010231166961602867,0.006373791955411434,0.0004130830056965351,0.26393708295654505,0.0004027920076623559,0.340879249968566,0.9958861205138064,0.8398042906030321,0.8430298749590293,1.44e-06,1.6e-07,sparse,6.290336999999994,0.9146098750643432,28.082176208496094,451.234375,451.40625,0.171875
1.0,Gaussian random projection,5,120260432,5000,3,3,6271,0.6002,0.012120996406887668,0.011435033021185884,0.22349616594146937,0.018145165988244116,0.4738186670001596,0.0180353750474751,113,0.0226,3.7626,12.0,6288.9660736000005,1.2577932147200002,3.7733796441600003,0.11097779555911182,0.0033473329385742545,0.02169724996201694,0.06889275007415563,0.005798999918624759,0.008016166044399142,0.00036683399230241776,0.10948316694702953,0.0006773750064894557,0.3636524999747053,0.9964037266114816,0.8473514503446435,0.7154543738579378,1.44e-06,1.6e-07,sparse,5.080888999999985,0.785927916993387,28.04961395263672,451.40625,451.5625,0.15625
1.0,Gaussian random projection,6,120260433,5000,3,3,6246,0.6164,0.005828908714769169,0.005691990730154596,0.21221462497487664,0.01699174998793751,0.4832320419372991,0.018455957993865013,109,0.0218,3.7476,13.0,6288.9660736000005,1.2577932147200002,3.7733796441600003,0.11097779555911182,0.003342667012475431,0.022521291044540703,0.05859425000380725,0.013503708993084729,0.001775624928995967,0.0003831670619547367,0.10093312500976026,0.00012112502008676529,0.38217391597572714,0.9958351805582231,0.8471718189073895,0.7124345409683883,1.44e-06,1.6e-07,sparse,5.115257999999983,0.7847316670231521,28.041940689086914,451.5625,451.671875,0.109375
1.0,Gaussian random projection,7,120260434,5000,3,3,6359,0.6472,0.0014023009974609088,0.0013878099009726284,0.22097045800182968,0.016947417054325342,0.393768958048895,0.017697208910249174,128,0.0256,3.8154,12.0,6288.9660736000005,1.2577932147200002,3.7733796441600003,0.11097779555911182,0.003284499980509281,0.02356458397116512,0.06525041698478162,0.008048374904319644,0.004006708972156048,0.0011292920680716634,0.10591124999336898,0.0003805409651249647,0.2874727910384536,0.9971165125011184,0.8790161483811659,0.6316824570531026,1.44e-06,1.6e-07,sparse,4.577265000000011,0.7007987090619281,28.080683708190918,451.671875,451.671875,0.0
1.0,Gaussian random projection,8,120260435,5000,3,3,6248,0.6318,0.0035390221613860098,0.003953949479026321,0.20726070797536522,0.01621541695203632,0.5188488330459222,0.01662720798049122,103,0.0206,3.7488,13.0,6288.9660736000005,1.2577932147200002,3.7733796441600003,0.11097779555911182,0.0032836669124662876,0.019913958036340773,0.05033512494992465,0.010147875058464706,0.00663658301346004,0.0002547500189393759,0.09147325006779283,0.0002489580074325204,0.42712275008670986,0.9951816094787848,0.8415663331873492,0.7423210830893368,1.44e-06,1.6e-07,sparse,5.548889000000003,0.8094076670240611,28.042072296142578,451.671875,451.671875,0.0
1.0,Gaussian random projection,9,120260436,5000,3,3,6141,0.5852,0.021207084749909514,0.019097103741861732,0.20722162502352148,0.015786958043463528,0.43367449997458607,0.018010291969403625,132,0.0264,3.6846,13.0,6288.9660736000005,1.2577932147200002,3.7733796441600003,0.11097779555911182,0.003273624926805496,0.018936625099740922,0.043781707994639874,0.007090041064657271,0.0057409589644521475,0.00032479199580848217,0.0812510420801118,0.0005483749555423856,0.35187066602520645,0.9959546780502878,0.83175492746039,0.6566786661278456,1.44e-06,1.6e-07,sparse,5.029762000000005,0.7220165829639882,28.00262451171875,451.671875,451.671875,0.0
1.0,Gaussian random projection,10,120260437,5000,3,3,6189,0.6348,0.002227994101993046,0.0022960054580080597,0.21258187503553927,0.016335749998688698,0.3988644579658285,0.017914124997332692,122,0.0244,3.7134,11.0,6288.9660736000005,1.2577932147200002,3.7733796441600003,0.11097779555911182,0.003294541034847498,0.02111879107542336,0.03816724999342114,0.003852666006423533,0.0034030829556286335,0.00022579100914299488,0.07067183393519372,0.0003860839642584324,0.32780287496279925,0.9946108173420223,0.8568095720354871,0.6277784178964794,1.44e-06,1.6e-07,sparse,4.828310000000016,0.6987303750356659,28.02008056640625,451.671875,451.734375,0.0625
2.0,Gaussian random projection,1,220260428,5000,3,3,12440,0.1648,0.5671539464951804,0.49032718993920144,0.4153410830767825,0.03085374995134771,0.3998589999973774,0.017661500023677945,3,0.0006,7.464,20.0,12577.932147200001,2.5155864294400003,7.5467592883200005,0.11097779555911182,0.003510457929223776,0.03336808399762958,0.07523404201492667,0.010290417005307972,0.011722791939973831,0.00040429190266877413,0.13569366710726172,0.002138042007572949,0.2620207089930773,0.9997345732451456,0.7248373989296565,0.8460472511360422,2.88e-06,3.2e-07,sparse,5.333684000000005,0.9648848340148106,30.277803421020508,451.734375,453.5625,1.828125
2.0,Gaussian random projection,2,220260429,5000,3,3,12673,0.14,0.6239600733873196,0.5432086296602486,0.41720775002613664,0.03160091594327241,0.35477662505581975,0.029642832931131124,2,0.0004,7.6038,21.0,12577.932147200001,2.5155864294400003,7.5467592883200005,0.11097779555911182,0.0034453750122338533,0.034331041970290244,0.05311929096933454,0.019797165994532406,0.007414082996547222,0.0004788340302184224,0.11980358406435698,0.0005547089967876673,0.23441408306825906,0.9998086654136084,0.726342553345051,0.8035810420988128,2.88e-06,3.2e-07,sparse,4.732998000000009,0.9356507080374286,30.3640079498291,453.5625,454.09375,0.53125
2.0,Gaussian random projection,3,220260430,5000,3,3,12673,0.1386,0.6275596670742732,0.5471140966243687,0.4052039999514818,0.030566041939891875,0.374038084060885,0.01808149996213615,1,0.0002,7.6038,19.0,12577.932147200001,2.5155864294400003,7.5467592883200005,0.11097779555911182,0.003367958008311689,0.031133958022110164,0.05442366690840572,0.012747750035487115,0.0028535410529002547,0.00032929203007370234,0.10605858394410461,0.0004427499370649457,0.26753212499897927,0.9997148645403938,0.7294662129883345,0.8098035007715225,2.88e-06,3.2e-07,sparse,4.763044000000008,0.9290635420475155,30.360549926757812,454.09375,454.15625,0.0625
2.0,Gaussian random projection,4,220260431,5000,3,3,12698,0.1218,0.667878286002719,0.5860827065831518,0.40505041601136327,0.030708582955412567,0.29326412500813603,0.023976542055606842,4,0.0008,7.6188,20.0,12577.932147200001,2.5155864294400003,7.5467592883200005,0.11097779555911182,0.0033483749721199274,0.030178582994267344,0.04655325005296618,0.010335583006963134,0.005306791979819536,0.0003077499568462372,0.09683291695546359,0.00040437502320855856,0.19602141703944653,0.9997376028296935,0.7307489770752363,0.7290177079848945,2.88e-06,3.2e-07,sparse,4.362835999999987,0.8731315420009196,30.36931800842285,454.15625,460.40625,6.25
2.0,Gaussian random projection,5,220260432,5000,3,3,12696,0.1394,0.6253596041714309,0.5451092297343718,0.40515458304435015,0.030318249948322773,0.3999382919864729,0.019037624937482178,4,0.0008,7.6176,20.0,12577.932147200001,2.5155864294400003,7.5467592883200005,0.11097779555911182,0.0033928329357877374,0.03354891703929752,0.0713190829847008,0.011220167041756213,0.006003207992762327,0.0011240419698879123,0.1280760420486331,0.0005094578955322504,0.27134583389852196,0.9996998722647392,0.7285259870966623,0.8354041668353602,2.88e-06,3.2e-07,sparse,4.83301800000001,0.9630776250269264,30.369037628173828,460.40625,461.0625,0.65625
2.0,Gaussian random projection,6,220260433,5000,3,3,12708,0.15,0.6004761983457945,0.5209558640433832,0.41392245795577765,0.03301395894959569,0.3922472089761868,0.017909166985191405,5,0.001,7.6248,21.0,12577.932147200001,2.5155864294400003,7.5467592883200005,0.11097779555911182,0.0034190829610452056,0.0343972499249503,0.0633103339932859,0.019190583028830588,0.007313249981962144,0.00034675002098083496,0.12898525001946837,0.00013345899060368538,0.2631239170441404,0.9997359469303135,0.7234110523883441,0.8391790429595858,2.88e-06,3.2e-07,sparse,4.884012000000013,0.967835291987285,30.375117301940918,461.0625,461.078125,0.015625
2.0,Gaussian random projection,7,220260434,5000,3,3,12690,0.1524,0.5949141722932297,0.5154338192301838,0.4282805409748107,0.0298237920505926,0.3238585419021547,0.025452749920077622,1,0.0002,7.614,20.0,12577.932147200001,2.5155864294400003,7.5467592883200005,0.11097779555911182,0.0033668330870568752,0.03168254194315523,0.07741166593041271,0.016420416068285704,0.007101042079739273,0.0003690839512273669,0.1371253749821335,0.0001300000585615635,0.18659804202616215,0.9997632027929783,0.7249172037547185,0.7819577500922605,2.88e-06,3.2e-07,sparse,4.450269999999989,0.9277446659980342,30.369365692138672,461.078125,467.65625,6.578125
2.0,Gaussian random projection,8,220260435,5000,3,3,12538,0.1614,0.5743104842598363,0.4966683555174445,0.40578800009097904,0.03046420798636973,0.31433041708078235,0.02694733301177621,4,0.0008,7.5228,21.0,12577.932147200001,2.5155864294400003,7.5467592883200005,0.11097779555911182,0.003443917026743293,0.03307720902375877,0.07463808299507946,0.01764495891984552,0.004786291043274105,0.0008990410715341568,0.13554554199799895,0.0005130419740453362,0.1782675840659067,0.9997322504973831,0.7256067360047568,0.7505783761152998,2.88e-06,3.2e-07,sparse,4.121013000000005,0.9001987079391256,30.31296443939209,467.65625,467.75,0.09375
2.0,Gaussian random projection,9,220260436,5000,3,3,12507,0.1538,0.5917633341855791,0.5129548639862088,0.4183657079702243,0.03144862502813339,0.44336612499319017,0.018676458043046296,3,0.0006,7.5042,18.0,12577.932147200001,2.5155864294400003,7.5467592883200005,0.11097779555911182,0.0037985830567777157,0.03712420805823058,0.07549545797519386,0.02126495901029557,0.006566707976162434,0.00043408293277025223,0.14659091597422957,0.0002837920328602195,0.2964855000609532,0.9997836803951398,0.7280895031743048,0.8931745410664007,2.88e-06,3.2e-07,sparse,4.700554000000011,1.0203882500063628,30.30139446258545,467.75,473.984375,6.234375
2.0,Gaussian random projection,10,220260437,5000,3,3,12588,0.1442,0.6140639499738241,0.5339229523945317,0.4129191250540316,0.02979316597338766,0.38421304209623486,0.016562582924962044,1,0.0002,7.5528,19.0,12577.932147200001,2.5155864294400003,7.5467592883200005,0.11097779555911182,0.0033960830187425017,0.03352912503760308,0.05550429201684892,0.01691641705110669,0.0023722919868305326,0.00022612500470131636,0.11298133397940546,0.00024262501392513514,0.2709846249781549,0.999789905127361,0.726518266352575,0.8269208749989048,2.88e-06,3.2e-07,sparse,4.71774400000001,0.9416348750237375,30.331756591796875,473.984375,473.984375,0.0
4.0,Gaussian random projection,1,420260428,5000,3,3,25519,0.0248,0.9269915209904053,0.8800753965429555,0.8929935831110924,0.06773983302991837,0.6391197909833863,0.017352916998788714,0,0.0,15.3114,31.0,25155.864294400002,5.031172858880001,15.093518576640001,0.11097779555911182,0.0035219999263063073,0.07718191703315824,0.2509985000360757,0.020383083960041404,0.004863208043389022,0.0019797919085249305,0.35977587499655783,0.0004890830023214221,0.27884904097300023,0.9999781806951107,0.6855980363125923,1.5998474151128903,5.76e-06,6.4e-07,sparse,7.655938999999989,1.8196913340361789,34.99045276641846,473.984375,483.625,9.640625
4.0,Gaussian random projection,2,420260429,5000,3,3,25326,0.0226,0.9333466640893509,0.8878539306221662,0.8240444579860196,0.06041491695214063,0.31596962502226233,0.029234457993879914,0,0.0,15.1956,29.0,25155.864294400002,5.031172858880001,15.093518576640001,0.11097779555911182,0.0035678750136867166,0.058084749965928495,0.056546667008660734,0.012210582965053618,0.004779416951350868,0.00030816695652902126,0.13771783304400742,0.00017849996220320463,0.17806829197797924,0.999981138277959,0.690433764463651,1.20042399992235,5.76e-06,6.4e-07,sparse,4.9199839999999995,1.4746392919914797,34.92021656036377,482.625,484.359375,1.734375
4.0,Gaussian random projection,3,420260430,5000,3,3,24917,0.0276,0.9188960807738072,0.8679522502045434,0.8386283339932561,0.05931645794771612,0.370290125021711,0.027402832987718284,0,0.0,14.9502,30.0,25155.864294400002,5.031172858880001,15.093518576640001,0.11097779555911182,0.0034215000923722982,0.0551313329488039,0.14556850004009902,0.010914582991972566,0.004005542024970055,0.0005600419826805592,0.2204421249916777,0.0008498328970745206,0.14898983296006918,0.9999786387211659,0.6922098206163535,1.2682265827897936,5.76e-06,6.4e-07,sparse,5.368358999999998,1.5519467080011964,34.776490211486816,483.890625,484.421875,0.53125
4.0,Gaussian random projection,4,420260431,5000,3,3,25209,0.024,0.9292415794979199,0.8828299260460104,0.8281283749965951,0.059220542083494365,0.418463584035635,0.04183829191606492,0,0.0,15.1254,34.0,25155.864294400002,5.031172858880001,15.093518576640001,0.11097779555911182,0.0034716660156846046,0.05193370894994587,0.15149362501688302,0.01488908298779279,0.016134667093865573,0.00030499999411404133,0.23871383408550173,0.000533499987795949,0.1792121670441702,0.9999747386178411,0.6879251453260206,1.3058084181975573,5.76e-06,6.4e-07,sparse,5.746978999999982,1.5804252079688013,34.87799835205078,484.421875,484.1875,-0.234375
4.0,Gaussian random projection,5,420260432,5000,3,3,25154,0.0238,0.9298337746532963,0.8831637011587351,0.8567449999973178,0.060107459081336856,0.354235416976735,0.030166290933266282,0,0.0,15.0924,32.0,25155.864294400002,5.031172858880001,15.093518576640001,0.11097779555911182,0.0034763329895213246,0.05590012494940311,0.062373667024075985,0.012734459014609456,0.0032994579523801804,0.00026050000451505184,0.1386170000769198,0.00039958301931619644,0.21521504200063646,0.99998151689851,0.6903602264587397,1.271084084175527,5.76e-06,6.4e-07,sparse,5.382691999999992,1.5081834170268849,34.860453605651855,484.1875,496.78125,12.59375
4.0,Gaussian random projection,6,420260433,5000,3,3,25076,0.0224,0.9339285018629999,0.8891355671090064,0.8273639580002055,0.05856000003404915,0.34601541701704264,0.02589770790655166,0,0.0,15.0456,30.0,25155.864294400002,5.031172858880001,15.093518576640001,0.11097779555911182,0.0035981250694021583,0.051128042046912014,0.049495041952468455,0.025546667049638927,0.003522041952237487,0.0002823339309543371,0.13436087500303984,0.0008030420867726207,0.21084512490779161,0.999980682143216,0.6849317144143929,1.2319330000318587,5.76e-06,6.4e-07,sparse,5.1739729999999895,1.4790652500232682,34.82874870300293,496.78125,496.59375,-0.1875
4.0,Gaussian random projection,7,420260434,5000,3,3,25157,0.0232,0.9315919866551514,0.8854967412144688,0.8330858330009505,0.0597015410894528,0.38794079201761633,0.03805524995550513,0,0.0,15.0942,32.0,25155.864294400002,5.031172858880001,15.093518576640001,0.11097779555911182,0.003340334049426019,0.05619120807386935,0.07204224995803088,0.029761416953988373,0.00428591703530401,0.0003042499301955104,0.16726937505882233,0.0006758329691365361,0.21998841606546193,0.9999804767113729,0.6871310926676248,1.2807209981838241,5.76e-06,6.4e-07,sparse,5.5210349999999835,1.529950833064504,34.86229419708252,496.59375,498.234375,1.640625
4.0,Gaussian random projection,8,420260435,5000,3,3,25161,0.0246,0.9275402434128269,0.8798908781269072,0.8157025000546128,0.06323420803528279,0.3559701250633225,0.02706091699656099,0,0.0,15.0966,32.0,25155.864294400002,5.031172858880001,15.093518576640001,0.11097779555911182,0.0038812500424683094,0.0523115829564631,0.054300625110045075,0.01076958398334682,0.005941707990132272,0.0002834170591086149,0.12873445800505579,0.00024524994660168886,0.22698616702109575,0.9999812059174286,0.6847484239869007,1.2349025830626488,5.76e-06,6.4e-07,sparse,5.271599999999978,1.468272458994761,34.85830307006836,498.234375,498.234375,0.0
4.0,Gaussian random projection,9,420260436,5000,3,3,25100,0.0222,0.9345076939573295,0.8895983709727476,0.8009218749357387,0.0581906660227105,0.3105300000170246,0.028570458060130477,0,0.0,15.06,34.0,25155.864294400002,5.031172858880001,15.093518576640001,0.11097779555911182,0.0032762920018285513,0.05100024992134422,0.05793500004801899,0.009741083020344377,0.004589624935761094,0.00028612499590963125,0.1277478749398142,0.0006075419951230288,0.18216887500602752,0.9999786375394071,0.6915286537957394,1.169636832899414,5.76e-06,6.4e-07,sparse,5.050826000000029,1.4146480419440195,34.840946197509766,498.234375,498.484375,0.25
4.0,Gaussian random projection,10,420260437,5000,3,3,25038,0.022,0.9350812434594681,0.890236521909254,0.8166205000597984,0.05946170806419104,0.28367754200007766,0.026185624999925494,0,0.0,15.0228,29.0,25155.864294400002,5.031172858880001,15.093518576640001,0.11097779555911182,0.003379874979145825,0.05546108307316899,0.0648300830507651,0.016481125028803945,0.007160415989346802,0.0006044160109013319,0.14867720904294401,0.00024449999909847975,0.13474854198284447,0.9999826886834738,0.6907656967175678,1.1597524591488764,5.76e-06,6.4e-07,sparse,4.725118000000009,1.434210375067778,34.81606864929199,498.484375,499.984375,1.5
8.0,Gaussian random projection,1,820260428,5000,3,3,50446,0.0006,0.998200360072072,0.995402410188165,1.6334874999010935,0.12095562496688217,0.5080989160342142,0.020987833035178483,0,0.0,30.2676,54.0,50311.728588800004,10.062345717760001,30.187037153280002,0.11097779555911182,0.0034061670303344727,0.09589999995660037,0.0687955419998616,0.025893750018440187,0.0069850420113652945,0.0004512079758569598,0.202829375048168,0.0006346669979393482,0.30462908290792257,0.9999968154176826,0.667414179685811,2.2625362498220056,1.152e-05,1.28e-06,sparse,6.136466999999982,2.7905341250589117,43.928964614868164,499.546875,483.703125,-15.84375
8.0,Gaussian random projection,2,820260429,5000,3,3,50352,0.0008,0.9976007204804033,0.9941222151280513,1.6668118750676513,0.11664337501861155,0.29923508304636925,0.028113166918046772,0,0.0,30.2112,52.0,50311.728588800004,10.062345717760001,30.187037153280002,0.11097779555911182,0.0031949999975040555,0.08778208401054144,0.050275957910344005,0.022366208024322987,0.0029982919804751873,0.0005265830550342798,0.16799329209607095,0.00013633398339152336,0.13110141700599343,0.9999971322076602,0.6682318216250647,2.0826862931717187,1.152e-05,1.28e-06,sparse,5.63600699999995,2.5445542089873925,43.899967193603516,482.703125,448.6875,-34.015625
8.0,Gaussian random projection,3,820260430,5000,3,3,50061,0.0016,0.9952045042015769,0.9890019248782425,1.680479250033386,0.12786237499676645,0.5721661249408498,0.01759758300613612,0,0.0,30.0366,51.0,50311.728588800004,10.062345717760001,30.187037153280002,0.11097779555911182,0.003342582960613072,0.09803049999754876,0.14585574995726347,0.04506120795849711,0.005781208979897201,0.0002317499602213502,0.299457999994047,0.0007096669869497418,0.2719907920109108,0.9999971795155876,0.6654112036861131,2.38050008402206,1.152e-05,1.28e-06,sparse,7.751080999999999,2.7910824170103297,43.7961311340332,447.6875,415.734375,-31.953125
8.0,Gaussian random projection,4,820260431,5000,3,3,50628,0.001,0.9970016207084429,0.9925899222507982,1.6306045419769362,0.11695233301725239,0.3890027090674266,0.029496208066120744,0,0.0,30.3768,55.0,50311.728588800004,10.062345717760001,30.187037153280002,0.11097779555911182,0.003274083021096885,0.09279112494550645,0.06362833396997303,0.029828959028236568,0.0042816660134121776,0.000282666995190084,0.1955470839748159,0.0003649169811978936,0.19308116694446653,0.9999968714498261,0.6694950394894679,2.136550042894669,1.152e-05,1.28e-06,sparse,6.405879999999968,2.597310125012882,44.00030708312988,415.734375,426.75,11.015625
8.0,Gaussian random projection,5,820260432,5000,3,3,50009,0.0014,0.9958039624250503,0.9901251706119965,1.6114893750054762,0.11039983294904232,0.2636722909519449,0.01587608305271715,0,0.0,30.0054,51.0,50311.728588800004,10.062345717760001,30.187037153280002,0.11097779555911182,0.003266707994043827,0.0845245000673458,0.04635058401618153,0.01749029103666544,0.001840875018388033,0.0013126659905537963,0.1556144580245018,0.0002013749908655882,0.10785245802253485,0.9999974007954756,0.6685803395896678,1.9855574989924207,1.152e-05,1.28e-06,sparse,5.44886200000002,2.4208492500474676,43.779266357421875,426.75,433.109375,6.359375
8.0,Gaussian random projection,6,820260433,5000,3,3,50370,0.0014,0.9958028814888351,0.9895251714387666,1.5844064590055496,0.11769283295143396,0.3153027920052409,0.023918000049889088,0,0.0,30.222,51.0,50311.728588800004,10.062345717760001,30.187037153280002,0.11097779555911182,0.003207750036381185,0.09212112496607006,0.05511141603346914,0.015198749955743551,0.0045339580392464995,0.00031220901291817427,0.17185149993747473,0.00028137501794844866,0.14316354203037918,0.9999975065852689,0.6680147865482573,2.017395708942786,1.152e-05,1.28e-06,sparse,5.589472000000001,2.484079291927628,43.899712562561035,433.109375,385.65625,-47.453125
8.0,Gaussian random projection,7,820260434,5000,3,3,49837,0.001,0.9970016214289176,0.9925899208282899,1.6210038750432432,0.11440025002229959,0.3120163339190185,0.028694875072687864,0,0.0,29.9022,53.0,50311.728588800004,10.062345717760001,30.187037153280002,0.11097779555911182,0.003340750001370907,0.08800541691016406,0.040075625060126185,0.027548916987143457,0.00680483307223767,0.00030937499832361937,0.16661529196426272,0.00012974999845027924,0.14526612497866154,0.9999966869803598,0.6671380683043259,2.0474152920069173,1.152e-05,1.28e-06,sparse,5.74824000000001,2.5282533339923248,43.71652030944824,385.65625,385.5625,-0.09375
8.0,Gaussian random projection,8,820260435,5000,3,3,50147,0.0012,0.9964025225933664,0.9913098888751156,1.658725209068507,0.11223558289930224,0.31382549996487796,0.022090750047937036,0,0.0,30.0882,52.0,50311.728588800004,10.062345717760001,30.187037153280002,0.11097779555911182,0.0031218749936670065,0.08675466699060053,0.04988729197066277,0.018267500097863376,0.005422624992206693,0.0003404580056667328,0.16458737500943244,0.00022612500470131636,0.1490055830217898,0.9999977714379523,0.6679305849423895,2.0847798750037327,1.152e-05,1.28e-06,sparse,5.907071999999971,2.5241044589783996,43.82970333099365,385.5625,394.953125,9.390625
8.0,Gaussian random projection,9,820260436,5000,3,3,50452,0.0004,0.9988000000961729,0.9969348669751004,1.598717249929905,0.12656462495215237,0.45766891702078283,0.02946333307772875,0,0.0,30.2712,52.0,50311.728588800004,10.062345717760001,30.187037153280002,0.11097779555911182,0.0034868749789893627,0.11563220794778317,0.06318004196509719,0.0415183330187574,0.007806250010617077,0.0015838330145925283,0.2352479170076549,0.00028087489772588015,0.2221326659200713,0.9999968179527061,0.6691520397751383,2.1829433327075094,1.152e-05,1.28e-06,sparse,6.630075999999974,2.630710541969165,43.929890632629395,394.953125,408.40625,13.453125
8.0,Gaussian random projection,10,820260437,5000,3,3,50418,0.0004,0.998799999952,0.9969348672771586,1.6388975828886032,0.11265008302871138,0.31539108301512897,0.03163704206235707,0,0.0,30.2508,49.0,50311.728588800004,10.062345717760001,30.187037153280002,0.11097779555911182,0.003194958087988198,0.08887258300092071,0.05082379200030118,0.022486167028546333,0.0017377090407535434,0.00021724996622651815,0.1677132089389488,0.00010266609024256468,0.14757000003010035,0.999997072185187,0.6678757343389032,2.0669335409766063,1.152e-05,1.28e-06,sparse,5.895573000000013,2.526906167040579,43.92386341094971,408.40625,421.28125,12.875
16.0,Gaussian random projection,1,1620260428,5000,3,3,100551,0.0,1.0,1.0,3.368761125020683,0.24344162503257394,0.3858926669927314,0.029968999908305705,0,0.0,60.3306,90.0,100623.45717760001,20.124691435520003,60.374074306560004,0.11097779555911182,0.0033687499817460775,0.16682649997528642,0.039769541937857866,0.0352393330540508,0.002416208037175238,0.00022308295592665672,0.2482228330336511,0.0002755840541794896,0.13739066699054092,0.9999991681134678,0.6581369909480673,3.9980918341316283,2.304e-05,2.56e-06,sparse,8.217205000000035,4.918852249975316,61.785512924194336,421.28125,450.75,29.46875
16.0,Gaussian random projection,2,1620260429,5000,3,3,100095,0.0,1.0,1.0,3.3819124170113355,0.2412082499358803,0.4113709169905633,0.02777012495789677,0,0.0,60.057,93.0,100623.45717760001,20.124691435520003,60.374074306560004,0.11097779555911182,0.003519207937642932,0.17598462500609457,0.056942707975395024,0.0602347090607509,0.005630875006318092,0.00047500000800937414,0.3041657080175355,0.00025108305271714926,0.10694983403664082,0.9999992730732478,0.6573984957859395,4.034487292054109,2.304e-05,2.56e-06,sparse,8.246452000000033,4.930620083003305,61.62435245513916,445.75,465.1875,19.4375
16.0,Gaussian random projection,3,1620260430,5000,3,3,100475,0.0,1.0,1.0,3.2873558750143275,0.2561559579335153,0.5233073750277981,0.026046875049360096,0,0.0,60.285,88.0,100623.45717760001,20.124691435520003,60.374074306560004,0.11097779555911182,0.0033820419339463115,0.1777752919588238,0.05905037501361221,0.051691208966076374,0.022368957987055182,0.0020232079550623894,0.3173304999945685,0.0007293749367818236,0.2052399159874767,0.9999993492139152,0.6604719584078556,4.06681162386667,2.304e-05,2.56e-06,sparse,8.922054000000003,4.985931665985845,61.746084213256836,462.1875,479.265625,17.078125
16.0,Gaussian random projection,4,1620260431,5000,3,3,101014,0.0,1.0,1.0,3.2940472500631586,0.25119491608347744,0.401209665928036,0.025590791017748415,0,0.0,60.6084,96.0,100623.45717760001,20.124691435520003,60.374074306560004,0.11097779555911182,0.0036698339972645044,0.18258675001561642,0.05382345791440457,0.04290945897810161,0.005701292073354125,0.0004152919864282012,0.2898175830487162,0.0005064579891040921,0.11088099994231015,0.9999993949339574,0.6568574440861191,3.9464472071267664,2.304e-05,2.56e-06,sparse,8.030688999999995,4.857996333041228,61.945441246032715,476.265625,480.921875,4.65625
16.0,Gaussian random projection,5,1620260432,5000,3,3,101029,0.0,1.0,1.0,3.3743487909669057,0.23226083302870393,0.38895495794713497,0.020665042102336884,0,0.0,60.6174,99.0,100623.45717760001,20.124691435520003,60.374074306560004,0.11097779555911182,0.003176625003106892,0.16568129195366055,0.048426833003759384,0.040656124940142035,0.006543625029735267,0.00026875000912696123,0.2655399169307202,0.00048287492245435715,0.12292833300307393,0.9999994154973402,0.6553877514485219,3.995560748851858,2.304e-05,2.56e-06,sparse,8.178562999999997,4.865771958022378,61.94727325439453,478.921875,495.96875,17.046875
16.0,Gaussian random projection,6,1620260433,5000,3,3,100311,0.0,1.0,1.0,3.284607084002346,0.22808841709047556,0.5811545000178739,0.018599792034365237,0,0.0,60.1866,87.0,100623.45717760001,20.124691435520003,60.374074306560004,0.11097779555911182,0.003255333984270692,0.17142862500622869,0.05606383294798434,0.060148166958242655,0.00629304104950279,0.00029666698537766933,0.2979416250018403,0.00021729094441980124,0.2829919579671696,0.9999991525582327,0.6583045337359185,4.093846375006251,2.304e-05,2.56e-06,sparse,9.468673999999965,4.952282665995881,61.702301025390625,495.890625,505.03125,9.140625
16.0,Gaussian random projection,7,1620260434,5000,3,3,100544,0.0,1.0,1.0,3.308556417003274,0.2638962500495836,0.6620999579317868,0.0214949999935925,0,0.0,60.3264,90.0,100623.45717760001,20.124691435520003,60.374074306560004,0.11097779555911182,0.0033579160226508975,0.18362962501123548,0.163203707896173,0.0481337079545483,0.002655209042131901,0.00030375004280358553,0.40237637504469603,0.0004165829159319401,0.25930020899977535,0.9999993148676808,0.6573292692636923,4.234545834013261,2.304e-05,2.56e-06,sparse,9.80884599999996,5.084014999913052,61.791686058044434,505.03125,503.25,-1.78125
16.0,Gaussian random projection,8,1620260435,5000,3,3,100901,0.0,1.0,1.0,3.4608421659795567,0.23224541696254164,0.40787920798175037,0.02414891601074487,0,0.0,60.5406,93.0,100623.45717760001,20.124691435520003,60.374074306560004,0.11097779555911182,0.0035542920231819153,0.16738462506327778,0.0512040420435369,0.040417500073090196,0.004160290933214128,0.0005157500272616744,0.2687933329725638,0.0004957909695804119,0.13858220796100795,0.9999990963623834,0.6551164325915267,4.1009589148452505,2.304e-05,2.56e-06,sparse,8.364333999999985,4.959840666037053,61.89752388000488,503.25,512.96875,9.71875
16.0,Gaussian random projection,9,1620260436,5000,3,3,100234,0.0,1.0,1.0,3.2912120840046555,0.2310239999787882,0.4137169999303296,0.02646541700232774,0,0.0,60.1404,95.0,100623.45717760001,20.124691435520003,60.374074306560004,0.11097779555911182,0.003169290954247117,0.1607664170442149,0.05633341707289219,0.055361917009577155,0.005335250054486096,0.0002925419248640537,0.28276291699148715,0.00025508401449769735,0.13069333299063146,0.9999992073020615,0.6565409660960131,3.93594741798006,2.304e-05,2.56e-06,sparse,8.387946999999997,4.785452832933515,61.66769981384277,512.96875,515.53125,2.5625
16.0,Gaussian random projection,10,1620260437,5000,3,3,101011,0.0,1.0,1.0,3.1916935000335798,0.22774254204705358,0.41896833409555256,0.02358174999244511,0,0.0,60.6066,91.0,100623.45717760001,20.124691435520003,60.374074306560004,0.11097779555911182,0.0032477499917149544,0.16278679098468274,0.05186524998862296,0.04762112500611693,0.004852666053920984,0.00023095798678696156,0.2713682500179857,0.00011912500485777855,0.1474770000204444,0.9999992752550728,0.6583217742013824,3.838400417123921,2.304e-05,2.56e-06,sparse,8.120115999999996,4.726579625043087,61.94438457489014,515.53125,514.875,-0.65625
