alpha_n,rep,method,error_P,error_Theta,error_B,time_sec,instance_gen_sec,metric_eval_sec,sign_draw_omega_sec,sign_embedding_dim,sign_power_parameter,sign_subspace_iter_sec,sign_reconstruct_sec,sign_build_core_sec,sign_small_eig_sec,sign_lift_sec,sign_kmeans_sec,algo_total_sec,algo_step_sum_sec,algo_other_sec,pipeline_total_sec
0.05,1,SIGN,8.744329212674575,1.3177083333333333,0.012170455009778286,0.2923614999745041,0.017995957983657718,0.15769108291715384,6.616697646677494e-05,13,2,0.00826658308506012,0.007017083931714296,0.0010596669744700193,5.933293141424656e-05,1.537497155368328e-05,0.27587083308026195,0.2923614999745041,0.2923550419509411,6.458023563027382e-06,0.46804854087531567
0.05,2,SIGN,8.530421644115469,1.7552083333333335,0.013517053585320044,0.1196102499961853,0.023530707927420735,0.2766385420691222,0.00012679188512265682,13,2,0.006869500037282705,0.00955950003117323,0.0011335841845721006,9.80000477284193e-05,2.004089765250683e-05,0.10179512505419552,0.1196102499961853,0.11960254213772714,7.707858458161354e-06,0.41977949999272823
0.05,3,SIGN,8.616004493648695,1.6302083333333333,0.013300218722262544,0.23961570905521512,0.025941834086552262,0.19619225012138486,6.704195402562618e-05,13,2,0.010885583935305476,0.007390292128548026,0.004396208096295595,6.71660527586937e-05,9.917188435792923e-06,0.2167917499318719,0.23961570905521512,0.2396079592872411,7.74976797401905e-06,0.46174979326315224
0.05,4,SIGN,8.40399424531807,1.4036458333333335,0.014043697334821331,0.15884145791642368,0.01958445878699422,0.1956084999255836,6.92091416567564e-05,13,2,0.029785000020638108,0.009601709200069308,0.004551374819129705,0.00010449998080730438,2.2625084966421127e-05,0.1146982500795275,0.15884145791642368,0.1588326683267951,8.789589628577232e-06,0.3740344166290015
0.05,5,SIGN,9.161791842077958,1.6484375,0.012942744410711804,0.1060730000026524,0.023705124855041504,0.19334512506611645,0.00010979082435369492,13,2,0.006628416012972593,0.00655587506480515,0.0019969171844422817,7.24999699741602e-05,1.0541873052716255e-05,0.09069258300587535,0.1060730000026524,0.10606662393547595,6.37606717646122e-06,0.32312324992381036
0.05,6,SIGN,7.890359121170086,1.15625,0.011999696600645954,0.1642203328665346,0.017850416945293546,0.15973337483592331,0.00011150003410875797,13,2,0.009286666056141257,0.006732833106070757,0.0008132499642670155,6.212480366230011e-05,9.249895811080933e-06,0.14719829219393432,0.1642203328665346,0.1642139160539955,6.416812539100647e-06,0.34180412464775145
0.05,7,SIGN,8.268387145522283,1.3359375,0.01209134860560853,0.16771616600453854,0.01761595788411796,0.18674208386801183,6.408314220607281e-05,13,2,0.008443834027275443,0.007928959093987942,0.0026717919390648603,0.00011720787733793259,1.7250189557671547e-05,0.1484641251154244,0.16771616600453854,0.16770725138485432,8.91461968421936e-06,0.37207420775666833
0.05,8,SIGN,8.275883268096177,1.4375,0.011912772187352615,0.1775192089844495,0.02056933310814202,0.16689533391036093,7.345806807279587e-05,13,2,0.004367999965324998,0.008680083090439439,0.0014695830177515745,0.00012674997560679913,2.7709174901247025e-05,0.16276737488806248,0.1775192089844495,0.17751295818015933,6.250804290175438e-06,0.36498387600295246
0.05,9,SIGN,8.491203633578557,1.4453125,0.011884606911267609,0.1615728340111673,0.02429262502118945,0.1769905830733478,6.783311255276203e-05,13,2,0.008856124943122268,0.0069162920117378235,0.0037883748300373554,8.241599425673485e-05,9.167008101940155e-06,0.1418461250141263,0.1615728340111673,0.16156633291393518,6.501097232103348e-06,0.36285604210570455
0.05,10,SIGN,8.605266043869587,1.53125,0.012694531064433474,0.127147417049855,0.021774583961814642,0.1631090419832617,6.620818749070168e-05,13,2,0.002466208068653941,0.006144125014543533,0.0005779580678790808,5.700020119547844e-05,8.707866072654724e-06,0.11782208294607699,0.127147417049855,0.12714229035191238,5.126697942614555e-06,0.31203104299493134
0.05,11,SIGN,8.325279860815218,1.4036458333333335,0.012265707700503226,0.16261929110623896,0.020055500091984868,0.23206554213538766,0.00011841696687042713,13,2,0.011303749866783619,0.007101041032001376,0.003214042168110609,0.00010316609404981136,1.9250204786658287e-05,0.14075262495316565,0.16261929110623896,0.16261229128576815,6.9998204708099365e-06,0.4147403333336115
0.05,12,SIGN,8.583941619618631,1.65625,0.013994274883709204,0.1588881250936538,0.02067837491631508,0.1303023339714855,6.320816464722157e-05,13,2,0.007058084011077881,0.005754832876846194,0.0022722079884260893,0.0001463748048990965,1.0542105883359909e-05,0.14357637497596443,0.1588881250936538,0.15888162492774427,6.500165909528732e-06,0.3098688339814544
0.05,13,SIGN,8.922049804426749,1.6510416666666665,0.013951437890589627,0.13964037504047155,0.016575833084061742,0.15880408394150436,7.595797069370747e-05,13,2,0.0031637910287827253,0.0067198751494288445,0.0009353749919682741,0.00010754214599728584,2.0666979253292084e-05,0.1286112500820309,0.13964037504047155,0.13963445834815502,5.916692316532135e-06,0.31502029206603765
0.05,14,SIGN,8.247373989531027,1.3203125,0.01242816225377117,0.256151334149763,0.019178332993760705,0.21744254208169878,0.0001236249227076769,13,2,0.008056042017415166,0.00835500005632639,0.0052804171573370695,6.666616536676884e-05,8.95792618393898e-06,0.23425050009973347,0.256151334149763,0.2561412083450705,1.012580469250679e-05,0.49277220922522247
0.05,15,SIGN,8.956849533351264,1.578125,0.01276673785208493,0.20977454190142453,0.017393375048413873,0.3068132500629872,9.379186667501926e-05,13,2,0.004579999949783087,0.008199166972190142,0.0011403330136090517,0.00010295887477695942,1.9625062122941017e-05,0.1956321659963578,0.20977454190142453,0.209768041735515,6.500165909528732e-06,0.5339811670128256
0.05,16,SIGN,8.45231239794851,1.5911458333333333,0.013350374319917077,0.1425442500039935,0.022970000049099326,0.22850333317182958,7.737497799098492e-05,13,2,0.005613040877506137,0.00811808300204575,0.0007084999233484268,8.27079638838768e-05,1.2832926586270332e-05,0.1279215000104159,0.1425442500039935,0.14253403968177736,1.0210322216153145e-05,0.3940175832249224
0.05,17,SIGN,8.301707567000637,1.296875,0.012598263484864425,0.15126404212787747,0.014622958144173026,0.23441820801235735,6.624986417591572e-05,13,2,0.0031011251267045736,0.004255957901477814,0.0011347499676048756,0.00010970793664455414,1.00000761449337e-05,0.14257945818826556,0.15126404212787747,0.15125724906101823,6.7930668592453e-06,0.40030520828440785
0.05,18,SIGN,7.986875239060485,1.3515625,0.01171527930729823,0.27813566685654223,0.018590583000332117,0.19923029118217528,6.925011985003948e-05,13,2,0.006689374800771475,0.010746625019237399,0.0018737921491265297,7.28340819478035e-05,8.875038474798203e-06,0.25866679195314646,0.27813566685654223,0.2781275431625545,8.123693987727165e-06,0.4959565410390496
0.05,19,SIGN,8.659382640620493,1.7265625,0.012391529076865457,0.30252250004559755,0.017199042020365596,0.22364916699007154,7.479218766093254e-05,13,2,0.019644625019282103,0.02210420905612409,0.010348582873120904,6.89169391989708e-05,9.082956239581108e-06,0.2502644578926265,0.30252250004559755,0.3025146669242531,7.833121344447136e-06,0.5433707090560347
0.05,20,SIGN,8.55518217117336,1.4479166666666665,0.01309504482857883,0.23519470798783004,0.019091167021542788,0.2078289578203112,7.070810534060001e-05,13,2,0.005569875007495284,0.005881624994799495,0.0011495419312268496,6.391690112650394e-05,8.624978363513947e-06,0.2224442909937352,0.23519470798783004,0.23518858291208744,6.125075742602348e-06,0.462114832829684
0.1,1,SIGN,11.995814840331926,0.4921875,0.01660194876812933,0.16050483286380768,0.020609250059351325,0.20578379090875387,8.17091204226017e-05,13,2,0.007977125002071261,0.008102708030492067,0.0017592499498277903,7.224990986287594e-05,9.290874004364014e-06,0.14249500003643334,0.16050483286380768,0.1604973329231143,7.4999406933784485e-06,0.3868978738319129
0.1,2,SIGN,11.577937225829505,0.49479166666666674,0.014982003234739874,0.14511216594837606,0.023119125049561262,0.15560250007547438,7.608393207192421e-05,13,2,0.006254666019231081,0.005093417130410671,0.0028437920846045017,5.941605195403099e-05,8.458038792014122e-06,0.13076962484046817,0.14511216594837606,0.1451054580975324,6.707850843667984e-06,0.3238337910734117
0.1,3,SIGN,13.571866681839477,0.6067708333333334,0.020066581230908598,0.09637758298777044,0.021434959024190903,0.20215754210948944,7.30000901967287e-05,13,2,0.008437792072072625,0.01659570913761854,0.0005269579123705626,6.395787931978703e-05,8.833827450871468e-06,0.0706644169986248,0.09637758298777044,0.09637066791765392,6.915070116519928e-06,0.3199700841214508
0.1,4,SIGN,11.879823548021156,0.5338541666666666,0.01820817149617736,0.12131475005298853,0.022706374991685152,0.19222120800986886,8.087512105703354e-05,13,2,0.0056974999606609344,0.005631458014249802,0.000533499987795949,6.070896051824093e-05,8.541857823729515e-06,0.10929291695356369,0.12131475005298853,0.12130550085566938,9.249197319149971e-06,0.33624233305454254
0.1,5,SIGN,13.192463614482683,0.5598958333333333,0.01987344491324583,0.12209087517112494,0.018270250177010894,0.17410441697575152,0.0001871250569820404,13,2,0.00827804091386497,0.011851957999169827,0.001029500039294362,0.0001008340623229742,1.991703175008297e-05,0.10061429208144546,0.12209087517112494,0.12208166718482971,9.207986295223236e-06,0.31446554232388735
0.1,6,SIGN,12.24857581600377,0.5390625,0.018809428715659535,0.09608904202468693,0.023185665952041745,0.1751266671344638,0.00010716589167714119,13,2,0.004656166071072221,0.007743707858026028,0.0008215419948101044,0.0001379579771310091,2.5625107809901237e-05,0.08258616598322988,0.09608904202468693,0.09607833088375628,1.0711140930652618e-05,0.29440137511119246
0.1,7,SIGN,12.4772287881755,0.48958333333333326,0.018170712954885662,0.14195758407004178,0.018237749813124537,0.1862047091126442,0.00011725001968443394,13,2,0.00691033317707479,0.006539040943607688,0.003828458022326231,0.0006090840324759483,9.791925549507141e-06,0.12393562495708466,0.14195758407004178,0.14194958307780325,8.000992238521576e-06,0.3464000429958105
0.1,8,SIGN,11.603120098604792,0.42447916666666663,0.015609448248486354,0.12660516612231731,0.02104033320210874,0.20045670797117054,0.00010924995876848698,13,2,0.004776165820658207,0.006928334012627602,0.001124334055930376,6.795884110033512e-05,9.082956239581108e-06,0.1135824581142515,0.12660516612231731,0.12659758375957608,7.582362741231918e-06,0.3481022072955966
0.1,9,SIGN,11.938190812097185,0.5234375,0.015681454493130784,0.11620670789852738,0.01869337516836822,0.19862533290870488,6.733299233019352e-05,13,2,0.0062616250943392515,0.008306416915729642,0.0006490419618785381,0.00011208304204046726,1.433398574590683e-05,0.10078820819035172,0.11620670789852738,0.11619904218241572,7.665716111660004e-06,0.3335254159756005
0.1,10,SIGN,12.027196071499725,0.45572916666666663,0.017860618691896923,0.11844487488269806,0.02005508402362466,0.19475666712969542,0.00011887494474649429,13,2,0.008625457994639874,0.007033499889075756,0.003561750054359436,8.837482891976833e-05,1.0624993592500687e-05,0.09899900015443563,0.11844487488269806,0.11843758285976946,7.292022928595543e-06,0.33325662603601813
0.1,11,SIGN,12.027846739139845,0.5286458333333333,0.017773141316519345,0.12035958282649517,0.017498583998531103,0.1779772920999676,6.524985656142235e-05,13,2,0.004460499854758382,0.007225082954391837,0.0025203749537467957,0.00011000013910233974,2.0625069737434387e-05,0.10595154203474522,0.12035958282649517,0.12035337486304343,6.207963451743126e-06,0.3158354589249939
0.1,12,SIGN,12.535181829533633,0.4375,0.01840939574606798,0.12919270806014538,0.016696790931746364,0.17575645889155567,7.67088495194912e-05,13,2,0.007667208090424538,0.007227499969303608,0.0013516249600797892,0.00013083312660455704,2.050003968179226e-05,0.11270858300849795,0.12919270806014538,0.12918295804411173,9.750016033649445e-06,0.3216459578834474
0.1,13,SIGN,11.793375533526119,0.41927083333333337,0.01383631770722038,0.1087276660837233,0.01974454103037715,0.1864339169114828,0.00014712498523294926,13,2,0.007162458961829543,0.0073469579219818115,0.001780542079359293,8.395803160965443e-05,9.291106835007668e-06,0.09218541695736349,0.1087276660837233,0.10871575004421175,1.1916039511561394e-05,0.31490612402558327
0.1,14,SIGN,10.995193350224904,0.3697916666666667,0.013697925477753406,0.0956392080988735,0.020386334042996168,0.1931504171807319,8.320785127580166e-05,13,2,0.00903737498447299,0.005899667041376233,0.0017790838610380888,0.00014616688713431358,2.4499837309122086e-05,0.07866075006313622,0.0956392080988735,0.09563075052574277,8.457573130726814e-06,0.30917595932260156
0.1,15,SIGN,13.153444687176632,0.546875,0.01639103475703095,0.14144004206173122,0.019363292027264833,0.182361459126696,0.00011850008741021156,13,2,0.00658308295533061,0.010395999997854233,0.0009078329894691706,0.00012029195204377174,1.1082971468567848e-05,0.12329308316111565,0.14144004206173122,0.1414298741146922,1.016794703900814e-05,0.34316479321569204
0.1,16,SIGN,11.61620432958176,0.4453125,0.014779301116805227,0.134121207986027,0.019862416898831725,0.19366608397103846,6.987503729760647e-05,13,2,0.009330375120043755,0.008310291916131973,0.0009205839596688747,6.933300755918026e-05,9.874813258647919e-06,0.11540549993515015,0.134121207986027,0.13411583378911018,5.374196916818619e-06,0.3476497088558972
0.1,17,SIGN,12.2426447491086,0.36979166666666663,0.012218164463201925,0.10413283295929432,0.019028666894882917,0.17839266709052026,6.670900620520115e-05,13,2,0.0070580418687313795,0.004875707905739546,0.0005922091659158468,0.0012816251255571842,2.808310091495514e-05,0.09022354194894433,0.10413283295929432,0.10412591812200844,6.914837285876274e-06,0.3015541669446975
0.1,18,SIGN,12.660880281777327,0.6901041666666667,0.020347374055970036,0.1353486659936607,0.025766625069081783,0.18564004194922745,8.762488141655922e-05,13,2,0.006086708977818489,0.006303125061094761,0.0027862500865012407,0.00020612496882677078,1.3666925951838493e-05,0.1198547501116991,0.1353486659936607,0.13533825101330876,1.0414980351924896e-05,0.3467553330119699
0.1,19,SIGN,12.247884129811421,0.546875,0.0173414228662873,0.10798858408816159,0.017818125197663903,0.14160820795223117,6.787502206861973e-05,13,2,0.0067620419431477785,0.006701583042740822,0.0010070421267300844,5.591707304120064e-05,8.124858140945435e-06,0.09338079090230167,0.10798858408816159,0.10798337496817112,5.209119990468025e-06,0.26741491723805666
0.1,20,SIGN,13.980357683099783,0.8203125,0.02243182559799263,0.17416270799003541,0.017078167060390115,0.20534999994561076,0.00011499994434416294,13,2,0.007928333012387156,0.007162709021940827,0.002138833049684763,0.00010654213838279247,1.9165920093655586e-05,0.15668450016528368,0.17416270799003541,0.17415508325211704,7.624737918376923e-06,0.3965908749960363
0.15,1,SIGN,14.126214114334475,0.109375,0.012981148168044854,0.07902416703291237,0.020585000049322844,0.18487870902754366,7.487507537007332e-05,13,2,0.007269249996170402,0.007938083028420806,0.0006507500074803829,0.00019408296793699265,2.2417167201638222e-05,0.06286579207517207,0.07902416703291237,0.07901525031775236,8.916715160012245e-06,0.2844878761097789
0.15,2,SIGN,12.755838002834867,0.05729166666666667,0.010215493572125756,0.05854941694997251,0.020440833875909448,0.1950657090637833,6.64170365780592e-05,13,2,0.004931083880364895,0.008228665916249156,0.0013263749424368143,0.00012254202738404274,2.0792009308934212e-05,0.043846125015988946,0.05854941694997251,0.05854200082831085,7.416121661663055e-06,0.27405595988966525
0.15,3,SIGN,14.188766136199014,0.028645833333333332,0.006418228991396269,0.08102254197001457,0.02044875011779368,0.17150395805947483,6.516720168292522e-05,13,2,0.005494541954249144,0.007909708889201283,0.0011189170181751251,0.00010508298873901367,9.667128324508667e-06,0.06631195801310241,0.08102254197001457,0.08101504319347441,7.498776540160179e-06,0.2729752501472831
0.15,4,SIGN,13.181764117957366,0.07812499999999999,0.013624208880479521,0.06682791700586677,0.018327374942600727,0.15627437504008412,0.0001354999840259552,13,2,0.006991042057052255,0.004818666959181428,0.0015467079356312752,7.950002327561378e-05,1.1541880667209625e-05,0.053238416789099574,0.06682791700586677,0.06682137562893331,6.541376933455467e-06,0.24142966698855162
0.15,5,SIGN,13.26717254920295,0.08072916666666667,0.011133599609073369,0.10382862482219934,0.014132875017821789,0.16360616707243025,6.616697646677494e-05,13,2,0.013269833056256175,0.008623749949038029,0.0061191669665277,0.00011304114013910294,2.0207837224006653e-05,0.07560858293436468,0.10382862482219934,0.10382074886001647,7.875962182879448e-06,0.2815676669124514
0.15,6,SIGN,13.419429236154564,0.0546875,0.00808828428797767,0.07697483408264816,0.021932957926765084,0.18873600009828806,7.029087282717228e-05,13,2,0.007634666981175542,0.009111125022172928,0.002841167151927948,0.00010866601951420307,1.0541873052716255e-05,0.05719058308750391,0.07697483408264816,0.07696704100817442,7.79307447373867e-06,0.2876437921077013
0.15,7,SIGN,13.23196234045782,0.10416666666666666,0.009743264649370309,0.09297487488947809,0.021318375132977962,0.17701787501573563,6.862496957182884e-05,13,2,0.006810000166296959,0.00810900004580617,0.002195750130340457,0.00010875007137656212,1.1709053069353104e-05,0.07566075003705919,0.09297487488947809,0.09296458447352052,1.0290415957570076e-05,0.2913111250381917
0.15,8,SIGN,13.58029316453451,0.10416666666666667,0.011193942663820067,0.10036754189059138,0.022611499996855855,0.1535082091577351,6.420910358428955e-05,13,2,0.0049950419925153255,0.007892625173553824,0.0005697500891983509,4.950002767145634e-05,8.37491825222969e-06,0.08678341587074101,0.10036754189059138,0.10036291717551649,4.6247150748968124e-06,0.27648725104518235
0.15,9,SIGN,13.378753737575607,0.08072916666666666,0.009705504934873488,0.07771324994973838,0.025350000010803342,0.1624593329615891,7.324991747736931e-05,13,2,0.008012583013623953,0.005110332975164056,0.0005308750551193953,6.9458968937397e-05,1.0125106200575829e-05,0.06390091590583324,0.07771324994973838,0.07770754094235599,5.709007382392883e-06,0.2655225829221308
0.15,10,SIGN,13.38694035442423,0.08333333333333334,0.011326873220764283,0.08095795917324722,0.0177774999756366,0.18450345797464252,8.408306166529655e-05,13,2,0.00860787509009242,0.01008970895782113,0.0016471671406179667,6.858306005597115e-05,8.541857823729515e-06,0.060444166185334325,0.08095795917324722,0.08095012535341084,7.833819836378098e-06,0.28323891712352633
0.15,11,SIGN,18.121792813846206,0.3203125,0.027688992954745112,0.10401720809750259,0.01917095808312297,0.19050483289174736,7.3291826993227e-05,13,2,0.00745787494815886,0.008374083787202835,0.0032682078890502453,5.691708065569401e-05,8.665956556797028e-06,0.08477175002917647,0.10401720809750259,0.10401079151779413,6.416579708456993e-06,0.3136929990723729
0.15,12,SIGN,13.875712161478203,0.109375,0.01257486010019973,0.09354016603901982,0.0215295001398772,0.15993333305232227,0.00010875007137656212,13,2,0.00429229112342,0.005794458091259003,0.003371958155184984,8.587515912950039e-05,1.0249903425574303e-05,0.07986950012855232,0.09354016603901982,0.09353308263234794,7.083406671881676e-06,0.2750029992312193
0.15,13,SIGN,13.486464776899387,0.10677083333333334,0.011978674002702722,0.08974045794457197,0.019480458926409483,0.1650039169471711,7.175002247095108e-05,13,2,0.006541958078742027,0.0034949590917676687,0.004472457803785801,0.00010958290658891201,2.3833010345697403e-05,0.07501962501555681,0.08974045794457197,0.08973416592925787,6.292015314102173e-06,0.27422483381815255
0.15,14,SIGN,14.152554942002357,0.0703125,0.007295441539707209,0.09170708293095231,0.02557404083199799,0.19142525014467537,8.60411673784256e-05,13,2,0.012678583152592182,0.008137834025546908,0.0014326251111924648,0.00013441708870232105,2.6124995201826096e-05,0.06919979210942984,0.09170708293095231,0.09169541765004396,1.1665280908346176e-05,0.3087063739076257
0.15,15,SIGN,13.506362899201731,0.1015625,0.008729094837725021,0.08723637508228421,0.019114415859803557,0.16831258404999971,8.141715079545975e-05,13,2,0.007758959196507931,0.007485207868739963,0.0010545409750193357,6.741704419255257e-05,9.624985978007317e-06,0.07077066716738045,0.08723637508228421,0.0872278343886137,8.540693670511246e-06,0.2746633749920875
0.15,16,SIGN,16.576296951026364,0.2994791666666667,0.025789015039015234,0.10634287493303418,0.021970875095576048,0.195613875053823,6.825011223554611e-05,13,2,0.011652792105451226,0.005504082888364792,0.0006018329877406359,6.812508217990398e-05,9.54093411564827e-06,0.08843174995854497,0.10634287493303418,0.10633637406863272,6.500864401459694e-06,0.3239276250824332
0.15,17,SIGN,14.333348839304733,0.18489583333333331,0.021420547498755382,0.0860702081117779,0.021708207903429866,0.10660845902748406,0.00011087511666119099,13,2,0.007072667125612497,0.005983707960695028,0.0009161250200122595,6.945780478417873e-05,8.874805644154549e-06,0.07190091698430479,0.0860702081117779,0.0860626248177141,7.583294063806534e-06,0.21438687504269183
0.15,18,SIGN,14.128326832640893,0.16666666666666669,0.016126510655450704,0.08077412517741323,0.01979279099032283,0.16891100001521409,7.220893166959286e-05,13,2,0.004943290958181024,0.006582000060006976,0.002324500121176243,0.00010229204781353474,2.0249979570508003e-05,0.06672316696494818,0.08077412517741323,0.08076770906336606,6.416114047169685e-06,0.26947791618295014
0.15,19,SIGN,13.422989510021438,0.09635416666666667,0.009704488984975307,0.09144799993373454,0.02329920814372599,0.17717345897108316,7.154187187552452e-05,13,2,0.007905042031779885,0.011759124929085374,0.001961749978363514,0.00010479218326508999,2.091703936457634e-05,0.06961541692726314,0.09144799993373454,0.0914385849609971,9.414972737431526e-06,0.2919206670485437
0.15,20,SIGN,14.402313621400516,0.04427083333333333,0.007402534466279337,0.07097424985840917,0.019620999926701188,0.1565363749396056,6.533297710120678e-05,13,2,0.007457333151251078,0.004193250089883804,0.0009694159962236881,7.324991747736931e-05,1.0041054338216782e-05,0.05819904198870063,0.07097424985840917,0.07096766517497599,6.584683433175087e-06,0.24713162472471595
0.2,1,SIGN,15.171780649122285,0.0,0.0023271180473941055,0.07831120793707669,0.02212762483395636,0.18003704096190631,7.570884190499783e-05,13,2,0.010700250044465065,0.009266125038266182,0.004560000030323863,0.00010349997319281101,1.995800994336605e-05,0.05357604194432497,0.07831120793707669,0.07830158388242126,9.624054655432701e-06,0.28047587373293936
0.2,2,SIGN,15.18683211177458,0.0026041666666666665,0.00375842651812916,0.07408799999393523,0.019374207826331258,0.1636416669934988,6.845803000032902e-05,13,2,0.0078983751591295,0.007907457882538438,0.0008613329846411943,0.00012125005014240742,1.9625062122941017e-05,0.05720187514089048,0.07408799999393523,0.07407837430946529,9.625684469938278e-06,0.2571038748137653
0.2,3,SIGN,14.281916914425054,0.0026041666666666665,0.0036440129266276378,0.0918738329783082,0.019885040819644928,0.2040827909950167,7.229205220937729e-05,13,2,0.006959332851693034,0.009401916991919279,0.001267208019271493,9.625009261071682e-05,1.979200169444084e-05,0.0740512500051409,0.0918738329783082,0.09186804201453924,5.790963768959045e-06,0.3158416647929698
0.2,4,SIGN,14.567008158908656,0.0078125,0.006330529193761231,0.08168262499384582,0.019521208945661783,0.16801200015470386,7.670791819691658e-05,13,2,0.005890166154131293,0.00572116719558835,0.0021672919392585754,0.00012758304364979267,2.037500962615013e-05,0.06767320819199085,0.08168262499384582,0.08167649945244193,6.125541403889656e-06,0.26921583409421146
0.2,5,SIGN,14.61972698763093,0.0078125,0.004095882556503977,0.07707479200325906,0.02027470781467855,0.17621262511238456,7.308414205908775e-05,13,2,0.00913941697217524,0.006954125128686428,0.0015766669530421495,9.300000965595245e-05,1.0333023965358734e-05,0.059220375027507544,0.07707479200325906,0.07706700125709176,7.790746167302132e-06,0.27356212493032217
0.2,6,SIGN,15.36810806797965,0.0078125,0.005324699320815834,0.15456650010310113,0.02625445881858468,0.167966749984771,8.249981328845024e-05,13,2,0.007974375039339066,0.017850208096206188,0.010661792010068893,6.708293221890926e-05,9.209150448441505e-06,0.11791129200719297,0.15456650010310113,0.15455645904876292,1.0041054338216782e-05,0.34878770890645683
0.2,7,SIGN,14.709196770877513,0.0,0.0037708415375801996,0.06689729215577245,0.022509041940793395,0.1676477501168847,0.00010987510904669762,13,2,0.00785504188388586,0.004672459093853831,0.002085666870698333,6.704195402562618e-05,8.832896128296852e-06,0.05209029093384743,0.06689729215577245,0.06688920874148607,8.083414286375046e-06,0.25705408421345055
0.2,8,SIGN,15.679092638870955,0.010416666666666666,0.004827773451002132,0.09477970795705914,0.017557374900206923,0.17316804081201553,0.0001066671684384346,13,2,0.008872291073203087,0.006636082893237472,0.0005430839955806732,6.970809772610664e-05,9.541865438222885e-06,0.07853620802052319,0.09477970795705914,0.09477358311414719,6.1248429119586945e-06,0.2855051236692816
0.2,9,SIGN,14.984966113354199,0.0078125,0.006868643291261495,0.07972275000065565,0.024038166971877217,0.16661958280019462,6.77080824971199e-05,13,2,0.007019208045676351,0.008048125077039003,0.000899250153452158,7.225014269351959e-05,9.958166629076004e-06,0.06359954201616347,0.07972275000065565,0.0797160416841507,6.708316504955292e-06,0.2703804997727275
0.2,10,SIGN,14.914624764380338,0.0026041666666666665,0.004554295687267174,0.05921049998141825,0.019319332903251052,0.2060821671038866,0.00010862480849027634,13,2,0.008469083113595843,0.006965332897379994,0.0013325409963726997,0.00013354094699025154,2.2709136828780174e-05,0.04216941702179611,0.05921049998141825,0.05920124892145395,9.251059964299202e-06,0.2846119999885559
0.2,11,SIGN,15.447862680670287,0.0026041666666666665,0.005013905504431648,0.08323483285494149,0.023313459008932114,0.16854866710491478,7.291603833436966e-05,13,2,0.01737887505441904,0.014523625141009688,0.0012702499516308308,0.00010775006376206875,1.9625062122941017e-05,0.04985270812176168,0.08323483285494149,0.08322574943304062,9.083421900868416e-06,0.2750969589687884
0.2,12,SIGN,14.989858302687967,0.013020833333333332,0.006737760497358164,0.068810666911304,0.020877957809716463,0.1356237498112023,6.745802238583565e-05,13,2,0.00820583407767117,0.007549333153292537,0.0008583329617977142,7.962482050061226e-05,8.792150765657425e-06,0.052035790868103504,0.068810666911304,0.06880516605451703,5.500856786966324e-06,0.22531237453222275
0.2,13,SIGN,14.300520297847969,0.0026041666666666665,0.00394648436510836,0.08275904087349772,0.022029999876394868,0.17411991604603827,0.0001496670302003622,13,2,0.007783374981954694,0.011965791927650571,0.004865833092480898,6.616697646677494e-05,9.207986295223236e-06,0.05790970893576741,0.08275904087349772,0.08274975093081594,9.289942681789398e-06,0.27890895679593086
0.2,14,SIGN,15.83998997552748,0.0078125,0.004924143276904963,0.05975579097867012,0.020506040891632438,0.185030166991055,6.96659553796053e-05,13,2,0.007827708031982183,0.009443916846066713,0.003242083126679063,0.00012095808051526546,2.0666979253292084e-05,0.03902358305640519,0.05975579097867012,0.05974858207628131,7.2089023888111115e-06,0.26529199886135757
0.2,15,SIGN,14.827069489984433,0.0,0.004962611907414205,0.05122741707600653,0.017145291902124882,0.16906516696326435,0.00011062505654990673,13,2,0.007442666916176677,0.005212957970798016,0.003998083062469959,0.00013012508861720562,2.150004729628563e-05,0.03430437506176531,0.05122741707600653,0.05122033320367336,7.0838723331689835e-06,0.23743787594139576
0.2,16,SIGN,14.839982061783289,0.010416666666666666,0.008117975210698375,0.10838091699406505,0.023638457991182804,0.2047063340432942,7.112487219274044e-05,13,2,0.007989708101376891,0.006390958093106747,0.000941416947171092,7.558404467999935e-05,9.916955605149269e-06,0.09289370779879391,0.10838091699406505,0.10837241681292653,8.500181138515472e-06,0.33672570902854204
0.2,17,SIGN,14.56557663124053,0.013020833333333332,0.006060251816633971,0.07808979204855859,0.02160512492991984,0.17665683315135539,6.579188629984856e-05,13,2,0.004662666004151106,0.007493083830922842,0.0025291249621659517,5.820789374411106e-05,9.041978046298027e-06,0.06326633295975626,0.07808979204855859,0.07808424951508641,5.5425334721803665e-06,0.2763517501298338
0.2,18,SIGN,15.206292428848956,0.0026041666666666665,0.00439937660466394,0.053745000157505274,0.02552412496879697,0.169533499982208,0.00011566583998501301,13,2,0.008711125003173947,0.007873374968767166,0.002454624976962805,0.00010441686026751995,1.991703175008297e-05,0.03445841604843736,0.053745000157505274,0.05373754072934389,7.459428161382675e-06,0.24880262510851026
0.2,19,SIGN,14.809052331963578,0.010416666666666666,0.009280177797949402,0.10247737495228648,0.02148716594092548,0.17795945797115564,6.658397614955902e-05,13,2,0.006859250133857131,0.008232833119109273,0.0015150411054491997,6.10831193625927e-05,8.333008736371994e-06,0.08572733378969133,0.10247737495228648,0.10247045825235546,6.916699931025505e-06,0.3019239988643676
0.2,20,SIGN,15.374404670811721,0.015625,0.006020949435569856,0.048741749953478575,0.020655167056247592,0.18676566588692367,6.766594015061855e-05,13,2,0.007752791978418827,0.008046624949201941,0.001102958107367158,0.00010495795868337154,2.0290957763791084e-05,0.03164020902477205,0.048741749953478575,0.048735498916357756,6.251037120819092e-06,0.25616258289664984
