alpha_n,rep,method,time_sec,instance_gen_sec,metric_eval_sec,rp_draw_omega_sec,rp_power_iter_sec,rp_qr_sec,rp_build_core_sec,rp_reconstruct_sec,rp_small_eig_sec,rp_lift_sec,rp_kmeans_sec,algo_total_sec,algo_step_sum_sec,algo_other_sec,pipeline_total_sec,rs_sample_mask_sec,rs_build_sampled_matrix_sec,rs_eig_sec,rs_reconstruct_sec,rs_symmetrize_sec,rs_kmeans_sec,nr_eig_sec,nr_kmeans_sec,nr_copy_sec
0.05,1,Random Projection,0.3097204170189798,0.057388832996366546,0.14206137499422766,0.0001226250024046749,0.009636207978473976,0.0005470420001074672,0.001190167007734999,0.004064582986757159,0.0001787089859135449,1.3834011042490602e-05,0.2939562920073513,0.3097204170189798,0.3097094599797856,1.0957039194181561e-05,0.509170625009574,,,,,,,,,
0.05,1,Random Sampling,0.39959183300379664,0.057388832996366546,0.5369492500030901,,,,,,,,,0.39959183300379664,0.39958195795770735,9.875046089291573e-06,0.9939299160032533,0.012209916982101277,0.017864416004158556,0.08585375000257045,0.004835166997509077,0.006869332981295884,0.2719493749900721,,,
0.05,1,Non-random,0.3124588750069961,0.057388832996366546,0.12130191700998694,,,,,,,,,0.3124588750069961,0.31245541700627655,3.4580007195472717e-06,0.4911496250133496,,,,,,,0.23983870801748708,0.07150991697562858,0.0011067920131608844
0.05,2,Random Projection,0.22884262501611374,0.015210291981929913,0.1532260419917293,7.504099630750716e-05,0.002607166999951005,0.0002163749886676669,0.0004961249942425638,0.004443499987246469,0.00013458399916999042,2.7000001864507794e-05,0.22083654097514227,0.22884262501611374,0.22883633294259198,6.292073521763086e-06,0.39727895898977295,,,,,,,,,
0.05,2,Random Sampling,0.2360685830062721,0.015210291981929913,0.15487795902299695,,,,,,,,,0.2360685830062721,0.2360604589630384,8.124043233692646e-06,0.40615683401119895,0.011024749983334914,0.0193063750048168,0.04534041599254124,0.0013505419774446636,0.0033922920119948685,0.15564608399290591,,,
0.05,2,Non-random,0.41051049999077804,0.015210291981929913,0.16604091599583626,,,,,,,,,0.41051049999077804,0.4105077490094118,2.75098136626184e-06,0.5917617079685442,,,,,,,0.2680231250124052,0.14180008301627822,0.0006845409807283431
0.05,3,Random Projection,0.11070312498486601,0.017228500015335158,0.22077545800129883,0.0001272499794140458,0.008845000003930181,0.0002773329906631261,0.0005535829986911267,0.003030541993211955,6.795799708925188e-05,9.333016350865364e-06,0.09778787498362362,0.11070312498486601,0.11069887396297418,4.251021891832352e-06,0.3487070830015,,,,,,,,,
0.05,3,Random Sampling,0.3149592089757789,0.017228500015335158,0.17413479200331494,,,,,,,,,0.3149592089757789,0.314951001026202,8.20794957689941e-06,0.506322500994429,0.007194416015408933,0.01499787499778904,0.045006125001236796,0.0009506669885013252,0.001577709015691653,0.24522420900757425,,,
0.05,3,Non-random,0.4018450000148732,0.017228500015335158,0.1414859999786131,,,,,,,,,0.4018450000148732,0.4018432489829138,1.7510319594293833e-06,0.5605595000088215,,,,,,,0.31155354098882526,0.0892822080058977,0.0010074999881908298
0.05,4,Random Projection,0.12201720799203031,0.026615917013259605,0.11348216701298952,7.383298361673951e-05,0.006848042015917599,0.0005597910203505307,0.004352666001068428,0.0019221669936086982,8.437500218860805e-05,8.99998121894896e-06,0.10816133400658146,0.12201720799203031,0.12201120800455101,5.999987479299307e-06,0.26211529201827943,,,,,,,,,
0.05,4,Random Sampling,0.17658908301382326,0.026615917013259605,0.2567276670015417,,,,,,,,,0.17658908301382326,0.17658250001841225,6.582995411008596e-06,0.45993266702862456,0.008140125020872802,0.011584499996388331,0.051054916984867305,0.004761707998113707,0.0015072910173330456,0.09953395900083706,,,
0.05,4,Non-random,0.3601988750160672,0.026615917013259605,0.23750716698123142,,,,,,,,,0.3601988750160672,0.3601952080207411,3.6669953260570765e-06,0.6243219590105582,,,,,,,0.2535489160218276,0.10195799998473376,0.004688292014179751
0.05,5,Random Projection,0.17090870800893754,0.024489375005941838,0.16375091602094471,7.570799789391458e-05,0.003758583014132455,0.00024270798894576728,0.0036642500199377537,0.0012238750059623271,0.00010233299690298736,2.587502240203321e-05,0.16180966701358557,0.17090870800893754,0.1709029990597628,5.70894917473197e-06,0.3591489990358241,,,,,,,,,
0.05,5,Random Sampling,0.24797079199925065,0.024489375005941838,0.4402739580255002,,,,,,,,,0.24797079199925065,0.24796337602310814,7.415976142510772e-06,0.7127341250306927,0.010010458005126566,0.021897667000303045,0.0610480000032112,0.0031468340021092445,0.0033679170010145754,0.1484925000113435,,,
0.05,5,Non-random,0.4400439169839956,0.024489375005941838,0.24290466599632055,,,,,,,,,0.4400439169839956,0.44004183303331956,2.08395067602396e-06,0.707437957986258,,,,,,,0.32946624999749474,0.10986908301129006,0.0007065000245347619
0.05,6,Random Projection,0.18373816699022427,0.019617209007265046,0.3055733329965733,7.358400034718215e-05,0.006769209023332223,0.0002007500152103603,0.0005306669918354601,0.0036572079989127815,0.00013004199718125165,2.0584004232659936e-05,0.17235062501276843,0.18373816699022427,0.18373266904382035,5.4979464039206505e-06,0.5089287089940626,,,,,,,,,
0.05,6,Random Sampling,0.2219972920138389,0.019617209007265046,0.2938004999887198,,,,,,,,,0.2219972920138389,0.22198974899947643,7.543014362454414e-06,0.5354150010098238,0.008605957991676405,0.01802920800400898,0.0290860410023015,0.0010136670025531203,0.003534457995556295,0.16172041700338013,,,
0.05,6,Non-random,0.3321173329895828,0.019617209007265046,0.19081279102829285,,,,,,,,,0.3321173329895828,0.332115542027168,1.790962414816022e-06,0.5425473330251407,,,,,,,0.20986750000156462,0.12124662499991246,0.0010014170256908983
0.05,7,Random Projection,0.2814398339833133,0.03215537499636412,0.13680687500163913,8.079200051724911e-05,0.00204433299950324,0.00019695801893249154,0.0005653749976772815,0.002738249982940033,0.00011150000500492752,2.995898830704391e-05,0.27566770900739357,0.2814398339833133,0.28143487600027584,4.95798303745687e-06,0.45040208398131654,,,,,,,,,
0.05,7,Random Sampling,0.2968516249966342,0.03215537499636412,0.19350424999720417,,,,,,,,,0.2968516249966342,0.2968437480449211,7.876951713114977e-06,0.5225112499902025,0.00804933300241828,0.01510179101023823,0.05348958299146034,0.003365041018696502,0.007439625012921169,0.20939837500918657,,,
0.05,7,Non-random,0.351699540973641,0.03215537499636412,0.2383001249982044,,,,,,,,,0.351699540973641,0.35169841701281257,1.123960828408599e-06,0.6221550409682095,,,,,,,0.23055087501415983,0.12046899998676963,0.0006785420118831098
0.05,8,Random Projection,0.291795999975875,0.02242699998896569,0.13421962500433438,6.874999962747097e-05,0.00312212499557063,0.0006783750141039491,0.0020241249876562506,0.003787791996728629,0.00013033297727815807,2.170799416489899e-05,0.281955915997969,0.291795999975875,0.291789123963099,6.876012776046991e-06,0.4484426249691751,,,,,,,,,
0.05,8,Random Sampling,0.16121508399373852,0.02242699998896569,0.12409587498405017,,,,,,,,,0.16121508399373852,0.16120883394614793,6.250047590583563e-06,0.3077379589667544,0.005636166984913871,0.010731874994235113,0.053007832990260795,0.0010382499895058572,0.0030700839997734874,0.08772462498745881,,,
0.05,8,Non-random,0.4302247909945436,0.02242699998896569,0.15015941701130942,,,,,,,,,0.4302247909945436,0.43022320803720504,1.5829573385417461e-06,0.6028112079948187,,,,,,,0.2494819579878822,0.18005279102362692,0.00068845902569592
0.05,9,Random Projection,0.27985833398997784,0.027523625001776963,0.16641341600916348,7.516701589338481e-05,0.007035666989395395,0.00039308299892582,0.004240749985910952,0.0043325829901732504,7.866701344028115e-05,9.58298915065825e-06,0.2636876670003403,0.27985833398997784,0.27985316698323004,5.1670067477971315e-06,0.4737953750009183,,,,,,,,,
0.05,9,Random Sampling,0.2655284579959698,0.027523625001776963,0.14263625000603497,,,,,,,,,0.2655284579959698,0.2655207500210963,7.707974873483181e-06,0.43568833300378174,0.007460334018105641,0.017623749998165295,0.06405345801613294,0.0020797079778276384,0.006341375003103167,0.16796212500776164,,,
0.05,9,Non-random,0.5072225829935633,0.027523625001776963,0.16712970801745541,,,,,,,,,0.5072225829935633,0.5072204159805551,2.167013008147478e-06,0.7018759160127956,,,,,,,0.2958232910023071,0.2106738750007935,0.0007232499774545431
0.05,10,Random Projection,0.30023150000488386,0.02619683399097994,0.16186333398218267,7.070798892527819e-05,0.011550208000699058,0.00021062500309199095,0.0013479579938575625,0.0014163749874569476,0.00011562500731088221,2.0124978618696332e-05,0.2854940420074854,0.30023150000488386,0.3002256659674458,5.834037438035011e-06,0.48829166797804646,,,,,,,,,
0.05,10,Random Sampling,0.19116833299631253,0.02619683399097994,0.13096862498787232,,,,,,,,,0.19116833299631253,0.1911602930049412,8.039991371333599e-06,0.3483337919751648,0.008639959007268772,0.012705375003861263,0.055034249991877005,0.0041524159896653146,0.002259959001094103,0.10836833401117474,,,
0.05,10,Non-random,0.3989208750135731,0.02619683399097994,0.1631784590135794,,,,,,,,,0.3989208750135731,0.39891654101666063,4.3339969124644995e-06,0.5882961680181324,,,,,,,0.24151662501390092,0.15109695799765177,0.006302958005107939
0.05,11,Random Projection,0.20094358301139437,0.015069582994328812,0.14241770797525533,6.337501690723002e-05,0.0106493329803925,0.0019608330039773136,0.0007328749925363809,0.0009804580186028033,7.141599780879915e-05,9.374984074383974e-06,0.18647170800250024,0.20094358301139437,0.20093937299679965,4.210014594718814e-06,0.3584308739809785,,,,,,,,,
0.05,11,Random Sampling,0.3327294159971643,0.015069582994328812,0.1481797500164248,,,,,,,,,0.3327294159971643,0.33272266801213846,6.74798502586782e-06,0.49597874900791794,0.0091280420019757,0.012724291998893023,0.059644624998327345,0.0010158340155612677,0.004924875014694408,0.2452849999826867,,,
0.05,11,Non-random,0.37167495899484493,0.015069582994328812,0.14810424999450333,,,,,,,,,0.37167495899484493,0.3716722499812022,2.70901364274323e-06,0.5348487919836771,,,,,,,0.2787674169812817,0.09123758299392648,0.001667250005993992
0.05,12,Random Projection,0.29267504200106487,0.017193582985782996,0.10574979198281653,6.0582999140024185e-05,0.006900084001244977,0.00147237500641495,0.003636999987065792,0.002140750002581626,0.00012604199582710862,2.0208011846989393e-05,0.2783120000094641,0.29267504200106487,0.29266904201358557,5.999987479299307e-06,0.4156184169696644,,,,,,,,,
0.05,12,Random Sampling,0.26382770799682476,0.017193582985782996,0.1812197079998441,,,,,,,,,0.26382770799682476,0.2638218749780208,5.833018803969026e-06,0.46224099898245186,0.00935212499462068,0.01479937499971129,0.0999977919855155,0.0011540419945959002,0.0016556660120841116,0.1368628749914933,,,
0.05,12,Non-random,0.3114222079748288,0.017193582985782996,0.16205949999857694,,,,,,,,,0.3114222079748288,0.3114194999798201,2.707995008677244e-06,0.4906752909591887,,,,,,,0.23037924998789094,0.07993754197377712,0.0011027080181520432
0.05,13,Random Projection,0.15520037501119077,0.022832791990367696,0.14260804100194946,7.170901517383754e-05,0.0050738749851007015,0.0004101250087842345,0.0005616249982267618,0.004020499996840954,5.616701673716307e-05,9.29197994992137e-06,0.14499333300045691,0.15520037501119077,0.1551966260012705,3.749009920284152e-06,0.3206412080035079,,,,,,,,,
0.05,13,Random Sampling,0.25941279099788517,0.022832791990367696,0.182453000015812,,,,,,,,,0.25941279099788517,0.2594056259840727,7.165013812482357e-06,0.46469858300406486,0.007869957975344732,0.012927125004353002,0.06524658398120664,0.003089750010985881,0.00350270900526084,0.1667695000069216,,,
0.05,13,Non-random,0.30181224999250844,0.022832791990367696,0.17886112499400042,,,,,,,,,0.30181224999250844,0.30180983297759667,2.4170149117708206e-06,0.5035061669768766,,,,,,,0.21242174998042174,0.08817579198512249,0.0012122910120524466
0.05,14,Random Projection,0.27573437499813735,0.022474041994428262,0.12377783400006592,6.37920165900141e-05,0.0032508329895790666,0.0001806250074878335,0.00048562500160187483,0.006239791982807219,7.612499757669866e-05,9.666982805356383e-06,0.2654246249876451,0.27573437499813735,0.27573108396609314,3.2910320442169905e-06,0.42198625099263154,,,,,,,,,
0.05,14,Random Sampling,0.1779851249884814,0.022474041994428262,0.134449917008169,,,,,,,,,0.1779851249884814,0.17797850002534688,6.624963134527206e-06,0.33490908399107866,0.00955812499159947,0.010965125024085864,0.05735750001622364,0.0010222499840892851,0.004301000008126721,0.0947745000012219,,,
0.05,14,Non-random,0.3054832079797052,0.022474041994428262,0.13923904098919593,,,,,,,,,0.3054832079797052,0.30548178995377384,1.4180259313434362e-06,0.4671962909633294,,,,,,,0.23769991597509943,0.06708854099269956,0.0006933329859748483
0.05,15,Random Projection,0.30367125000339,0.026057624985696748,0.1049271670053713,6.991700502112508e-05,0.009027916996274143,0.0007544999825768173,0.0005560829886235297,0.0012558339803945273,5.6374992709606886e-05,9.37501317821443e-06,0.2919370000017807,0.30367125000339,0.30366700096055865,4.249042831361294e-06,0.43465604199445806,,,,,,,,,
0.05,15,Random Sampling,0.20892158299102448,0.026057624985696748,0.1146927920053713,,,,,,,,,0.20892158299102448,0.20891558198491111,6.0010061133652925e-06,0.34967199998209253,0.010583208000753075,0.012195457995403558,0.05084545799763873,0.0012408749898895621,0.0013873749994672835,0.1326632080017589,,,
0.05,15,Non-random,0.538011374999769,0.026057624985696748,0.138160708011128,,,,,,,,,0.538011374999769,0.5380096670123748,1.7079873941838741e-06,0.7022297079965938,,,,,,,0.2702575419971254,0.26696187499328516,0.0007902500219643116
0.05,16,Random Projection,0.30389275000197813,0.024169375014025718,0.12919599999440834,6.491699605248868e-05,0.007246124994708225,0.0002020419924519956,0.0004476670001167804,0.0065452089766040444,0.0001179169921670109,2.0750012481585145e-05,0.28924441599519923,0.30389275000197813,0.30388904295978136,3.707042196765542e-06,0.4572581250104122,,,,,,,,,
0.05,16,Random Sampling,0.19851937500061467,0.024169375014025718,0.11740241598454304,,,,,,,,,0.19851937500061467,0.1985145419894252,4.8330111894756556e-06,0.34009116599918343,0.015020708000520244,0.01306883298093453,0.04850441700546071,0.0009917089773807675,0.0013513330195564777,0.11957754200557247,,,
0.05,16,Non-random,0.3193392079847399,0.024169375014025718,0.12134533299831674,,,,,,,,,0.3193392079847399,0.3193369999935385,2.207991201430559e-06,0.46485391599708237,,,,,,,0.22838237500400282,0.08981104198028333,0.0011435830092523247
0.05,17,Random Projection,0.18604387500090525,0.013708540995139629,0.14788683399092406,7.195898797363043e-05,0.003293707995908335,0.00018891700892709196,0.0004875419836025685,0.0036339999933261424,6.587500683963299e-05,9.207986295223236e-06,0.1782894159841817,0.18604387500090525,0.1860406249470543,3.2500538509339094e-06,0.34763924998696893,,,,,,,,,
0.05,17,Random Sampling,0.3390750830003526,0.013708540995139629,0.10884716699365526,,,,,,,,,0.3390750830003526,0.33906849997583777,6.583024514839053e-06,0.4616307909891475,0.006046916998457164,0.014615374995628372,0.040343458007555455,0.0023861659865360707,0.003709709009854123,0.2719668749778066,,,
0.05,17,Non-random,0.40493912500096485,0.013708540995139629,0.1537382499955129,,,,,,,,,0.40493912500096485,0.4049367920088116,2.3329921532422304e-06,0.5723859159916174,,,,,,,0.23232187499525025,0.17146004200913012,0.0011548750044312328
0.05,18,Random Projection,0.11892987502506003,0.01464849998592399,0.11598991698701866,7.158299558795989e-05,0.0097842910035979,0.0008338330080732703,0.0009388329926878214,0.005080750008346513,5.76250022277236e-05,8.95900302566588e-06,0.10214991701650433,0.11892987502506003,0.11892579103005119,4.083995008841157e-06,0.24956829199800268,,,,,,,,,
0.05,18,Random Sampling,0.24148675001924857,0.01464849998592399,0.13884808399598114,,,,,,,,,0.24148675001924857,0.24148066801717505,6.0820020735263824e-06,0.3949833340011537,0.007006667001405731,0.008531625004252419,0.041899792006006464,0.0009717089997138828,0.004372249997686595,0.17869862500810996,,,
0.05,18,Non-random,0.48554049999802373,0.01464849998592399,0.1327715409861412,,,,,,,,,0.48554049999802373,0.48553716600872576,3.3339892979711294e-06,0.6329605409700889,,,,,,,0.264240582997445,0.21984287499799393,0.001453708013286814
0.05,19,Random Projection,0.28478300001006573,0.021919249993516132,0.124366584001109,7.120799273252487e-05,0.004313499986892566,0.0005050000036135316,0.0039564999751746655,0.0011521670094225556,0.0001271250075660646,2.0584004232659936e-05,0.2746297920239158,0.28478300001006573,0.28477587600355037,7.124006515368819e-06,0.43106883400469087,,,,,,,,,
0.05,19,Random Sampling,0.2508256670262199,0.021919249993516132,0.14127587497932836,,,,,,,,,0.2508256670262199,0.25081958301598206,6.084010237827897e-06,0.4140207919990644,0.009123750001890585,0.011299792007775977,0.048540874995524064,0.0014243329933378845,0.0032150000042747706,0.17721583301317878,,,
0.05,19,Non-random,0.41689795898855664,0.021919249993516132,0.13053366699023172,,,,,,,,,0.41689795898855664,0.4168959169765003,2.042012056335807e-06,0.5693508759723045,,,,,,,0.23763279200647958,0.17856133298482746,0.0007017919851932675
0.05,20,Random Projection,0.2838760419981554,0.02577854198170826,0.13803620901308022,6.554200081154704e-05,0.0022955839813221246,0.0001875000016298145,0.004513583000516519,0.002044708002358675,0.0001163340057246387,2.0458013750612736e-05,0.27462795900646597,0.2838760419981554,0.2838716680125799,4.373985575512052e-06,0.4476907929929439,,,,,,,,,
0.05,20,Random Sampling,0.319743792002555,0.02577854198170826,0.15807995799696073,,,,,,,,,0.319743792002555,0.31973716596257873,6.6260399762541056e-06,0.503602291981224,0.00679358298657462,0.011603457998717204,0.05096545899868943,0.0036753329914063215,0.003317957976832986,0.24338137501035817,,,
0.05,20,Non-random,0.31618391699157655,0.02577854198170826,0.14460308299749158,,,,,,,,,0.31618391699157655,0.3161820839741267,1.8330174498260021e-06,0.4865655419707764,,,,,,,0.23667774998466484,0.07847912498982623,0.0010252089996356517
0.1,1,Random Projection,0.10435458298888989,0.018462790991179645,0.1329271249996964,6.937497528269887e-05,0.006732417008606717,0.003435291990172118,0.0006086669745855033,0.003797250014031306,7.087498670443892e-05,8.792005246505141e-06,0.08962662500562146,0.10435458298888989,0.10434929296025075,5.290028639137745e-06,0.2557444989797659,,,,,,,,,
0.1,1,Random Sampling,0.10648137499811128,0.018462790991179645,0.1252240420144517,,,,,,,,,0.10648137499811128,0.10647499799961224,6.376998499035835e-06,0.2501682080037426,0.007344291021581739,0.01379316599923186,0.021221957984380424,0.0009508329967502505,0.0016107920091599226,0.061553957988508046,,,
0.1,1,Non-random,0.30038754202541895,0.018462790991179645,0.1384025840088725,,,,,,,,,0.30038754202541895,0.30038537402288057,2.168002538383007e-06,0.4572529170254711,,,,,,,0.23410987501847558,0.06518466598936357,0.0010908330150414258
0.1,2,Random Projection,0.15437604201724753,0.020186832989566028,0.12981174999731593,6.666700937785208e-05,0.007552291004685685,0.0004110830195713788,0.0005377079942263663,0.0011884169944096357,0.00011125000310130417,1.995800994336605e-05,0.1444833340065088,0.15437604201724753,0.1543707080418244,5.333975423127413e-06,0.3043746250041295,,,,,,,,,
0.1,2,Random Sampling,0.1330970000126399,0.020186832989566028,0.1173618340108078,,,,,,,,,0.1330970000126399,0.13308941503055394,7.584982085973024e-06,0.27064566701301374,0.0094106660108082,0.023412165988702327,0.029712250019656494,0.003990249999333173,0.0017820830107666552,0.06478200000128709,,,
0.1,2,Non-random,0.29006116700475104,0.020186832989566028,0.14460512500954792,,,,,,,,,0.29006116700475104,0.2900582079892047,2.9590155463665724e-06,0.454853125003865,,,,,,,0.23942475000512786,0.049627540982328355,0.0010059170017484576
0.1,3,Random Projection,0.1958068749809172,0.028157916996860877,0.12191958297626115,6.57079799566418e-05,0.010334833001252264,0.00047754100523889065,0.0005604170146398246,0.0011610420187935233,5.7209021179005504e-05,8.957984391599894e-06,0.18313774999114685,0.1958068749809172,0.1958034580165986,3.416964318603277e-06,0.34588437495403923,,,,,,,,,
0.1,3,Random Sampling,0.10804666698095389,0.028157916996860877,0.14867420800146647,,,,,,,,,0.10804666698095389,0.10804112500045449,5.5419804994016886e-06,0.28487879197928123,0.009745082992594689,0.018762166990200058,0.01880212497781031,0.0013061659992672503,0.0029802500212099403,0.05644533401937224,,,
0.1,3,Non-random,0.28164083301089704,0.028157916996860877,0.11365745900548063,,,,,,,,,0.28164083301089704,0.2816390420193784,1.7909915186464787e-06,0.42345620901323855,,,,,,,0.22977166599594057,0.05080245900899172,0.0010649170144461095
0.1,4,Random Projection,0.12403654100489803,0.018141584005206823,0.14036620801198296,0.00010879099136218429,0.0063697090081404895,0.0007412080012727529,0.002115750015946105,0.005841834004968405,7.966600242070854e-05,9.832991054281592e-06,0.10876387500320561,0.12403654100489803,0.12403066601837054,5.874986527487636e-06,0.2825443330220878,,,,,,,,,
0.1,4,Random Sampling,0.15995750000001863,0.018141584005206823,0.1288256249972619,,,,,,,,,0.15995750000001863,0.159952332964167,5.167035851627588e-06,0.30692470900248736,0.00878708399250172,0.01616841700160876,0.03418737498577684,0.0010119999933522195,0.003390791011042893,0.09640666597988456,,,
0.1,4,Non-random,0.4084642500092741,0.018141584005206823,0.15088712502620183,,,,,,,,,0.4084642500092741,0.4084624579991214,1.7920101527124643e-06,0.5774929590406828,,,,,,,0.2343998749856837,0.17331166699295864,0.0007509160204790533
0.1,5,Random Projection,0.09292958298465237,0.02567345797433518,0.12137224999605678,6.395799573510885e-05,0.006135000003268942,0.00044229099876247346,0.0007446669915225357,0.0012590419792104512,6.500000017695129e-05,8.792005246505141e-06,0.08420725000905804,0.09292958298465237,0.09292599998298101,3.583001671358943e-06,0.23997529095504433,,,,,,,,,
0.1,5,Random Sampling,0.14249599998584017,0.02567345797433518,0.11980916702304967,,,,,,,,,0.14249599998584017,0.1424895409727469,6.459013093262911e-06,0.287978624983225,0.012809707986889407,0.012668415991356596,0.024880749988369644,0.0010147080174647272,0.0013865419896319509,0.08972941699903458,,,
0.1,5,Non-random,0.2847579999943264,0.02567345797433518,0.13335275001008995,,,,,,,,,0.2847579999943264,0.28475629098829813,1.7090060282498598e-06,0.4437842079787515,,,,,,,0.23113041601027362,0.05261058299220167,0.0010152919858228415
0.1,6,Random Projection,0.06992829099181108,0.016599709022557363,0.11800704101915471,0.00011641698074527085,0.00713250000262633,0.0004147079889662564,0.000767707999330014,0.0036040830018464476,7.97079992480576e-05,9.707990102469921e-06,0.05779729099594988,0.06992829099181108,0.06992212295881473,6.168032996356487e-06,0.20453504103352316,,,,,,,,,
0.1,6,Random Sampling,0.19880283300881274,0.016599709022557363,0.13973383299889974,,,,,,,,,0.19880283300881274,0.19879637600388378,6.457004928961396e-06,0.35513637503026985,0.007506958005251363,0.02163454200490378,0.026680834009312093,0.0010045419912785292,0.0015778749948367476,0.14039162499830127,,,
0.1,6,Non-random,0.39087491697864607,0.016599709022557363,0.14325637501315214,,,,,,,,,0.39087491697864607,0.39087295898934826,1.9579892978072166e-06,0.5507310010143556,,,,,,,0.28761520798434503,0.10214408399770036,0.0011136670073028654
0.1,7,Random Projection,0.07177733301068656,0.024184165988117456,0.12470462499186397,6.445799954235554e-05,0.007067291007842869,0.00018200001795776188,0.0005906250153202564,0.0010767499916255474,5.775000317953527e-05,8.750008419156075e-06,0.06272633298067376,0.07177733301068656,0.07177395702456124,3.375986125320196e-06,0.22066612399066798,,,,,,,,,
0.1,7,Random Sampling,0.1505648750171531,0.024184165988117456,0.13485908298753202,,,,,,,,,0.1505648750171531,0.15055766797740944,7.2070397436618805e-06,0.3096081239928026,0.007443166978191584,0.006903208006406203,0.017683832993498072,0.001154583995230496,0.00520366700948216,0.11216920899460092,,,
0.1,7,Non-random,0.3008307089912705,0.024184165988117456,0.12531479200697504,,,,,,,,,0.3008307089912705,0.30082787497667596,2.834014594554901e-06,0.450329666986363,,,,,,,0.24478470897884108,0.05493345801369287,0.0011097079841420054
0.1,8,Random Projection,0.07382670900551602,0.02123837498947978,0.09864691598340869,6.550000398419797e-05,0.0050182080012746155,0.0006937079888302833,0.0007232920033857226,0.0041552920010872185,0.00013279198901727796,2.241699257865548e-05,0.06300945801194757,0.07382670900551602,0.07382066699210554,6.04201341047883e-06,0.1937119999784045,,,,,,,,,
0.1,8,Random Sampling,0.09212579199811444,0.02123837498947978,0.1216943750041537,,,,,,,,,0.09212579199811444,0.09211954197962768,6.250018486753106e-06,0.23505854199174792,0.00582554200082086,0.007720875000813976,0.017637416982324794,0.0011693330015987158,0.002740625001024455,0.05702574999304488,,,
0.1,8,Non-random,0.2753784579981584,0.02123837498947978,0.12416150001809001,,,,,,,,,0.2753784579981584,0.27537645897245966,1.999025698751211e-06,0.4207783330057282,,,,,,,0.21470437498646788,0.05959520899341442,0.001076874992577359
0.1,9,Random Projection,0.1015054159797728,0.02526108402526006,0.127761791984085,0.00012108299415558577,0.009064083016710356,0.00038670800859108567,0.005384542018873617,0.001191541989101097,7.233300129882991e-05,8.666975190863013e-06,0.08527150002191775,0.1015054159797728,0.10150045802583918,4.957953933626413e-06,0.25452829198911786,,,,,,,,,
0.1,9,Random Sampling,0.20083766599418595,0.02526108402526006,0.13569891700171866,,,,,,,,,0.20083766599418595,0.20082983397878706,7.83201539888978e-06,0.36179766702116467,0.009582500002579764,0.016194916010135785,0.02407766701071523,0.0025858339795377105,0.006660499988356605,0.14172841698746197,,,
0.1,9,Non-random,0.26793666699086316,0.02526108402526006,0.1031181669968646,,,,,,,,,0.26793666699086316,0.2679345830110833,2.083979779854417e-06,0.3963159180129878,,,,,,,0.23248145799152553,0.034252125013154,0.001201000006403774
0.1,10,Random Projection,0.07763250000425614,0.019242374983150512,0.11727812499157153,6.454097456298769e-05,0.003625332989031449,0.00018741600797511637,0.0005308749969117343,0.006401958002243191,0.00013966701226308942,2.187499194405973e-05,0.06665600000997074,0.07763250000425614,0.07762766498490237,4.83501935377717e-06,0.2141529999789782,,,,,,,,,
0.1,10,Random Sampling,0.1159574170014821,0.019242374983150512,0.11042858299333602,,,,,,,,,0.1159574170014821,0.11594875101582147,8.665985660627484e-06,0.24562837497796863,0.005274124996503815,0.0134440420079045,0.02544412499992177,0.003299083997262642,0.0025695000076666474,0.0659178750065621,,,
0.1,10,Non-random,0.3539528329856694,0.019242374983150512,0.14087387500330806,,,,,,,,,0.3539528329856694,0.35395124898059294,1.5840050764381886e-06,0.5140690829721279,,,,,,,0.24385133298346773,0.10940316601772793,0.000696749979397282
0.1,11,Random Projection,0.15824650001013651,0.024330958985956386,0.20015395901282318,0.000120542012155056,0.004091624985449016,0.0008676249999552965,0.0007556249911431223,0.0024744169786572456,0.00010212499182671309,1.9791012164205313e-05,0.1498089589877054,0.15824650001013651,0.15824070895905606,5.791051080450416e-06,0.3827314180089161,,,,,,,,,
0.1,11,Random Sampling,0.13994037499651313,0.024330958985956386,0.1876792089897208,,,,,,,,,0.13994037499651313,0.13993441697675735,5.958019755780697e-06,0.3519505429721903,0.005803959007607773,0.010242916003335267,0.031175749987596646,0.0009933749970514327,0.0015461249859072268,0.090172291995259,,,
0.1,11,Non-random,0.26843125000596046,0.024330958985956386,0.14828304201364517,,,,,,,,,0.26843125000596046,0.26842912400024943,2.1260057110339403e-06,0.441045251005562,,,,,,,0.2159221250039991,0.05150616599712521,0.001000832999125123
0.1,12,Random Projection,0.16680562499095686,0.02343358300277032,0.1298745000094641,6.641598884016275e-05,0.009686875011539087,0.00023991698981262743,0.003963374998420477,0.0010122089879587293,5.608299397863448e-05,8.500006515532732e-06,0.15176904099644162,0.16680562499095686,0.16680241597350687,3.209017449989915e-06,0.3201137080031913,,,,,,,,,
0.1,12,Random Sampling,0.1367503340006806,0.02343358300277032,0.17133483302313834,,,,,,,,,0.1367503340006806,0.13674362705205567,6.706948624923825e-06,0.33151875002658926,0.005237459001364186,0.01778816699516028,0.03073675002087839,0.0012086670030839741,0.0014100000262260437,0.0803625840053428,,,
0.1,12,Non-random,0.2734218330006115,0.02343358300277032,0.20820649998495355,,,,,,,,,0.2734218330006115,0.27341962401987985,2.208980731666088e-06,0.5050619159883354,,,,,,,0.18249249999644235,0.09022945800097659,0.0006976660224609077
0.1,13,Random Projection,0.10560716697364114,0.01301225001225248,0.15082995800185017,6.287498399615288e-05,0.007877916999859735,0.0004214999789837748,0.0031574160093441606,0.0011369999847374856,0.00011516700033098459,2.1083978936076164e-05,0.09280875002150424,0.10560716697364114,0.10560170895769261,5.458015948534012e-06,0.2694493749877438,,,,,,,,,
0.1,13,Random Sampling,0.18316145800054073,0.01301225001225248,0.19339570798911154,,,,,,,,,0.18316145800054073,0.18315504098427482,6.417016265913844e-06,0.38956941600190476,0.008853500010445714,0.007562624989077449,0.08345945799374022,0.001831958012189716,0.0035557499795686454,0.07789174999925308,,,
0.1,13,Non-random,0.34572725000907667,0.01301225001225248,0.1369671249995008,,,,,,,,,0.34572725000907667,0.3457257080008276,1.5420082490891218e-06,0.49570662502082996,,,,,,,0.20921224998892285,0.13583166600437835,0.0006817920075263828
0.1,14,Random Projection,0.1252817919885274,0.01693904199055396,0.1920349590072874,6.620798376388848e-05,0.0031884580093901604,0.00019937497563660145,0.0004950840084347874,0.0029251670057419688,0.00011562500731088221,2.1124986233189702e-05,0.1182658750039991,0.1252817919885274,0.12527691698051058,4.875008016824722e-06,0.33425579298636876,,,,,,,,,
0.1,14,Random Sampling,0.1340225420135539,0.01693904199055396,0.1405548749899026,,,,,,,,,0.1340225420135539,0.13401808301568963,4.458997864276171e-06,0.29151645899401046,0.008082249987637624,0.012460875004762784,0.019678540993481874,0.0026710000238381326,0.0014086250157561153,0.0897167919902131,,,
0.1,14,Non-random,0.2858557919971645,0.01693904199055396,0.1454450830060523,,,,,,,,,0.2858557919971645,0.2858542080211919,1.5839759726077318e-06,0.44823991699377075,,,,,,,0.2377109160006512,0.04711066701565869,0.001032625004881993
0.1,15,Random Projection,0.10761316699790768,0.012497709016315639,0.17175649999990128,6.358398240990937e-05,0.006108458008384332,0.00043033299152739346,0.00246491699363105,0.004070791997946799,7.108401041477919e-05,8.791976142674685e-06,0.09438920801039785,0.10761316699790768,0.10760716797085479,5.999027052894235e-06,0.2918673760141246,,,,,,,,,
0.1,15,Random Sampling,0.10168358299415559,0.012497709016315639,0.14016312500461936,,,,,,,,,0.10168358299415559,0.10167712499969639,6.457994459196925e-06,0.2543444170150906,0.008643499983008951,0.012477792013669387,0.022306583996396512,0.003294458001619205,0.0016164580010809004,0.053338333003921434,,,
0.1,15,Non-random,0.4228376249957364,0.012497709016315639,0.25463495901203714,,,,,,,,,0.4228376249957364,0.42283624899573624,1.3760000001639128e-06,0.6899702930240892,,,,,,,0.3544663749926258,0.06772320799063891,0.0006466660124715418
0.1,16,Random Projection,0.09602712499327026,0.015292041993234307,0.21447933299350552,0.00011449999874457717,0.003450250020250678,0.0005217500147409737,0.0020870830048806965,0.003505165979731828,0.00012129099923186004,2.083301660604775e-05,0.08619937498588115,0.09602712499327026,0.09602024802006781,6.8769732024520636e-06,0.3257984999800101,,,,,,,,,
0.1,16,Random Sampling,0.13502916699508205,0.015292041993234307,0.14051533400197513,,,,,,,,,0.13502916699508205,0.13502329200855456,5.874986527487636e-06,0.2908365429902915,0.006898874999023974,0.012544249999336898,0.026064875011797994,0.003550124994944781,0.001626541983569041,0.08433862501988187,,,
0.1,16,Non-random,0.28247150001698174,0.015292041993234307,0.1661998749768827,,,,,,,,,0.28247150001698174,0.2824698759941384,1.6240228433161974e-06,0.46396341698709875,,,,,,,0.21516370901372284,0.06658024998614565,0.0007259169942699373
0.1,17,Random Projection,0.08286991700879298,0.026654082990717143,0.12265920802019536,7.29589955881238e-05,0.008990417001768947,0.002143917023204267,0.0014794169983360916,0.0017072920163627714,6.854202365502715e-05,9.415991371497512e-06,0.0683942910109181,0.08286991700879298,0.08286625106120482,3.665947588160634e-06,0.2321832080197055,,,,,,,,,
0.1,17,Random Sampling,0.15814816701458767,0.026654082990717143,0.14721108300727792,,,,,,,,,0.15814816701458767,0.15814366596168838,4.501052899286151e-06,0.33201333301258273,0.007712916994933039,0.018688707990804687,0.023409040994010866,0.00099458298063837,0.005815000011352822,0.1015234169899486,,,
0.1,17,Non-random,0.3120548750157468,0.026654082990717143,0.1554062080103904,,,,,,,,,0.3120548750157468,0.3120537069917191,1.1680240277200937e-06,0.49411516601685435,,,,,,,0.24244870798429474,0.06900883300113492,0.0005961660062894225
0.1,18,Random Projection,0.13750291700125672,0.027604957984294742,0.13363354199100286,0.00015404200530610979,0.004654791991924867,0.00019199997768737376,0.0006600840133614838,0.0031531669956166297,0.00011316701420582831,2.1624990040436387e-05,0.12854858400532976,0.13750291700125672,0.1374974609934725,5.456007784232497e-06,0.2987414169765543,,,,,,,,,
0.1,18,Random Sampling,0.11530095897614956,0.027604957984294742,0.11309991698362865,,,,,,,,,0.11530095897614956,0.11529554103617556,5.4179399739950895e-06,0.25600583394407295,0.007176625018473715,0.011951749998843297,0.03144525000243448,0.0026802910142578185,0.0015783749986439943,0.06046325000352226,,,
0.1,18,Non-random,0.2755967499979306,0.027604957984294742,0.12701041699619964,,,,,,,,,0.2755967499979306,0.2755948329868261,1.9170111045241356e-06,0.430212124978425,,,,,,,0.2321525409934111,0.042409999994561076,0.001032291998853907
0.1,19,Random Projection,0.09141191700473428,0.02484562501194887,0.12247162501444109,6.366698653437197e-05,0.008721999998670071,0.004534792009508237,0.0012692920281551778,0.006539333000546321,6.716701318509877e-05,9.249983122572303e-06,0.07020187500165775,0.09141191700473428,0.0914073760213796,4.5409833546727896e-06,0.23872916703112423,,,,,,,,,
0.1,19,Random Sampling,0.17438904198934324,0.02484562501194887,0.12382033298490569,,,,,,,,,0.17438904198934324,0.17438541699084453,3.6249984987080097e-06,0.3230549999861978,0.010862583993002772,0.012394499994115904,0.02783754200208932,0.0009740420209709555,0.0016321659786626697,0.12068458300200291,,,
0.1,19,Non-random,0.3117560420068912,0.02484562501194887,0.12237479101167992,,,,,,,,,0.3117560420068912,0.31174554204335436,1.0499963536858559e-05,0.45897645803052,,,,,,,0.2576448750041891,0.05299766702228226,0.0011030000168830156
0.1,20,Random Projection,0.10026512498734519,0.021762625023256987,0.10313154201139696,0.00012304200208745897,0.002755291003268212,0.00038904199027456343,0.0010241249983664602,0.0040840000146999955,0.0001265419996343553,2.2499996703118086e-05,0.09173395799007267,0.10026512498734519,0.10025849999510683,6.624992238357663e-06,0.22515929202199914,,,,,,,,,
0.1,20,Random Sampling,0.10842391598271206,0.021762625023256987,0.11087608401430771,,,,,,,,,0.10842391598271206,0.10841774902655743,6.166956154629588e-06,0.24106262502027676,0.008334666024893522,0.006839417008450255,0.024814375006826594,0.008137624972732738,0.0028117909969296306,0.05747987501672469,,,
0.1,20,Non-random,0.32967095900676213,0.021762625023256987,0.13763633399503306,,,,,,,,,0.32967095900676213,0.3296697080077138,1.2509990483522415e-06,0.4890699180250522,,,,,,,0.20939737500157207,0.11955858301371336,0.0007137499924283475
0.15,1,Random Projection,0.10865858301986009,0.024330666987225413,0.11660333402687684,0.0002749999985098839,0.0061160000041127205,0.0005152079975232482,0.0006456249975599349,0.0018372499907854944,6.195800960995257e-05,8.207978680729866e-06,0.09919500001706183,0.10865858301986009,0.1086542489938438,4.334026016294956e-06,0.24959258403396234,,,,,,,,,
0.15,1,Random Sampling,0.15079695897293277,0.024330666987225413,0.12255937501322478,,,,,,,,,0.15079695897293277,0.15079070796491578,6.251008016988635e-06,0.29768700097338296,0.007177541992859915,0.015703582990681753,0.026414958003442734,0.0021330000017769635,0.0013822079927194864,0.09797941698343493,,,
0.15,1,Non-random,0.27580908400705084,0.024330666987225413,0.13179570800275542,,,,,,,,,0.27580908400705084,0.2758071660355199,1.917971530929208e-06,0.4319354589970317,,,,,,,0.2325305410195142,0.042169791006017476,0.0011068340099882334
0.15,2,Random Projection,0.05165820798720233,0.014903750008670613,0.11454325000522658,6.612500874325633e-05,0.0035462079977151006,0.00020212499657645822,0.003465458983555436,0.0014642080059275031,6.116600707173347e-05,8.625007467344403e-06,0.04283979200408794,0.05165820798720233,0.05165370801114477,4.499976057559252e-06,0.18110520800109953,,,,,,,,,
0.15,2,Random Sampling,0.14559758399263956,0.014903750008670613,0.1354325829888694,,,,,,,,,0.14559758399263956,0.14559166700928472,5.916983354836702e-06,0.29593391699017957,0.0044357920123729855,0.00695508299395442,0.02332508299150504,0.005473875004099682,0.0022760840074624866,0.1031257499998901,,,
0.15,2,Non-random,0.306571958004497,0.014903750008670613,0.1672508750052657,,,,,,,,,0.306571958004497,0.306570375978481,1.5820260159671307e-06,0.4887265830184333,,,,,,,0.24423291700077243,0.061382833984680474,0.0009546249930281192
0.15,3,Random Projection,0.06257462501525879,0.017763542011380196,0.1250106249935925,6.95830094628036e-05,0.008050000004004687,0.00020495799253694713,0.000658750010188669,0.003565374994650483,5.658398731611669e-05,8.875009370967746e-06,0.04995695798425004,0.06257462501525879,0.06257108299178071,3.542023478075862e-06,0.20534879202023149,,,,,,,,,
0.15,3,Random Sampling,0.09894795899163,0.017763542011380196,0.1346540840168018,,,,,,,,,0.09894795899163,0.0989408339955844,7.124996045604348e-06,0.251365585019812,0.008181874989531934,0.007737667008768767,0.017150041996501386,0.0012861249851994216,0.001357750006718561,0.06322737500886433,,,
0.15,3,Non-random,0.2943842500098981,0.017763542011380196,0.14697866601636633,,,,,,,,,0.2943842500098981,0.29438212598324753,2.1240266505628824e-06,0.4591264580376446,,,,,,,0.2531498339958489,0.040132416994310915,0.0010998749930877239
0.15,4,Random Projection,0.052800417004618794,0.016401708009652793,0.10091649999958463,7.362500764429569e-05,0.0020219580037519336,0.00043937499867752194,0.006515833985758945,0.0013127499842084944,0.00012700000661425292,2.083400613628328e-05,0.042282417009118944,0.052800417004618794,0.05279379300191067,6.624002708122134e-06,0.17011862501385622,,,,,,,,,
0.15,4,Random Sampling,0.1532221249944996,0.016401708009652793,0.12693308299640194,,,,,,,,,0.1532221249944996,0.1532147500256542,7.374968845397234e-06,0.29655691600055434,0.007455083017703146,0.014164499996695668,0.018271250010002404,0.0013840419996995479,0.0031832499953452498,0.1087566250062082,,,
0.15,4,Non-random,0.4262814999965485,0.016401708009652793,0.2493678749888204,,,,,,,,,0.4262814999965485,0.4262797489936929,1.7510028555989265e-06,0.6920510829950217,,,,,,,0.3402622079884168,0.08540808301768266,0.0006094579875934869
0.15,5,Random Projection,0.07294833401101641,0.017698250012472272,0.13165029097581282,6.34589814580977e-05,0.003688917000545189,0.00021833300706930459,0.0005385839904192835,0.0027178330055903643,0.00011550000635907054,2.112501533702016e-05,0.06557995901675895,0.07294833401101641,0.07294371002353728,4.623987479135394e-06,0.2222968749993015,,,,,,,,,
0.15,5,Random Sampling,0.1379397079872433,0.017698250012472272,0.11972024998976849,,,,,,,,,0.1379397079872433,0.1379317909886595,7.916998583823442e-06,0.27535820798948407,0.008864083007210866,0.01525654099532403,0.046667082991916686,0.004765416990267113,0.006816542008891702,0.05556212499504909,,,
0.15,5,Non-random,0.2886824170127511,0.017698250012472272,0.17839483302668668,,,,,,,,,0.2886824170127511,0.28868066699942574,1.7500133253633976e-06,0.48477550005191006,,,,,,,0.2361450419994071,0.051408125000307336,0.00112749999971129
0.15,6,Random Projection,0.10493750000023283,0.022735166014172137,0.1420069580199197,7.574999472126365e-05,0.006575167004484683,0.00018350000027567148,0.0005107080214656889,0.004298666986869648,0.00011249998351559043,2.1499989088624716e-05,0.09315487500862218,0.10493750000023283,0.10493266698904335,4.8330111894756556e-06,0.26967962403432466,,,,,,,,,
0.15,6,Random Sampling,0.0977777500229422,0.022735166014172137,0.120153041993035,,,,,,,,,0.0977777500229422,0.09777120797662064,6.542046321555972e-06,0.24066595803014934,0.011053082998842001,0.0093014579906594,0.019914125005016103,0.002207624987931922,0.0015972499968484044,0.05369766699732281,,,
0.15,6,Non-random,0.41324254201026633,0.022735166014172137,0.15679420801461674,,,,,,,,,0.41324254201026633,0.41324087500106543,1.667009200900793e-06,0.5927719160390552,,,,,,,0.29229812501580454,0.12025533299311064,0.0006874169921502471
0.15,7,Random Projection,0.13082629200653173,0.024434291990473866,0.1422552499861922,6.520800525322556e-05,0.009327084000688046,0.00028745800955221057,0.005218875012360513,0.004519334004726261,6.558399763889611e-05,8.874980267137289e-06,0.11132783399079926,0.13082629200653173,0.13082025200128555,6.040005246177316e-06,0.2975158339831978,,,,,,,,,
0.15,7,Random Sampling,0.150689333997434,0.024434291990473866,0.13831979199312627,,,,,,,,,0.150689333997434,0.15068170794984326,7.626047590747476e-06,0.31344341798103414,0.014247082988731563,0.014236041984986514,0.02223762500216253,0.0036387500003911555,0.0036789999867323786,0.09264320798683912,,,
0.15,7,Non-random,0.2924768340017181,0.024434291990473866,0.13943070798995905,,,,,,,,,0.2924768340017181,0.29247483299695887,2.001004759222269e-06,0.456341833982151,,,,,,,0.23820675001479685,0.053278124978533015,0.000989958003628999
0.15,8,Random Projection,0.09998225001618266,0.01688525002100505,0.13506349999806844,7.129099685698748e-05,0.005388333986047655,0.00020858299103565514,0.003119667002465576,0.005870374996447936,0.00012912499369122088,3.987498348578811e-05,0.08514483398175798,0.09998225001618266,0.0999720839317888,1.016608439385891e-05,0.25193100003525615,,,,,,,,,
0.15,8,Random Sampling,0.14993295801104978,0.01688525002100505,0.128310458996566,,,,,,,,,0.14993295801104978,0.1499272069777362,5.751033313572407e-06,0.29512866702862084,0.007461666013114154,0.016835249989526346,0.016851708001922816,0.002277666993904859,0.0037167499831411988,0.10278416599612683,,,
0.15,8,Non-random,0.30024529198999517,0.01688525002100505,0.13202079199254513,,,,,,,,,0.30024529198999517,0.3002436659880914,1.6260019037872553e-06,0.44915133400354534,,,,,,,0.24976649999734946,0.049382916011381894,0.001094249979360029
0.15,9,Random Projection,0.05307612498290837,0.032393166999099776,0.12265174998901784,6.716599455103278e-05,0.0038508339785039425,0.00040529199759475887,0.0058162919885944575,0.004489957995247096,7.233399082906544e-05,8.542003342881799e-06,0.03836062498157844,0.05307612498290837,0.053071042930241674,5.082052666693926e-06,0.208121041971026,,,,,,,,,
0.15,9,Random Sampling,0.11043308299849741,0.032393166999099776,0.10865020897472277,,,,,,,,,0.11043308299849741,0.11042766898754053,5.4140109568834305e-06,0.25147645897231996,0.010535749985137954,0.006965084001421928,0.022447499999543652,0.002473833999829367,0.0013382920005824417,0.06666720900102518,,,
0.15,9,Non-random,0.30456233298173174,0.032393166999099776,0.12785241700476035,,,,,,,,,0.30456233298173174,0.3045602499914821,2.082990249618888e-06,0.4648079169855919,,,,,,,0.24929233401780948,0.054101332993013784,0.001166582980658859
0.15,10,Random Projection,0.11200058300164528,0.021818500012159348,0.15870741699473,6.895899423398077e-05,0.003359207999892533,0.0017596250108908862,0.0006846250034868717,0.0037221670208964497,0.00015541701577603817,2.1832995116710663e-05,0.10222441700170748,0.11200058300164528,0.11199625104200095,4.331959644332528e-06,0.29252650000853464,,,,,,,,,
0.15,10,Random Sampling,0.15084750001551583,0.021818500012159348,0.1630890829837881,,,,,,,,,0.15084750001551583,0.15084137502708472,6.124988431110978e-06,0.3357550830114633,0.0058727500145323575,0.0192081659915857,0.018236792006064206,0.0053153340122662485,0.002854374994058162,0.09935395800857805,,,
0.15,10,Non-random,0.30001629202160984,0.021818500012159348,0.13509887500549667,,,,,,,,,0.30001629202160984,0.30001479099155404,1.5010300558060408e-06,0.45693366703926586,,,,,,,0.2533922499860637,0.04559320799307898,0.0010293330124113709
0.15,11,Random Projection,0.06259733400656842,0.01949800000875257,0.11654904199531302,6.595900049433112e-05,0.011235457990551367,0.0003944580093957484,0.0011468329757917672,0.001711249991785735,7.466599345207214e-05,9.875016985461116e-06,0.04795366700273007,0.06259733400656842,0.06259216598118655,5.168025381863117e-06,0.198644376010634,,,,,,,,,
0.15,11,Random Sampling,0.09489249999751337,0.01949800000875257,0.13217408300261013,,,,,,,,,0.09489249999751337,0.0948856249160599,6.875081453472376e-06,0.24656458300887607,0.007524791988544166,0.010199499985901639,0.02049633298884146,0.00548645798698999,0.0021431669883895665,0.049035374977393076,,,
0.15,11,Non-random,0.31810854200739413,0.01949800000875257,0.15343308300361969,,,,,,,,,0.31810854200739413,0.31810745800612494,1.0840012691915035e-06,0.4910396250197664,,,,,,,0.24074354200274684,0.07675133299198933,0.0006125830113887787
0.15,12,Random Projection,0.12534966701059602,0.026281583996023983,0.15632770798401907,7.687500328756869e-05,0.010733417002484202,0.00022250000620260835,0.00045841699466109276,0.005922083015320823,0.00011612498201429844,2.087498432956636e-05,0.10779470801935531,0.12534966701059602,0.12534500000765547,4.6670029405504465e-06,0.3079589589906391,,,,,,,,,
0.15,12,Random Sampling,0.21504995800205506,0.026281583996023983,0.13406462498824112,,,,,,,,,0.21504995800205506,0.21504429201013409,5.665991920977831e-06,0.37539616698632017,0.01688612502766773,0.01917833398329094,0.01700079199508764,0.0009642080112826079,0.0016503329970873892,0.15936449999571778,,,
0.15,12,Non-random,0.3133743340149522,0.026281583996023983,0.18710383400321007,,,,,,,,,0.3133743340149522,0.3133726670348551,1.6669800970703363e-06,0.5267597520141862,,,,,,,0.23050537498784252,0.08213725002133287,0.0007300420256797224
0.15,13,Random Projection,0.11890258398489095,0.022559667006134987,0.22260104201268405,7.104198448359966e-05,0.0035032079904340208,0.0005280000041238964,0.0005401250091381371,0.005873292015166953,0.0001663750153966248,2.4083972675725818e-05,0.10819008300313726,0.11890258398489095,0.11889620899455622,6.374990334734321e-06,0.36406329300371,,,,,,,,,
0.15,13,Random Sampling,0.08086633300990798,0.022559667006134987,0.1669484169979114,,,,,,,,,0.08086633300990798,0.08085979297175072,6.5400381572544575e-06,0.27037441701395437,0.006226999976206571,0.008481708995532244,0.014871583989588544,0.0009833330113906413,0.0016057920001912862,0.048690374998841435,,,
0.15,13,Non-random,0.332464125007391,0.022559667006134987,0.15573345799930394,,,,,,,,,0.332464125007391,0.33246225101174787,1.8739956431090832e-06,0.5107572500128299,,,,,,,0.22052475000964478,0.11125516699394211,0.0006823340081609786
0.15,14,Random Projection,0.07868495801812969,0.01377058299840428,0.1641796659969259,6.445799954235554e-05,0.004299833002733067,0.00018862501019611955,0.0004535829939413816,0.005260999983875081,0.00012708301073871553,2.174999099224806e-05,0.06826408399501815,0.07868495801812969,0.07868041598703712,4.542031092569232e-06,0.2566352070134599,,,,,,,,,
0.15,14,Random Sampling,0.10800212499452755,0.01377058299840428,0.1283890420163516,,,,,,,,,0.10800212499452755,0.10799620798206888,5.917012458667159e-06,0.2501617500092834,0.011824707995401695,0.011309875000733882,0.018342249997658655,0.0010847079975064844,0.0028139589994680136,0.06262070799130015,,,
0.15,14,Non-random,0.27569937499356456,0.01377058299840428,0.1525203750061337,,,,,,,,,0.27569937499356456,0.27569741700426675,1.9579892978072166e-06,0.44199033299810253,,,,,,,0.22544566699070856,0.049132792017189786,0.0011189579963684082
0.15,15,Random Projection,0.07376312499400228,0.01594066698453389,0.10394974998780526,6.849999772384763e-05,0.002277375024277717,0.0001827079977374524,0.005414916988229379,0.0011511670018080622,6.220798240974545e-05,8.417002391070127e-06,0.06459383299807087,0.07376312499400228,0.07375912499264814,4.0000013541430235e-06,0.19365354196634144,,,,,,,,,
0.15,15,Random Sampling,0.11046383299981244,0.01594066698453389,0.13934404199244455,,,,,,,,,0.11046383299981244,0.11045791607466526,5.916925147175789e-06,0.2657485419767909,0.00532179101719521,0.007426417025271803,0.01676129101542756,0.005843791994266212,0.0038299580046441406,0.07127466701786034,,,
0.15,15,Non-random,0.262835208006436,0.01594066698453389,0.1212589589995332,,,,,,,,,0.262835208006436,0.2628337499918416,1.4580145943909883e-06,0.4000348339905031,,,,,,,0.20156245800899342,0.060186457994859666,0.0010848339879885316
0.15,16,Random Projection,0.09519691701279953,0.02103224999154918,0.13942525000311434,7.258399273268878e-05,0.007324917009100318,0.0033072090009227395,0.0008395419863518327,0.0012793329951819032,0.00010420801118016243,1.9750004867091775e-05,0.08224454100127332,0.09519691701279953,0.09519208400161006,4.8330111894756556e-06,0.25565441700746305,,,,,,,,,
0.15,16,Random Sampling,0.14351566700497642,0.02103224999154918,0.1588594579952769,,,,,,,,,0.14351566700497642,0.1435097079956904,5.959009286016226e-06,0.3234073749918025,0.0073959169967565686,0.010405042005004361,0.018817875010427088,0.0010187499865423888,0.003878082992741838,0.10199404100421816,,,
0.15,16,Non-random,0.4797094170062337,0.02103224999154918,0.26096241699997336,,,,,,,,,0.4797094170062337,0.47970729001099244,2.1269952412694693e-06,0.7617040839977562,,,,,,,0.3111912080203183,0.16780279099475592,0.0007132909959182143
0.15,17,Random Projection,0.07141237502219155,0.020425875001819804,0.18904908298281953,0.00011045800056308508,0.004451707995031029,0.0002332500007469207,0.004042791988467798,0.0010697919933591038,6.962500629015267e-05,8.25000461190939e-06,0.06142149999504909,0.07141237502219155,0.07140737498411909,5.00003807246685e-06,0.2808873330068309,,,,,,,,,
0.15,17,Random Sampling,0.11682254201150499,0.020425875001819804,0.1383364579814952,,,,,,,,,0.11682254201150499,0.11681537504773587,7.166963769122958e-06,0.27558487499482,0.00962075000279583,0.01715695799794048,0.02352504202281125,0.0010099580103997141,0.0016404580092057586,0.06386220900458284,,,
0.15,17,Non-random,0.3309529999969527,0.020425875001819804,0.15755245799664408,,,,,,,,,0.3309529999969527,0.3309515419823583,1.4580145943909883e-06,0.5089313329954166,,,,,,,0.24269420799100772,0.08757420899928547,0.0006831249920651317
0.15,18,Random Projection,0.15369179198751226,0.026378459006082267,0.13308450000477023,6.57909840811044e-05,0.00656254100613296,0.00019441699259914458,0.0006658330094069242,0.003193582990206778,5.858400254510343e-05,8.790986612439156e-06,0.14293833400006406,0.15369179198751226,0.15368787397164851,3.918015863746405e-06,0.31315475099836476,,,,,,,,,
0.15,18,Random Sampling,0.14336383301997557,0.026378459006082267,0.15925212498405017,,,,,,,,,0.14336383301997557,0.14335637600743212,7.457012543454766e-06,0.328994417010108,0.0048014170024544,0.010399042017525062,0.03051354200579226,0.002579332998720929,0.0030022919818293303,0.09206075000111014,,,
0.15,18,Non-random,0.3844282499921974,0.026378459006082267,0.13981433300068602,,,,,,,,,0.3844282499921974,0.38442533402121626,2.9159709811210632e-06,0.5506210419989657,,,,,,,0.2967297499999404,0.08633554200059734,0.0013600420206785202
0.15,19,Random Projection,0.08042658297927119,0.0346369170001708,0.12950241699581966,0.00012191699352115393,0.007254249998368323,0.0029613749939016998,0.0007413330022245646,0.002626583998790011,7.483400986529887e-05,9.832991054281592e-06,0.06663050001952797,0.08042658297927119,0.0804206260072533,5.9569720178842545e-06,0.24456591697526164,,,,,,,,,
0.15,19,Random Sampling,0.11276966700097546,0.0346369170001708,0.11346637498354539,,,,,,,,,0.11276966700097546,0.11276483300025575,4.8340007197111845e-06,0.26087295898469165,0.005077582987723872,0.009872499998891726,0.02233712500310503,0.0011215829872526228,0.0013894170115236193,0.07296662501175888,,,
0.15,19,Non-random,0.3007028749852907,0.0346369170001708,0.1382934160064906,,,,,,,,,0.3007028749852907,0.30070070797228254,2.167013008147478e-06,0.4736332079919521,,,,,,,0.25203216599766165,0.04752354198717512,0.0011449999874457717
0.15,20,Random Projection,0.13332145800814033,0.01822345901746303,0.15434829200967215,6.575000588782132e-05,0.006180333002703264,0.0001889999839477241,0.0012848750047851354,0.004451916989637539,7.516698678955436e-05,9.37501317821443e-06,0.12106029098504223,0.13332145800814033,0.13331670797197148,4.750036168843508e-06,0.3058932090352755,,,,,,,,,
0.15,20,Random Sampling,0.1599412920186296,0.01822345901746303,0.13956449998659082,,,,,,,,,0.1599412920186296,0.15993366701877676,7.624999852851033e-06,0.31772925102268346,0.007181875000242144,0.012932000012369826,0.022537541983183473,0.0028913750138599426,0.0052060000016354024,0.10918487500748597,,,
0.15,20,Non-random,0.29142554200370796,0.01822345901746303,0.14263625000603497,,,,,,,,,0.29142554200370796,0.29142379100085236,1.7510028555989265e-06,0.45228525102720596,,,,,,,0.2427895830187481,0.047598915989510715,0.0010352919925935566
0.2,1,Random Projection,0.04912079099449329,0.011839541024528444,0.11512687502545305,6.437499541789293e-05,0.0035684999893419445,0.00018591698608361185,0.0009052080276887864,0.0017820830107666552,6.816699169576168e-05,9.083014447242022e-06,0.04253387500648387,0.04912079099449329,0.04911720802192576,3.5829725675284863e-06,0.17608720704447478,,,,,,,,,
0.2,1,Random Sampling,0.08742345898644999,0.011839541024528444,0.1495836660033092,,,,,,,,,0.08742345898644999,0.0874194149801042,4.044006345793605e-06,0.24884666601428762,0.009664665994932875,0.011865791981108487,0.01559154101414606,0.0035227499902248383,0.0014078750100452453,0.04536679098964669,,,
0.2,1,Non-random,0.2656030409852974,0.011839541024528444,0.12694591699982993,,,,,,,,,0.2656030409852974,0.26559995801653713,3.0829687602818012e-06,0.4043884990096558,,,,,,,0.215625083015766,0.048800582997500896,0.0011742920032702386
0.2,2,Random Projection,0.057709625019924715,0.02348041598452255,0.14143020898336545,0.00011708401143550873,0.005574208014877513,0.00020216600387357175,0.002946374996099621,0.006296791980275884,0.00012045801850035787,2.095801755785942e-05,0.042425791994901374,0.057709625019924715,0.05770383303752169,5.791982403025031e-06,0.2226202499878127,,,,,,,,,
0.2,2,Random Sampling,0.13462708299630322,0.02348041598452255,0.11612291599158198,,,,,,,,,0.13462708299630322,0.1346228740294464,4.2089668568223715e-06,0.27423041497240774,0.01936062498134561,0.00812354200752452,0.017250333010451868,0.00344866601517424,0.0016905420052353293,0.08474916600971483,,,
0.2,2,Non-random,0.3415143329766579,0.02348041598452255,0.16268383400165476,,,,,,,,,0.3415143329766579,0.341513000021223,1.3329554349184036e-06,0.5276785829628352,,,,,,,0.237513250001939,0.10328970800037496,0.0007100420189090073
0.2,3,Random Projection,0.059854332997929305,0.023604125017300248,0.1413509999983944,6.608400144614279e-05,0.004188124992651865,0.00021862497669644654,0.003788750007515773,0.0021520839945878834,6.95830094628036e-05,8.791976142674685e-06,0.04935833401395939,0.059854332997929305,0.05985037697246298,3.956025466322899e-06,0.22480945801362395,,,,,,,,,
0.2,3,Random Sampling,0.15889620798407122,0.023604125017300248,0.13977770900237374,,,,,,,,,0.15889620798407122,0.15889037502347492,5.832960596308112e-06,0.3222780420037452,0.005657625006278977,0.012883707997389138,0.021468416991410777,0.001530292007373646,0.003022250020876527,0.11432808300014585,,,
0.2,3,Non-random,0.2916941670118831,0.023604125017300248,0.12152904199319892,,,,,,,,,0.2916941670118831,0.2916921669966541,2.00001522898674e-06,0.4368273340223823,,,,,,,0.23606491700047627,0.054552916990360245,0.001074333005817607
0.2,4,Random Projection,0.04835550001007505,0.02195091699832119,0.1159380000026431,6.525000208057463e-05,0.005460791988298297,0.000509625009726733,0.0006069160008337349,0.0011839999933727086,0.00010270799975842237,1.9917002646252513e-05,0.04040166697814129,0.04835550001007505,0.048350874974858016,4.6250352170318365e-06,0.18624441701103933,,,,,,,,,
0.2,4,Random Sampling,0.12215962499612942,0.02195091699832119,0.1235287919989787,,,,,,,,,0.12215962499612942,0.12215250098961405,7.124006515368819e-06,0.2676393339934293,0.005513832991709933,0.011866584012750536,0.016032334009651095,0.0010386249923612922,0.0034347919863648713,0.08426633299677633,,,
0.2,4,Non-random,0.2543366670142859,0.02195091699832119,0.12995300002512522,,,,,,,,,0.2543366670142859,0.2543348319886718,1.8350256141275167e-06,0.40624058403773233,,,,,,,0.20584187499480322,0.04740829099318944,0.0010846660006791353
0.2,5,Random Projection,0.07675387500785291,0.023054458026308566,0.12370362499495968,7.34579807613045e-05,0.009126417018705979,0.0015845830203033984,0.0009942920005414635,0.004209667007671669,0.00012133299605920911,2.087498432956636e-05,0.06061741700978018,0.07675387500785291,0.07674804201815277,5.832989700138569e-06,0.22351195802912116,,,,,,,,,
0.2,5,Random Sampling,0.14225179099594243,0.023054458026308566,0.17162008400191553,,,,,,,,,0.14225179099594243,0.1422464579809457,5.333014996722341e-06,0.3369263330241665,0.0086329169862438,0.012990874995011836,0.0195839160005562,0.0013961250078864396,0.003445041977101937,0.0961975830141455,,,
0.2,5,Non-random,0.26994262501830235,0.023054458026308566,0.13119508299860172,,,,,,,,,0.26994262501830235,0.2699404169979971,2.208020305261016e-06,0.42419216604321264,,,,,,,0.22705945899360813,0.04186012499849312,0.0010208330058958381
0.2,6,Random Projection,0.05025008300435729,0.02203387499321252,0.12177291701664217,0.0001222910068463534,0.0040882919856812805,0.00020995800150558352,0.0004909590061288327,0.0010790420055855066,5.704199429601431e-05,8.417002391070127e-06,0.04418899997835979,0.05025008300435729,0.05024500098079443,5.082023562863469e-06,0.19405687501421198,,,,,,,,,
0.2,6,Random Sampling,0.09171808301471174,0.02203387499321252,0.10817799999495037,,,,,,,,,0.09171808301471174,0.09171162499114871,6.458023563027382e-06,0.22192995800287463,0.0072359170007985085,0.012220000004163012,0.018345332995522767,0.006115124997450039,0.0016365000046789646,0.04615874998853542,,,
0.2,6,Non-random,0.3430540830013342,0.02203387499321252,0.16637587500736117,,,,,,,,,0.3430540830013342,0.3430522920098156,1.7909915186464787e-06,0.5314638330019079,,,,,,,0.22064312500879169,0.12131154199596494,0.0010976250050589442
0.2,7,Random Projection,0.08079733300837688,0.025040334003278986,0.1439853750052862,6.683397805318236e-05,0.005697916989447549,0.0001966250129044056,0.000589250004850328,0.0011428750003688037,6.975000724196434e-05,9.332987247034907e-06,0.07302079099463299,0.08079733300837688,0.08079337497474626,3.9580336306244135e-06,0.24982304201694205,,,,,,,,,
0.2,7,Random Sampling,0.14046287498786114,0.025040334003278986,0.1131664999993518,,,,,,,,,0.14046287498786114,0.14045550001901574,7.374968845397234e-06,0.2786697089904919,0.00953387501067482,0.013008957990678027,0.011834334000013769,0.0028292079805396497,0.003366250020917505,0.09988287501619197,,,
0.2,7,Non-random,0.3218392090057023,0.025040334003278986,0.15309591600089334,,,,,,,,,0.3218392090057023,0.3218380009930115,1.2080126907676458e-06,0.4999754590098746,,,,,,,0.2406400830077473,0.08059445899561979,0.0006034589896444231
0.2,8,Random Projection,0.08415908401366323,0.026972583000315353,0.12602541700471193,6.741701508872211e-05,0.006045040994649753,0.0006350420007947832,0.0006246249831747264,0.0016130419971887022,0.00011304198415018618,2.1041982108727098e-05,0.07503445900510997,0.08415908401366323,0.08415370996226557,5.374051397666335e-06,0.2371570840186905,,,,,,,,,
0.2,8,Random Sampling,0.15929025001241826,0.026972583000315353,0.12496220797766,,,,,,,,,0.15929025001241826,0.15928487502969801,5.374982720240951e-06,0.3112250409903936,0.009394124994287267,0.0113977910077665,0.020311250002123415,0.0012980840110685676,0.0031546250102110207,0.11372900000424124,,,
0.2,8,Non-random,0.30611062500975095,0.026972583000315353,0.21663733400055207,,,,,,,,,0.30611062500975095,0.3061082079948392,2.4170149117708206e-06,0.5497205420106184,,,,,,,0.258306250005262,0.04669758299132809,0.0011043749982491136
0.2,9,Random Projection,0.07245283300289884,0.021356250013923272,0.16575949999969453,6.641598884016275e-05,0.0033734159951563925,0.00026737499865703285,0.001600624993443489,0.0013423750060610473,0.00010529198334552348,1.912500010803342e-05,0.06567337500746362,0.07245283300289884,0.0724479989730753,4.834029823541641e-06,0.25956858301651664,,,,,,,,,
0.2,9,Random Sampling,0.12135583302006125,0.021356250013923272,0.11074199998984113,,,,,,,,,0.12135583302006125,0.121348126034718,7.706985343247652e-06,0.25345408302382566,0.0071595420013181865,0.015985250007361174,0.016106708004372194,0.0010777920251712203,0.001572375011164695,0.07944645898533054,,,
0.2,9,Non-random,0.2915851669968106,0.021356250013923272,0.16183691599871963,,,,,,,,,0.2915851669968106,0.2915836250176653,1.541979145258665e-06,0.4747783330094535,,,,,,,0.2216292500088457,0.06926787502015941,0.0006864999886602163
0.2,10,Random Projection,0.11421104101464152,0.013899374986067414,0.14073391701094806,0.00012729200534522533,0.007561332982731983,0.002903166983742267,0.0007490839925594628,0.002229292003903538,0.00010687499889172614,1.9540981156751513e-05,0.10050845798105001,0.11421104101464152,0.11420504192938097,5.999085260555148e-06,0.268844333011657,,,,,,,,,
0.2,10,Random Sampling,0.15781866700854152,0.013899374986067414,0.12257954099914059,,,,,,,,,0.15781866700854152,0.15781274996697903,5.917041562497616e-06,0.29429758299374953,0.012050749995978549,0.01592224999330938,0.014871041988953948,0.005620083014946431,0.0017783749790396541,0.10757024999475107,,,
0.2,10,Non-random,0.30925654200837016,0.013899374986067414,0.14025520801078528,,,,,,,,,0.30925654200837016,0.30925466696498916,1.8750433810055256e-06,0.46341112500522286,,,,,,,0.26729424999211915,0.040840999979991466,0.0011194169928785414
0.2,11,Random Projection,0.05316083400975913,0.024345459009055048,0.13960562500869855,6.629200652241707e-05,0.00715979200322181,0.00020208398927934468,0.0008102919964585453,0.001097166008548811,6.412499351426959e-05,9.040988516062498e-06,0.04374750002170913,0.05316083400975913,0.05315629200777039,4.542001988738775e-06,0.21711191802751273,,,,,,,,,
0.2,11,Random Sampling,0.09842991598998196,0.024345459009055048,0.12463129201205447,,,,,,,,,0.09842991598998196,0.09842383398790844,6.0820020735263824e-06,0.24740666701109149,0.008195208996767178,0.016499499994097278,0.015769958001328632,0.0009988749807234854,0.0015914170071482658,0.0553688750078436,,,
0.2,11,Non-random,0.2677666250092443,0.024345459009055048,0.13035316599416547,,,,,,,,,0.2677666250092443,0.2677653749997262,1.2500095181167126e-06,0.4224652500124648,,,,,,,0.23489512500236742,0.03184054198209196,0.0010297080152668059
0.2,12,Random Projection,0.05191874998854473,0.012475124996853992,0.11612500000046566,6.325001595541835e-05,0.004998917022021487,0.0004332910175435245,0.0005234589916653931,0.004780457995366305,0.0001598329981788993,2.1124986233189702e-05,0.04093258400098421,0.05191874998854473,0.051912917027948424,5.832960596308112e-06,0.18051887498586439,,,,,,,,,
0.2,12,Random Sampling,0.12677720800274983,0.012475124996853992,0.13154879200737923,,,,,,,,,0.12677720800274983,0.12677029200131074,6.9160014390945435e-06,0.27080112500698306,0.009997166984248906,0.014129666000371799,0.012406541995005682,0.0011025830172002316,0.0038835419982206076,0.08525079200626351,,,
0.2,12,Non-random,0.25176733400439844,0.012475124996853992,0.1247446250054054,,,,,,,,,0.25176733400439844,0.25176533398916945,2.00001522898674e-06,0.3889870840066578,,,,,,,0.20516216699616052,0.04553058400051668,0.0010725829924922436
0.2,13,Random Projection,0.11000787498778664,0.022836208023363724,0.13101820801966824,8.358398918062449e-05,0.0026791660056915134,0.00024195900186896324,0.005836416996316984,0.001740582985803485,0.0001120000088121742,2.1499989088624716e-05,0.09928662501624785,0.11000787498778664,0.11000183399301022,6.040994776412845e-06,0.2638622910308186,,,,,,,,,
0.2,13,Random Sampling,0.08980879199225456,0.022836208023363724,0.10916687501594424,,,,,,,,,0.08980879199225456,0.08980245800921693,6.333983037620783e-06,0.22181187503156252,0.012640582979656756,0.014315584005089477,0.01365750000695698,0.00301279200357385,0.0013632079935632646,0.04481279102037661,,,
0.2,13,Non-random,0.30075125000439584,0.022836208023363724,0.14861116599058732,,,,,,,,,0.30075125000439584,0.30074962601065636,1.6239937394857407e-06,0.4721986240183469,,,,,,,0.2244418339978438,0.0755899999930989,0.00071779201971367
0.2,14,Random Projection,0.05819362500915304,0.017416083021089435,0.09839249998913147,6.525000208057463e-05,0.009454375016503036,0.001841208984842524,0.001216166012454778,0.0009970419923774898,5.441700341179967e-05,8.249975508078933e-06,0.04455316701205447,0.05819362500915304,0.058189875999232754,3.749009920284152e-06,0.17400220801937394,,,,,,,,,
0.2,14,Random Sampling,0.11614908298361115,0.017416083021089435,0.15690133400494233,,,,,,,,,0.11614908298361115,0.11614228997495957,6.793008651584387e-06,0.2904665000096429,0.008590291981818154,0.017872041004011407,0.024890708009479567,0.0015273329918272793,0.0013959580101072788,0.06186595797771588,,,
0.2,14,Non-random,0.3217115000006743,0.017416083021089435,0.13347995799267665,,,,,,,,,0.3217115000006743,0.32170900102937594,2.4989712983369827e-06,0.47260754101444036,,,,,,,0.26417599999695085,0.053971042012562975,0.0035619590198621154
0.2,15,Random Projection,0.10822858402389102,0.018490707996534184,0.21493137499783188,6.479199510067701e-05,0.009201958018820733,0.00020062498515471816,0.000533499987795949,0.004008167015854269,6.44999963697046e-05,9.041978046298027e-06,0.09414254201692529,0.10822858402389102,0.10822512599406764,3.4580298233777285e-06,0.3416506670182571,,,,,,,,,
0.2,15,Random Sampling,0.2069456250173971,0.018490707996534184,0.14700208301655948,,,,,,,,,0.2069456250173971,0.20694112600176595,4.4990156311541796e-06,0.37243841603049077,0.010161499987589195,0.014640375011367723,0.016789916990092024,0.0032685000041965395,0.0016077090112958103,0.16047312499722466,,,
0.2,15,Non-random,0.4022401250258554,0.018490707996534184,0.1761987920035608,,,,,,,,,0.4022401250258554,0.4022390419850126,1.0830408427864313e-06,0.5969296250259504,,,,,,,0.2759049999876879,0.12571012499392964,0.0006239170033950359
0.2,16,Random Projection,0.10872820799704641,0.03011862499988638,0.14955125001142733,0.00016570798470638692,0.0021579170133918524,0.00018724999972619116,0.0006604579975828528,0.004452124994713813,5.879098898731172e-05,8.916016668081284e-06,0.10103391599841416,0.10872820799704641,0.10872508099419065,3.1270028557628393e-06,0.2883980830083601,,,,,,,,,
0.2,16,Random Sampling,0.1322303750202991,0.03011862499988638,0.141685457987478,,,,,,,,,0.1322303750202991,0.13222445803694427,5.916983354836702e-06,0.3040344580076635,0.011484041984658688,0.013065416016615927,0.015348084009019658,0.004234791005728766,0.0014222919999156147,0.08666983302100562,,,
0.2,16,Non-random,0.28491733298869804,0.03011862499988638,0.13862562502617948,,,,,,,,,0.28491733298869804,0.28491566597949713,1.667009200900793e-06,0.4536615830147639,,,,,,,0.2367380409850739,0.04709583299700171,0.0010817919974215329
0.2,17,Random Projection,0.0753965410112869,0.01300854200962931,0.1591646249871701,6.562500493600965e-05,0.003990625002188608,0.00020083299023099244,0.0004992499889340252,0.006566791998920962,0.00012699997751042247,2.1583022316917777e-05,0.06391945798532106,0.0753965410112869,0.075391165970359,5.375040927901864e-06,0.2475697080080863,,,,,,,,,
0.2,17,Random Sampling,0.1769090839952696,0.01300854200962931,0.15926112502347678,,,,,,,,,0.1769090839952696,0.17690420901635662,4.8749789129942656e-06,0.3491787510283757,0.0072684999904595315,0.019216250017052516,0.015094084024894983,0.0010082079970743507,0.0013755419931840152,0.13294162499369122,,,
0.2,17,Non-random,0.27600608399370685,0.01300854200962931,0.13280416699126363,,,,,,,,,0.27600608399370685,0.27600350097054616,2.5830231606960297e-06,0.4218187929945998,,,,,,,0.22795770899392664,0.046151208982337266,0.0018945829942822456
0.2,18,Random Projection,0.11055479198694229,0.023538917012047023,0.14109820901649073,6.4416992245242e-05,0.00820520898560062,0.00017854198813438416,0.0015261660155374557,0.001650457998039201,0.00011049999739043415,1.983300899155438e-05,0.09879504100535996,0.11055479198694229,0.11055016599129885,4.625995643436909e-06,0.27519191801548004,,,,,,,,,
0.2,18,Random Sampling,0.2485279160027858,0.023538917012047023,0.13092333302483894,,,,,,,,,0.2485279160027858,0.24852050002664328,7.415976142510772e-06,0.40299016603967175,0.01587841598666273,0.012024416995700449,0.022757375001674518,0.0045990420039743185,0.0037526250234805048,0.18950862501515076,,,
0.2,18,Non-random,0.2783270829822868,0.023538917012047023,0.13093970899353735,,,,,,,,,0.2783270829822868,0.2783239590644371,3.1239178497344255e-06,0.4328057089878712,,,,,,,0.229672917019343,0.04582754202419892,0.0028235000208951533
0.2,19,Random Projection,0.1231240410124883,0.03599974999087863,0.12360983301186934,7.641699630767107e-05,0.006581291992915794,0.0004144999838899821,0.0005271669942885637,0.0037117910105735064,0.00012237500050105155,2.170802326872945e-05,0.11166241698083468,0.1231240410124883,0.12311766698257998,6.3740299083292484e-06,0.2827336240152363,,,,,,,,,
0.2,19,Random Sampling,0.1823613329906948,0.03599974999087863,0.13811058399733156,,,,,,,,,0.1823613329906948,0.18235449999338016,6.832997314631939e-06,0.356471666978905,0.007251165981870145,0.019717083021532744,0.013211999990744516,0.0027416249795351177,0.003556584008038044,0.1358760420116596,,,
0.2,19,Non-random,0.36827558299410157,0.03599974999087863,0.1559175000002142,,,,,,,,,0.36827558299410157,0.3682737489871215,1.834006980061531e-06,0.5601928329851944,,,,,,,0.2654974159959238,0.10209070800920017,0.0006856249819975346
0.2,20,Random Projection,0.10627262500929646,0.020517708006082103,0.12310695799533278,6.687501445412636e-05,0.010345624992623925,0.00019008299568668008,0.0005105000163894147,0.004297750012483448,6.941700121387839e-05,8.66700429469347e-06,0.09078004100592807,0.10627262500929646,0.10626895804307424,3.6669662222266197e-06,0.24989729101071134,,,,,,,,,
0.2,20,Random Sampling,0.14014129200950265,0.020517708006082103,0.1401335830159951,,,,,,,,,0.14014129200950265,0.1401356229907833,5.669018719345331e-06,0.30079258303157985,0.013020874990615994,0.011989874998107553,0.014168082998367026,0.0022667080047540367,0.006413916009478271,0.09227616598946042,,,
0.2,20,Non-random,0.28677354101091623,0.020517708006082103,0.13698066599317826,,,,,,,,,0.28677354101091623,0.28677166599663906,1.8750142771750689e-06,0.4442719150101766,,,,,,,0.24014604100375436,0.045584000006783754,0.001041624986100942
