experiment,sweep,x_col,x_value,density_level,rep,seed,n,K,m,rho_n,a_in,b_out,signal_gap,p_in,p_out,num_hyperedges_total,theta_nnz,theta_density,generation_wall_sec,hypergraph_laplacian_build_wall_sec,sampling_mode,num_isolated_nodes,isolated_fraction,hypergraph_degree_mean,hypergraph_degree_max,expected_hyperedges_total,expected_hyperedges_per_n,expected_degree_mean,candidate_within_fraction,method,method_key,misclassification_rate,ARI,NMI,metric_wall_sec,method_wall_sec,algorithm_total_wall_sec,non_random_eigensolver,eigen_decomposition_wall_sec,embedding_normalize_wall_sec,kmeans_wall_sec,spectral_clustering_wall_sec,top_eigenvalue_max,top_eigenvalue_min,rp_draw_omega_sec,rp_power_iter_sec,rp_qr_sec,rp_build_core_sec,rp_small_eig_sec,rp_lift_sec,rs_sample_matrix_wall_sec,rs_original_upper_nnz,rs_sampled_upper_nnz,rs_sampling_probability,rs_sampled_theta_nnz,cs_draw_hash_sec,cs_embedding_dim,cs_bucket_min_load,cs_bucket_max_load,cs_empty_buckets,cs_initial_multiply_sec,cs_power_iter_sec,cs_qr_sec,cs_build_core_sec,cs_small_eig_sec,cs_lift_sec
n_scaling_fixed_density_signal,n_scaling_fixed_density_signal,n,3000,NaN,1,1378340057,3000,6,3,32,11.4142135623731,8.5857864376269,2.82842712474619,4.05838704439932e-05,3.05272406671179e-05,138550,796892,0.0885435555555556,0.015988125,0.02262625,sparse,0,0,138.55,177,138484.787252676,46.1615957508919,138.484787252676,0.0276389661574984,Non-random eigs,non_random,0.817666666666667,9.05083409989382e-05,0.00248050270664703,0.000731875,0.1602695,0.198842916666667,eigs,0.0292693333333333,9.375e-05,0.130865458333333,0.160240208333333,1,0.413874181462965,NaN,NaN,NaN,NaN,NaN,NaN,NaN,NaN,NaN,NaN,NaN,NaN,NaN,NaN,NaN,NaN,NaN,NaN,NaN,NaN,NaN,NaN
n_scaling_fixed_density_signal,n_scaling_fixed_density_signal,n,3000,NaN,1,1378340057,3000,6,3,32,11.4142135623731,8.5857864376269,2.82842712474619,4.05838704439932e-05,3.05272406671179e-05,138550,796892,0.0885435555555556,0.015988125,0.02262625,sparse,0,0,138.55,177,138484.787252676,46.1615957508919,138.484787252676,0.0276389661574984,Gaussian RP,gaussian_random_projection,0.812333333333333,0.000224198111282091,0.00263351408204607,0.000705958333333333,0.138040666666667,0.17661675,,0.00662083333333333,5.2375e-05,0.131329166666667,0.138008791666667,0.923726809108109,0.364864679451279,0.000342958333333333,0.00317433333333333,0.00140591666666667,0.001136875,0.000525458333333333,9.33333333333333e-06,NaN,NaN,NaN,NaN,NaN,NaN,NaN,NaN,NaN,NaN,NaN,NaN,NaN,NaN,NaN,NaN
n_scaling_fixed_density_signal,n_scaling_fixed_density_signal,n,3000,NaN,1,1378340057,3000,6,3,32,11.4142135623731,8.5857864376269,2.82842712474619,4.05838704439932e-05,3.05272406671179e-05,138550,796892,0.0885435555555556,0.015988125,0.02262625,sparse,0,0,138.55,177,138484.787252676,46.1615957508919,138.484787252676,0.0276389661574984,Random sampling,random_sampling,0.821666666666667,-0.000275624953966321,0.00196812265188033,0.000687833333333333,0.127532791666667,0.166103208333333,,0.0331230833333333,4.64166666666667e-05,0.0943193333333333,0.127494375,1.41359253527736,1.19481121560311,NaN,NaN,NaN,NaN,NaN,NaN,0.00680408333333333,399946,120086,0.3,239285,NaN,NaN,NaN,NaN,NaN,NaN,NaN,NaN,NaN,NaN,NaN
n_scaling_fixed_density_signal,n_scaling_fixed_density_signal,n,3000,NaN,1,1378340057,3000,6,3,32,11.4142135623731,8.5857864376269,2.82842712474619,4.05838704439932e-05,3.05272406671179e-05,138550,796892,0.0885435555555556,0.015988125,0.02262625,sparse,0,0,138.55,177,138484.787252676,46.1615957508919,138.484787252676,0.0276389661574984,CountSketch RP,countsketch_random_projection,0.815333333333333,-0.000228003319500956,0.00201326278336033,0.000651458333333333,0.0982614166666667,0.136842041666667,,0.00717129166666667,4.98333333333333e-05,0.0910065416666667,0.098232625,0.91144394009648,0.364247342485096,NaN,NaN,NaN,NaN,NaN,NaN,NaN,NaN,NaN,NaN,NaN,8.04583333333333e-05,36,68,108,0,0.00128854166666667,0.00279175,0.00139833333333333,0.00114883333333333,0.000421708333333333,1.14583333333333e-05
n_scaling_fixed_density_signal,n_scaling_fixed_density_signal,n,3000,NaN,2,1378340058,3000,6,3,32,11.4142135623731,8.5857864376269,2.82842712474619,4.05838704439932e-05,3.05272406671179e-05,137916,793406,0.0881562222222222,0.0137899166666667,0.0216656666666667,sparse,0,0,137.916,177,138484.787252676,46.1615957508919,138.484787252676,0.0276389661574984,Non-random eigs,non_random,0.818333333333333,-0.000146661695543761,0.0021651849090251,0.000687666666666667,0.169063041666667,0.204483416666667,eigs,0.0317395833333333,4.95416666666667e-05,0.137238708333333,0.169035125,1,0.413898724568148,NaN,NaN,NaN,NaN,NaN,NaN,NaN,NaN,NaN,NaN,NaN,NaN,NaN,NaN,NaN,NaN,NaN,NaN,NaN,NaN,NaN,NaN
n_scaling_fixed_density_signal,n_scaling_fixed_density_signal,n,3000,NaN,2,1378340058,3000,6,3,32,11.4142135623731,8.5857864376269,2.82842712474619,4.05838704439932e-05,3.05272406671179e-05,137916,793406,0.0881562222222222,0.0137899166666667,0.0216656666666667,sparse,0,0,137.916,177,138484.787252676,46.1615957508919,138.484787252676,0.0276389661574984,Gaussian RP,gaussian_random_projection,0.818333333333333,-0.000903527937997403,0.00107115375643496,0.000726333333333333,0.138821083333333,0.174245833333333,,0.00660129166666667,5.27083333333333e-05,0.13213625,0.138794583333333,0.933367986669216,0.364619982675944,0.000344125,0.003181875,0.00140929166666667,0.00115604166666667,0.000480958333333333,9.25e-06,NaN,NaN,NaN,NaN,NaN,NaN,NaN,NaN,NaN,NaN,NaN,NaN,NaN,NaN,NaN,NaN
n_scaling_fixed_density_signal,n_scaling_fixed_density_signal,n,3000,NaN,2,1378340058,3000,6,3,32,11.4142135623731,8.5857864376269,2.82842712474619,4.05838704439932e-05,3.05272406671179e-05,137916,793406,0.0881562222222222,0.0137899166666667,0.0216656666666667,sparse,0,0,137.916,177,138484.787252676,46.1615957508919,138.484787252676,0.0276389661574984,Random sampling,random_sampling,0.814666666666667,0.000359250378303035,0.00486721689860051,0.000693541666666667,0.133959875,0.169370833333333,,0.0316110833333333,4.9875e-05,0.102254291666667,0.133921625,1.41177735802675,1.19490739440767,NaN,NaN,NaN,NaN,NaN,NaN,0.006439125,398203,119363,0.3,237850,NaN,NaN,NaN,NaN,NaN,NaN,NaN,NaN,NaN,NaN,NaN
n_scaling_fixed_density_signal,n_scaling_fixed_density_signal,n,3000,NaN,2,1378340058,3000,6,3,32,11.4142135623731,8.5857864376269,2.82842712474619,4.05838704439932e-05,3.05272406671179e-05,137916,793406,0.0881562222222222,0.0137899166666667,0.0216656666666667,sparse,0,0,137.916,177,138484.787252676,46.1615957508919,138.484787252676,0.0276389661574984,CountSketch RP,countsketch_random_projection,0.809,0.000313140398372953,0.00271568527874693,0.000938416666666667,0.09364025,0.12906125,,0.0115079166666667,5.51666666666667e-05,0.0820425833333333,0.09361025,0.955514565061222,0.364319646393838,NaN,NaN,NaN,NaN,NaN,NaN,NaN,NaN,NaN,NaN,NaN,8.92083333333333e-05,36,65,99,0,0.00592533333333333,0.00235258333333333,0.00142404166666667,0.00111008333333333,0.000568875,9.625e-06
n_scaling_fixed_density_signal,n_scaling_fixed_density_signal,n,3000,NaN,3,1378340059,3000,6,3,32,11.4142135623731,8.5857864376269,2.82842712474619,4.05838704439932e-05,3.05272406671179e-05,138582,797618,0.0886242222222222,0.0135435833333333,0.0211270416666667,sparse,0,0,138.582,187,138484.787252676,46.1615957508919,138.484787252676,0.0276389661574984,Non-random eigs,non_random,0.807,0.000481039397404066,0.00299550778260802,0.000673666666666667,0.153160166666667,0.187798458333333,eigs,0.0343980416666667,5.1875e-05,0.118677916666667,0.153133916666667,0.999999999999999,0.413684607629516,NaN,NaN,NaN,NaN,NaN,NaN,NaN,NaN,NaN,NaN,NaN,NaN,NaN,NaN,NaN,NaN,NaN,NaN,NaN,NaN,NaN,NaN
n_scaling_fixed_density_signal,n_scaling_fixed_density_signal,n,3000,NaN,3,1378340059,3000,6,3,32,11.4142135623731,8.5857864376269,2.82842712474619,4.05838704439932e-05,3.05272406671179e-05,138582,797618,0.0886242222222222,0.0135435833333333,0.0211270416666667,sparse,0,0,138.582,187,138484.787252676,46.1615957508919,138.484787252676,0.0276389661574984,Gaussian RP,gaussian_random_projection,0.812666666666667,0.00087475135501498,0.00358910940089846,0.000710041666666667,0.124708208333333,0.159346833333333,,0.00653983333333333,5.20416666666667e-05,0.118084333333333,0.124681125,0.930448860990314,0.36450981984207,0.000346416666666667,0.003187875,0.0014295,0.001155,0.000392625,9.41666666666667e-06,NaN,NaN,NaN,NaN,NaN,NaN,NaN,NaN,NaN,NaN,NaN,NaN,NaN,NaN,NaN,NaN
n_scaling_fixed_density_signal,n_scaling_fixed_density_signal,n,3000,NaN,3,1378340059,3000,6,3,32,11.4142135623731,8.5857864376269,2.82842712474619,4.05838704439932e-05,3.05272406671179e-05,138582,797618,0.0886242222222222,0.0135435833333333,0.0211270416666667,sparse,0,0,138.582,187,138484.787252676,46.1615957508919,138.484787252676,0.0276389661574984,Random sampling,random_sampling,0.817666666666667,-0.000198258522568289,0.00292764359064905,0.000689708333333333,0.148463083333333,0.183086083333333,,0.0406646666666667,4.975e-05,0.107701041666667,0.148420666666667,1.41767586747621,1.19509761613792,NaN,NaN,NaN,NaN,NaN,NaN,0.006492125,400309,119769,0.3,238634,NaN,NaN,NaN,NaN,NaN,NaN,NaN,NaN,NaN,NaN,NaN
n_scaling_fixed_density_signal,n_scaling_fixed_density_signal,n,3000,NaN,3,1378340059,3000,6,3,32,11.4142135623731,8.5857864376269,2.82842712474619,4.05838704439932e-05,3.05272406671179e-05,138582,797618,0.0886242222222222,0.0135435833333333,0.0211270416666667,sparse,0,0,138.582,187,138484.787252676,46.1615957508919,138.484787252676,0.0276389661574984,CountSketch RP,countsketch_random_projection,0.816666666666667,-0.000278743086302738,0.00195892125141605,0.000683166666666667,0.108791583333333,0.143415458333333,,0.01154275,5.40416666666667e-05,0.0971480416666667,0.108753,0.94550804882642,0.364049780957711,NaN,NaN,NaN,NaN,NaN,NaN,NaN,NaN,NaN,NaN,NaN,8.225e-05,36,66,107,0,0.00589458333333333,0.00245566666666667,0.001402,0.00116479166666667,0.000504875,1.075e-05
n_scaling_fixed_density_signal,n_scaling_fixed_density_signal,n,3000,NaN,4,1378340060,3000,6,3,32,11.4142135623731,8.5857864376269,2.82842712474619,4.05838704439932e-05,3.05272406671179e-05,138542,796806,0.088534,0.014162125,0.0208095,sparse,0,0,138.542,182,138484.787252676,46.1615957508919,138.484787252676,0.0276389661574984,Non-random eigs,non_random,0.811,0.00149778951265818,0.00450813430218983,0.000727583333333333,0.1678725,0.202809041666667,eigs,0.0293317083333333,5.2625e-05,0.138453083333333,0.1678445,1,0.413952605078479,NaN,NaN,NaN,NaN,NaN,NaN,NaN,NaN,NaN,NaN,NaN,NaN,NaN,NaN,NaN,NaN,NaN,NaN,NaN,NaN,NaN,NaN
n_scaling_fixed_density_signal,n_scaling_fixed_density_signal,n,3000,NaN,4,1378340060,3000,6,3,32,11.4142135623731,8.5857864376269,2.82842712474619,4.05838704439932e-05,3.05272406671179e-05,138542,796806,0.088534,0.014162125,0.0208095,sparse,0,0,138.542,182,138484.787252676,46.1615957508919,138.484787252676,0.0276389661574984,Gaussian RP,gaussian_random_projection,0.811333333333333,0.000191153760384306,0.00260215237314526,0.000717875,0.1722365,0.207165791666667,,0.00707670833333333,5.38333333333333e-05,0.165063625,0.1722035,0.952283322416258,0.364513456466496,0.000347458333333333,0.00331275,0.0014975,0.00138116666666667,0.000507166666666667,9.04166666666667e-06,NaN,NaN,NaN,NaN,NaN,NaN,NaN,NaN,NaN,NaN,NaN,NaN,NaN,NaN,NaN,NaN
n_scaling_fixed_density_signal,n_scaling_fixed_density_signal,n,3000,NaN,4,1378340060,3000,6,3,32,11.4142135623731,8.5857864376269,2.82842712474619,4.05838704439932e-05,3.05272406671179e-05,138542,796806,0.088534,0.014162125,0.0208095,sparse,0,0,138.542,182,138484.787252676,46.1615957508919,138.484787252676,0.0276389661574984,Random sampling,random_sampling,0.820333333333333,-8.13594069158094e-05,0.00282067892280844,0.0006595,0.142196791666667,0.17712025,,0.032658,6.5375e-05,0.10942525,0.142156083333333,1.42356069157166,1.19600469742982,NaN,NaN,NaN,NaN,NaN,NaN,0.00676329166666667,399903,120201,0.3,239482,NaN,NaN,NaN,NaN,NaN,NaN,NaN,NaN,NaN,NaN,NaN
n_scaling_fixed_density_signal,n_scaling_fixed_density_signal,n,3000,NaN,4,1378340060,3000,6,3,32,11.4142135623731,8.5857864376269,2.82842712474619,4.05838704439932e-05,3.05272406671179e-05,138542,796806,0.088534,0.014162125,0.0208095,sparse,0,0,138.542,182,138484.787252676,46.1615957508919,138.484787252676,0.0276389661574984,CountSketch RP,countsketch_random_projection,0.813333333333333,1.59122576992307e-05,0.00238869554608981,0.000701291666666667,0.105474708333333,0.140402333333333,,0.00707375,4.97083333333333e-05,0.09830725,0.105437541666667,0.903200453006036,0.364834581156118,NaN,NaN,NaN,NaN,NaN,NaN,NaN,NaN,NaN,NaN,NaN,8.225e-05,36,66,97,0,0.000900125,0.00287325,0.001452125,0.00130895833333333,0.000420458333333333,9.54166666666667e-06
n_scaling_fixed_density_signal,n_scaling_fixed_density_signal,n,3000,NaN,5,1378340061,3000,6,3,32,11.4142135623731,8.5857864376269,2.82842712474619,4.05838704439932e-05,3.05272406671179e-05,138189,794722,0.0883024444444444,0.0136635833333333,0.0210407916666667,sparse,0,0,138.189,179,138484.787252676,46.1615957508919,138.484787252676,0.0276389661574984,Non-random eigs,non_random,0.818,-0.000420449489352576,0.00176758337200929,0.000745,0.177320875,0.21198675,eigs,0.0364717083333333,5.20833333333333e-05,0.140758583333333,0.177291791666667,1,0.413875751022717,NaN,NaN,NaN,NaN,NaN,NaN,NaN,NaN,NaN,NaN,NaN,NaN,NaN,NaN,NaN,NaN,NaN,NaN,NaN,NaN,NaN,NaN
n_scaling_fixed_density_signal,n_scaling_fixed_density_signal,n,3000,NaN,5,1378340061,3000,6,3,32,11.4142135623731,8.5857864376269,2.82842712474619,4.05838704439932e-05,3.05272406671179e-05,138189,794722,0.0883024444444444,0.0136635833333333,0.0210407916666667,sparse,0,0,138.189,179,138484.787252676,46.1615957508919,138.484787252676,0.0276389661574984,Gaussian RP,gaussian_random_projection,0.818333333333333,-0.000718741117051264,0.00134028116036458,0.00069825,0.162125208333333,0.19679175,,0.006917,5.42916666666667e-05,0.155116083333333,0.162093958333333,0.927720104306433,0.365257383962133,0.000360875,0.00355941666666667,0.00126708333333333,0.00118729166666667,0.000504166666666667,1.07083333333333e-05,NaN,NaN,NaN,NaN,NaN,NaN,NaN,NaN,NaN,NaN,NaN,NaN,NaN,NaN,NaN,NaN
n_scaling_fixed_density_signal,n_scaling_fixed_density_signal,n,3000,NaN,5,1378340061,3000,6,3,32,11.4142135623731,8.5857864376269,2.82842712474619,4.05838704439932e-05,3.05272406671179e-05,138189,794722,0.0883024444444444,0.0136635833333333,0.0210407916666667,sparse,0,0,138.189,179,138484.787252676,46.1615957508919,138.484787252676,0.0276389661574984,Random sampling,random_sampling,0.817333333333333,0.000129065993333028,0.00303408777052207,0.00070375,0.133912375,0.168574958333333,,0.0400733333333333,6.22916666666667e-05,0.0937349583333333,0.133877541666667,1.4205289023796,1.19636211439089,NaN,NaN,NaN,NaN,NaN,NaN,0.006751375,398861,119686,0.3,238451,NaN,NaN,NaN,NaN,NaN,NaN,NaN,NaN,NaN,NaN,NaN
n_scaling_fixed_density_signal,n_scaling_fixed_density_signal,n,3000,NaN,5,1378340061,3000,6,3,32,11.4142135623731,8.5857864376269,2.82842712474619,4.05838704439932e-05,3.05272406671179e-05,138189,794722,0.0883024444444444,0.0136635833333333,0.0210407916666667,sparse,0,0,138.189,179,138484.787252676,46.1615957508919,138.484787252676,0.0276389661574984,CountSketch RP,countsketch_random_projection,0.817333333333333,-0.000159978502365544,0.00223883082954519,0.000714125,0.110407916666667,0.145075458333333,,0.00730508333333333,5.41666666666667e-05,0.103011833333333,0.110375833333333,0.926397506026373,0.364738214912743,NaN,NaN,NaN,NaN,NaN,NaN,NaN,NaN,NaN,NaN,NaN,0.000103958333333333,36,65,106,0,0.0012345,0.00280216666666667,0.001438,0.001145,0.000543458333333333,1.0125e-05
n_scaling_fixed_density_signal,n_scaling_fixed_density_signal,n,6000,NaN,1,730629407,6000,6,3,32,11.4142135623731,8.5857864376269,2.82842712474619,1.01459676109983e-05,7.63181016677947e-06,276400,1627046,0.0451957222222222,0.0273555,0.0433147083333333,sparse,0,0,138.2,182,277114.42868488,46.1857381141467,138.55721434244,0.0277083526369656,Non-random eigs,non_random,0.8205,-0.000179342722678706,0.000909941429221435,0.000955583333333333,0.379695791666667,0.450330625,eigs,0.0754929583333333,0.000103958333333333,0.3040635,0.379667875,1,0.414569074898881,NaN,NaN,NaN,NaN,NaN,NaN,NaN,NaN,NaN,NaN,NaN,NaN,NaN,NaN,NaN,NaN,NaN,NaN,NaN,NaN,NaN,NaN
n_scaling_fixed_density_signal,n_scaling_fixed_density_signal,n,6000,NaN,1,730629407,6000,6,3,32,11.4142135623731,8.5857864376269,2.82842712474619,1.01459676109983e-05,7.63181016677947e-06,276400,1627046,0.0451957222222222,0.0273555,0.0433147083333333,sparse,0,0,138.2,182,277114.42868488,46.1857381141467,138.55721434244,0.0277083526369656,Gaussian RP,gaussian_random_projection,0.816833333333333,-9.46800645282476e-06,0.00113736908083584,0.000980541666666667,0.349676333333333,0.420308666666667,,0.014781375,0.000137875,0.334719208333333,0.349645375,0.866886369491716,0.363532895428748,0.000678708333333333,0.00847495833333333,0.00219991666666667,0.00292279166666667,0.000460166666666667,1.80833333333333e-05,NaN,NaN,NaN,NaN,NaN,NaN,NaN,NaN,NaN,NaN,NaN,NaN,NaN,NaN,NaN,NaN
n_scaling_fixed_density_signal,n_scaling_fixed_density_signal,n,6000,NaN,1,730629407,6000,6,3,32,11.4142135623731,8.5857864376269,2.82842712474619,1.01459676109983e-05,7.63181016677947e-06,276400,1627046,0.0451957222222222,0.0273555,0.0433147083333333,sparse,0,0,138.2,182,277114.42868488,46.1857381141467,138.55721434244,0.0277083526369656,Random sampling,random_sampling,0.82,0.000128101434458576,0.00210997069610829,0.000971833333333333,0.308883875,0.379503708333333,,0.0629897083333333,9.55e-05,0.245748291666667,0.308841333333333,1.41440525428925,1.19421522797275,NaN,NaN,NaN,NaN,NaN,NaN,0.01351425,816523,245341,0.3,488909,NaN,NaN,NaN,NaN,NaN,NaN,NaN,NaN,NaN,NaN,NaN
n_scaling_fixed_density_signal,n_scaling_fixed_density_signal,n,6000,NaN,1,730629407,6000,6,3,32,11.4142135623731,8.5857864376269,2.82842712474619,1.01459676109983e-05,7.63181016677947e-06,276400,1627046,0.0451957222222222,0.0273555,0.0433147083333333,sparse,0,0,138.2,182,277114.42868488,46.1857381141467,138.55721434244,0.0277083526369656,CountSketch RP,countsketch_random_projection,0.816166666666667,0.000517338291220059,0.00190770889711174,0.000955375,0.204921875,0.275555416666667,,0.0141760416666667,0.00010125,0.190607916666667,0.204891041666667,0.863214894856248,0.363592007344764,NaN,NaN,NaN,NaN,NaN,NaN,NaN,NaN,NaN,NaN,NaN,0.000163625,36,137,206,0,0.001774625,0.00635766666666667,0.00220458333333333,0.0030805,0.000539625,1.72083333333333e-05
n_scaling_fixed_density_signal,n_scaling_fixed_density_signal,n,6000,NaN,2,730629408,6000,6,3,32,11.4142135623731,8.5857864376269,2.82842712474619,1.01459676109983e-05,7.63181016677947e-06,276443,1627164,0.045199,0.0258175,0.0415262916666667,sparse,0,0,138.2215,182,277114.42868488,46.1857381141467,138.55721434244,0.0277083526369656,Non-random eigs,non_random,0.824,-0.000290835621088928,0.000762000872846414,0.00109179166666667,0.5069135,0.5742185,eigs,0.0671504166666667,9.87083333333333e-05,0.439625583333333,0.506883791666667,1,0.414590823025919,NaN,NaN,NaN,NaN,NaN,NaN,NaN,NaN,NaN,NaN,NaN,NaN,NaN,NaN,NaN,NaN,NaN,NaN,NaN,NaN,NaN,NaN
n_scaling_fixed_density_signal,n_scaling_fixed_density_signal,n,6000,NaN,2,730629408,6000,6,3,32,11.4142135623731,8.5857864376269,2.82842712474619,1.01459676109983e-05,7.63181016677947e-06,276443,1627164,0.045199,0.0258175,0.0415262916666667,sparse,0,0,138.2215,182,277114.42868488,46.1857381141467,138.55721434244,0.0277083526369656,Gaussian RP,gaussian_random_projection,0.821333333333333,0.00013462410108376,0.00136649773953131,0.000986791666666667,0.4059355,0.473235708333333,,0.01612525,0.000151708333333333,0.389614958333333,0.405900791666667,0.86164752647573,0.363247726265758,0.000693291666666667,0.00932820833333333,0.00230466666666667,0.00320075,0.000542583333333333,2.47916666666667e-05,NaN,NaN,NaN,NaN,NaN,NaN,NaN,NaN,NaN,NaN,NaN,NaN,NaN,NaN,NaN,NaN
n_scaling_fixed_density_signal,n_scaling_fixed_density_signal,n,6000,NaN,2,730629408,6000,6,3,32,11.4142135623731,8.5857864376269,2.82842712474619,1.01459676109983e-05,7.63181016677947e-06,276443,1627164,0.045199,0.0258175,0.0415262916666667,sparse,0,0,138.2215,182,277114.42868488,46.1857381141467,138.55721434244,0.0277083526369656,Random sampling,random_sampling,0.823666666666667,4.49334517026335e-05,0.00127730049221323,0.000921791666666667,0.353309458333333,0.420590833333333,,0.0751152083333333,0.000103833333333333,0.278028,0.353257666666667,1.42144881487889,1.1959901932207,NaN,NaN,NaN,NaN,NaN,NaN,0.0135330833333333,816582,244782,0.3,487733,NaN,NaN,NaN,NaN,NaN,NaN,NaN,NaN,NaN,NaN,NaN
n_scaling_fixed_density_signal,n_scaling_fixed_density_signal,n,6000,NaN,2,730629408,6000,6,3,32,11.4142135623731,8.5857864376269,2.82842712474619,1.01459676109983e-05,7.63181016677947e-06,276443,1627164,0.045199,0.0258175,0.0415262916666667,sparse,0,0,138.2215,182,277114.42868488,46.1857381141467,138.55721434244,0.0277083526369656,CountSketch RP,countsketch_random_projection,0.823,-0.000370682900709704,0.000624286035870872,0.000945666666666667,0.244915708333333,0.312207791666667,,0.015422,9.5625e-05,0.229346375,0.244872416666667,0.855533653308663,0.363284850241963,NaN,NaN,NaN,NaN,NaN,NaN,NaN,NaN,NaN,NaN,NaN,0.000132333333333333,36,146,198,0,0.00355391666666667,0.006152,0.00202704166666667,0.00301016666666667,0.000486458333333333,1.90833333333333e-05
n_scaling_fixed_density_signal,n_scaling_fixed_density_signal,n,6000,NaN,3,730629409,6000,6,3,32,11.4142135623731,8.5857864376269,2.82842712474619,1.01459676109983e-05,7.63181016677947e-06,277599,1633500,0.045375,0.02727225,0.0465850833333333,sparse,0,0,138.7995,179,277114.42868488,46.1857381141467,138.55721434244,0.0277083526369656,Non-random eigs,non_random,0.8145,0.000459015509420197,0.00178087580361318,0.00107983333333333,0.447921916666667,0.5217405,eigs,0.0855014166666667,0.000102416666666667,0.362279333333333,0.447891708333333,1,0.414314217807892,NaN,NaN,NaN,NaN,NaN,NaN,NaN,NaN,NaN,NaN,NaN,NaN,NaN,NaN,NaN,NaN,NaN,NaN,NaN,NaN,NaN,NaN
n_scaling_fixed_density_signal,n_scaling_fixed_density_signal,n,6000,NaN,3,730629409,6000,6,3,32,11.4142135623731,8.5857864376269,2.82842712474619,1.01459676109983e-05,7.63181016677947e-06,277599,1633500,0.045375,0.02727225,0.0465850833333333,sparse,0,0,138.7995,179,277114.42868488,46.1857381141467,138.55721434244,0.0277083526369656,Gaussian RP,gaussian_random_projection,0.8215,-0.000119349316459708,0.00100716432901588,0.001303875,0.363364333333333,0.437180791666667,,0.0147162083333333,0.000105208333333333,0.348502041666667,0.363332083333333,0.844096858627647,0.363307651386963,0.000682375,0.00841058333333333,0.00207166666666667,0.00291158333333333,0.000591041666666667,1.6875e-05,NaN,NaN,NaN,NaN,NaN,NaN,NaN,NaN,NaN,NaN,NaN,NaN,NaN,NaN,NaN,NaN
n_scaling_fixed_density_signal,n_scaling_fixed_density_signal,n,6000,NaN,3,730629409,6000,6,3,32,11.4142135623731,8.5857864376269,2.82842712474619,1.01459676109983e-05,7.63181016677947e-06,277599,1633500,0.045375,0.02727225,0.0465850833333333,sparse,0,0,138.7995,179,277114.42868488,46.1857381141467,138.55721434244,0.0277083526369656,Random sampling,random_sampling,0.8205,4.5317973549867e-05,0.00221170501021615,0.000983708333333333,0.329120208333333,0.402920125,,0.0610536666666667,0.000101083333333333,0.267908041666667,0.329071791666667,1.41483729754034,1.19466481772819,NaN,NaN,NaN,NaN,NaN,NaN,0.0134587916666667,819750,245549,0.3,489319,NaN,NaN,NaN,NaN,NaN,NaN,NaN,NaN,NaN,NaN,NaN
n_scaling_fixed_density_signal,n_scaling_fixed_density_signal,n,6000,NaN,3,730629409,6000,6,3,32,11.4142135623731,8.5857864376269,2.82842712474619,1.01459676109983e-05,7.63181016677947e-06,277599,1633500,0.045375,0.02727225,0.0465850833333333,sparse,0,0,138.7995,179,277114.42868488,46.1857381141467,138.55721434244,0.0277083526369656,CountSketch RP,countsketch_random_projection,0.821166666666667,-0.000134958717040944,0.0010064508225066,0.000978208333333333,0.198279208333333,0.272096125,,0.0135984583333333,9.42916666666667e-05,0.184546041666667,0.198245125,0.826333439539698,0.363002856497704,NaN,NaN,NaN,NaN,NaN,NaN,NaN,NaN,NaN,NaN,NaN,0.000131,36,143,198,0,0.001492375,0.006378125,0.002116,0.002890125,0.000539291666666667,1.6125e-05
n_scaling_fixed_density_signal,n_scaling_fixed_density_signal,n,6000,NaN,4,730629410,6000,6,3,32,11.4142135623731,8.5857864376269,2.82842712474619,1.01459676109983e-05,7.63181016677947e-06,277320,1632396,0.0453443333333333,0.026619875,0.04211925,sparse,0,0,138.66,188,277114.42868488,46.1857381141467,138.55721434244,0.0277083526369656,Non-random eigs,non_random,0.816833333333333,0.000254467723960487,0.0015161685980517,0.00101375,0.409478666666667,0.47818425,eigs,0.0698493333333333,0.000102375,0.339493416666667,0.409451666666667,1,0.414402537742395,NaN,NaN,NaN,NaN,NaN,NaN,NaN,NaN,NaN,NaN,NaN,NaN,NaN,NaN,NaN,NaN,NaN,NaN,NaN,NaN,NaN,NaN
n_scaling_fixed_density_signal,n_scaling_fixed_density_signal,n,6000,NaN,4,730629410,6000,6,3,32,11.4142135623731,8.5857864376269,2.82842712474619,1.01459676109983e-05,7.63181016677947e-06,277320,1632396,0.0453443333333333,0.026619875,0.04211925,sparse,0,0,138.66,188,277114.42868488,46.1857381141467,138.55721434244,0.0277083526369656,Gaussian RP,gaussian_random_projection,0.817166666666667,0.000230278538943899,0.00146254567235861,0.000989166666666667,0.37653825,0.445239833333333,,0.014956625,9.79166666666667e-05,0.361446166666667,0.376508208333333,0.862612953355834,0.363082291517958,0.000678916666666667,0.008441375,0.00229004166666667,0.002959,0.000543958333333333,1.7e-05,NaN,NaN,NaN,NaN,NaN,NaN,NaN,NaN,NaN,NaN,NaN,NaN,NaN,NaN,NaN,NaN
n_scaling_fixed_density_signal,n_scaling_fixed_density_signal,n,6000,NaN,4,730629410,6000,6,3,32,11.4142135623731,8.5857864376269,2.82842712474619,1.01459676109983e-05,7.63181016677947e-06,277320,1632396,0.0453443333333333,0.026619875,0.04211925,sparse,0,0,138.66,188,277114.42868488,46.1857381141467,138.55721434244,0.0277083526369656,Random sampling,random_sampling,0.822666666666667,-2.79148696247571e-05,0.00123450916777964,0.001004125,0.30388425,0.372570333333333,,0.059808,8.88333333333333e-05,0.243934375,0.30383975,1.41580623369945,1.1950072238237,NaN,NaN,NaN,NaN,NaN,NaN,0.0131757916666667,819198,245530,0.3,489275,NaN,NaN,NaN,NaN,NaN,NaN,NaN,NaN,NaN,NaN,NaN
n_scaling_fixed_density_signal,n_scaling_fixed_density_signal,n,6000,NaN,4,730629410,6000,6,3,32,11.4142135623731,8.5857864376269,2.82842712474619,1.01459676109983e-05,7.63181016677947e-06,277320,1632396,0.0453443333333333,0.026619875,0.04211925,sparse,0,0,138.66,188,277114.42868488,46.1857381141467,138.55721434244,0.0277083526369656,CountSketch RP,countsketch_random_projection,0.820333333333333,-0.000135391577584416,0.000934942205477887,0.000965625,0.234507083333333,0.303195416666667,,0.0150961666666667,0.000102125,0.219258,0.2344645,0.886299733686522,0.363222126980685,NaN,NaN,NaN,NaN,NaN,NaN,NaN,NaN,NaN,NaN,NaN,0.000138625,36,138,195,0,0.002660875,0.00647275,0.00218991666666667,0.00308616666666667,0.000491541666666667,1.9125e-05
n_scaling_fixed_density_signal,n_scaling_fixed_density_signal,n,6000,NaN,5,730629411,6000,6,3,32,11.4142135623731,8.5857864376269,2.82842712474619,1.01459676109983e-05,7.63181016677947e-06,276753,1628652,0.0452403333333333,0.029611,0.0430297916666667,sparse,0,0,138.3765,179,277114.42868488,46.1857381141467,138.55721434244,0.0277083526369656,Non-random eigs,non_random,0.817833333333333,0.00016253020986913,0.00138090816913036,0.001013125,0.451874791666667,0.524482583333333,eigs,0.0855545833333333,0.000103333333333333,0.366183875,0.451849125,1,0.414295172499277,NaN,NaN,NaN,NaN,NaN,NaN,NaN,NaN,NaN,NaN,NaN,NaN,NaN,NaN,NaN,NaN,NaN,NaN,NaN,NaN,NaN,NaN
n_scaling_fixed_density_signal,n_scaling_fixed_density_signal,n,6000,NaN,5,730629411,6000,6,3,32,11.4142135623731,8.5857864376269,2.82842712474619,1.01459676109983e-05,7.63181016677947e-06,276753,1628652,0.0452403333333333,0.029611,0.0430297916666667,sparse,0,0,138.3765,179,277114.42868488,46.1857381141467,138.55721434244,0.0277083526369656,Gaussian RP,gaussian_random_projection,0.818333333333333,5.03922800178971e-05,0.00123372346629099,0.000946166666666667,0.33225275,0.404854083333333,,0.0147934166666667,8.71666666666667e-05,0.317332708333333,0.3322205,0.793999952249373,0.363133554505803,0.000681125,0.008359,0.002289625,0.00290445833333333,0.00051825,1.65833333333333e-05,NaN,NaN,NaN,NaN,NaN,NaN,NaN,NaN,NaN,NaN,NaN,NaN,NaN,NaN,NaN,NaN
n_scaling_fixed_density_signal,n_scaling_fixed_density_signal,n,6000,NaN,5,730629411,6000,6,3,32,11.4142135623731,8.5857864376269,2.82842712474619,1.01459676109983e-05,7.63181016677947e-06,276753,1628652,0.0452403333333333,0.029611,0.0430297916666667,sparse,0,0,138.3765,179,277114.42868488,46.1857381141467,138.55721434244,0.0277083526369656,Random sampling,random_sampling,0.823,2.73564525014503e-05,0.00171997018787756,0.00094075,0.339789791666667,0.412366208333333,,0.0540575833333333,9.325e-05,0.285574583333333,0.339736625,1.41404806601145,1.19483799216579,NaN,NaN,NaN,NaN,NaN,NaN,0.0129949166666667,817326,244814,0.3,487858,NaN,NaN,NaN,NaN,NaN,NaN,NaN,NaN,NaN,NaN,NaN
n_scaling_fixed_density_signal,n_scaling_fixed_density_signal,n,6000,NaN,5,730629411,6000,6,3,32,11.4142135623731,8.5857864376269,2.82842712474619,1.01459676109983e-05,7.63181016677947e-06,276753,1628652,0.0452403333333333,0.029611,0.0430297916666667,sparse,0,0,138.3765,179,277114.42868488,46.1857381141467,138.55721434244,0.0277083526369656,CountSketch RP,countsketch_random_projection,0.822166666666667,-0.000165673936356192,0.000955014782397919,0.000956875,0.245259125,0.317847458333333,,0.013696,0.000172291666666667,0.231338375,0.245215333333333,0.825293269614413,0.363351871954066,NaN,NaN,NaN,NaN,NaN,NaN,NaN,NaN,NaN,NaN,NaN,0.000139333333333333,36,139,202,0,0.00143733333333333,0.00646325,0.002175875,0.00292625,0.000501916666666667,1.8875e-05
n_scaling_fixed_density_signal,n_scaling_fixed_density_signal,n,9000,NaN,1,82918757,9000,6,3,32,11.4142135623731,8.5857864376269,2.82842712474619,4.50931893822147e-06,3.39191562967976e-06,415514,2464102,0.030421012345679,0.0417775833333333,0.0656687916666667,sparse,0,0,138.504666666667,188,415744.083645042,46.1937870716713,138.581361215014,0.0277314900588717,Non-random eigs,non_random,0.822444444444444,0.000180392217449818,0.00105915345917382,0.00124029166666667,0.816685375,0.92409575,eigs,0.12343875,0.0001245,0.693086125,0.816658041666667,1,0.414682480241757,NaN,NaN,NaN,NaN,NaN,NaN,NaN,NaN,NaN,NaN,NaN,NaN,NaN,NaN,NaN,NaN,NaN,NaN,NaN,NaN,NaN,NaN
n_scaling_fixed_density_signal,n_scaling_fixed_density_signal,n,9000,NaN,1,82918757,9000,6,3,32,11.4142135623731,8.5857864376269,2.82842712474619,4.50931893822147e-06,3.39191562967976e-06,415514,2464102,0.030421012345679,0.0417775833333333,0.0656687916666667,sparse,0,0,138.504666666667,188,415744.083645042,46.1937870716713,138.581361215014,0.0277314900588717,Gaussian RP,gaussian_random_projection,0.821333333333333,9.13520289205812e-05,0.000902974915244406,0.00171404166666667,0.621482625,0.728891791666667,,0.0232066666666667,0.000137833333333333,0.598100916666667,0.621453125,0.831503991761752,0.362791324763894,0.00102008333333333,0.0134599166666667,0.003421375,0.00468795833333333,0.000550833333333333,3.82916666666667e-05,NaN,NaN,NaN,NaN,NaN,NaN,NaN,NaN,NaN,NaN,NaN,NaN,NaN,NaN,NaN,NaN
n_scaling_fixed_density_signal,n_scaling_fixed_density_signal,n,9000,NaN,1,82918757,9000,6,3,32,11.4142135623731,8.5857864376269,2.82842712474619,4.50931893822147e-06,3.39191562967976e-06,415514,2464102,0.030421012345679,0.0417775833333333,0.0656687916666667,sparse,0,0,138.504666666667,188,415744.083645042,46.1937870716713,138.581361215014,0.0277314900588717,Random sampling,random_sampling,0.825444444444444,-3.46729781693549e-05,0.000854742167435666,0.001706375,0.563762333333333,0.671128708333333,,0.07789075,0.000124375,0.485667208333333,0.563692291666667,1.41762957020874,1.19542392416063,NaN,NaN,NaN,NaN,NaN,NaN,0.019795375,1236551,370932,0.3,739150,NaN,NaN,NaN,NaN,NaN,NaN,NaN,NaN,NaN,NaN,NaN
n_scaling_fixed_density_signal,n_scaling_fixed_density_signal,n,9000,NaN,1,82918757,9000,6,3,32,11.4142135623731,8.5857864376269,2.82842712474619,4.50931893822147e-06,3.39191562967976e-06,415514,2464102,0.030421012345679,0.0417775833333333,0.0656687916666667,sparse,0,0,138.504666666667,188,415744.083645042,46.1937870716713,138.581361215014,0.0277314900588717,CountSketch RP,countsketch_random_projection,0.824777777777778,-0.000161507806641421,0.000540287945548607,0.001210875,0.291771041666667,0.399125291666667,,0.0210899166666667,0.00019725,0.27039175,0.291687333333333,0.804993485088805,0.362813254300832,NaN,NaN,NaN,NaN,NaN,NaN,NaN,NaN,NaN,NaN,NaN,0.000475458333333333,36,219,289,0,0.00266708333333333,0.00948741666666667,0.003187125,0.00465079166666667,0.000551666666666667,2.38333333333333e-05
n_scaling_fixed_density_signal,n_scaling_fixed_density_signal,n,9000,NaN,2,82918758,9000,6,3,32,11.4142135623731,8.5857864376269,2.82842712474619,4.50931893822147e-06,3.39191562967976e-06,415276,2462900,0.0304061728395062,0.04267825,0.06326525,sparse,0,0,138.425333333333,186,415744.083645042,46.1937870716713,138.581361215014,0.0277314900588717,Non-random eigs,non_random,0.816555555555556,0.000355682988163855,0.00124924204237852,0.001224125,0.689249041666667,0.795156583333333,eigs,0.14372,0.000133125,0.545359958333333,0.689220666666667,1,0.414619665552534,NaN,NaN,NaN,NaN,NaN,NaN,NaN,NaN,NaN,NaN,NaN,NaN,NaN,NaN,NaN,NaN,NaN,NaN,NaN,NaN,NaN,NaN
n_scaling_fixed_density_signal,n_scaling_fixed_density_signal,n,9000,NaN,2,82918758,9000,6,3,32,11.4142135623731,8.5857864376269,2.82842712474619,4.50931893822147e-06,3.39191562967976e-06,415276,2462900,0.0304061728395062,0.04267825,0.06326525,sparse,0,0,138.425333333333,186,415744.083645042,46.1937870716713,138.581361215014,0.0277314900588717,Gaussian RP,gaussian_random_projection,0.817555555555556,5.80758556925339e-05,0.000850960994822324,0.00123754166666667,0.712526625,0.818429166666667,,0.023156,0.000144208333333333,0.689185458333333,0.712494333333333,0.73627638081118,0.362593850203809,0.001087125,0.01352875,0.0033505,0.004651125,0.000483166666666667,2.65e-05,NaN,NaN,NaN,NaN,NaN,NaN,NaN,NaN,NaN,NaN,NaN,NaN,NaN,NaN,NaN,NaN
n_scaling_fixed_density_signal,n_scaling_fixed_density_signal,n,9000,NaN,2,82918758,9000,6,3,32,11.4142135623731,8.5857864376269,2.82842712474619,4.50931893822147e-06,3.39191562967976e-06,415276,2462900,0.0304061728395062,0.04267825,0.06326525,sparse,0,0,138.425333333333,186,415744.083645042,46.1937870716713,138.581361215014,0.0277314900588717,Random sampling,random_sampling,0.825444444444444,2.59585026372442e-05,0.00115482848480904,0.00119829166666667,0.537355333333333,0.643239416666667,,0.0955059583333333,0.0001215,0.441668458333333,0.537306541666667,1.41671269462219,1.19530717623571,NaN,NaN,NaN,NaN,NaN,NaN,0.0202970416666667,1235950,371096,0.3,739497,NaN,NaN,NaN,NaN,NaN,NaN,NaN,NaN,NaN,NaN,NaN
n_scaling_fixed_density_signal,n_scaling_fixed_density_signal,n,9000,NaN,2,82918758,9000,6,3,32,11.4142135623731,8.5857864376269,2.82842712474619,4.50931893822147e-06,3.39191562967976e-06,415276,2462900,0.0304061728395062,0.04267825,0.06326525,sparse,0,0,138.425333333333,186,415744.083645042,46.1937870716713,138.581361215014,0.0277314900588717,CountSketch RP,countsketch_random_projection,0.824333333333333,-9.55752943034264e-05,0.000690208772594563,0.00124504166666667,0.307643208333333,0.413538333333333,,0.0209789166666667,0.000133291666666667,0.286482625,0.307602083333333,0.843587367509186,0.362834749656348,NaN,NaN,NaN,NaN,NaN,NaN,NaN,NaN,NaN,NaN,NaN,0.000171083333333333,36,223,293,0,0.00238795833333333,0.009606625,0.00350241666666667,0.004676125,0.000572583333333333,2.32916666666667e-05
n_scaling_fixed_density_signal,n_scaling_fixed_density_signal,n,9000,NaN,3,82918759,9000,6,3,32,11.4142135623731,8.5857864376269,2.82842712474619,4.50931893822147e-06,3.39191562967976e-06,414193,2456590,0.0303282716049383,0.0411004166666667,0.0667435833333333,sparse,0,0,138.064333333333,179,415744.083645042,46.1937870716713,138.581361215014,0.0277314900588717,Non-random eigs,non_random,0.822444444444444,8.06978153871117e-06,0.000782617178711632,0.00121845833333333,0.687572333333333,0.795380583333333,eigs,0.120765333333333,0.000133583333333333,0.566637666666667,0.687544416666667,1,0.414883367840577,NaN,NaN,NaN,NaN,NaN,NaN,NaN,NaN,NaN,NaN,NaN,NaN,NaN,NaN,NaN,NaN,NaN,NaN,NaN,NaN,NaN,NaN
n_scaling_fixed_density_signal,n_scaling_fixed_density_signal,n,9000,NaN,3,82918759,9000,6,3,32,11.4142135623731,8.5857864376269,2.82842712474619,4.50931893822147e-06,3.39191562967976e-06,414193,2456590,0.0303282716049383,0.0411004166666667,0.0667435833333333,sparse,0,0,138.064333333333,179,415744.083645042,46.1937870716713,138.581361215014,0.0277314900588717,Gaussian RP,gaussian_random_projection,0.821666666666667,0.000109309032880687,0.000923636149506406,0.00129791666666667,0.597479458333333,0.705281625,,0.0229160833333333,0.000148541666666667,0.574373,0.597445583333333,0.773563395845176,0.362803579811612,0.00105716666666667,0.0133313333333333,0.00323229166666667,0.004668375,0.000577083333333333,2.24583333333333e-05,NaN,NaN,NaN,NaN,NaN,NaN,NaN,NaN,NaN,NaN,NaN,NaN,NaN,NaN,NaN,NaN
n_scaling_fixed_density_signal,n_scaling_fixed_density_signal,n,9000,NaN,3,82918759,9000,6,3,32,11.4142135623731,8.5857864376269,2.82842712474619,4.50931893822147e-06,3.39191562967976e-06,414193,2456590,0.0303282716049383,0.0411004166666667,0.0667435833333333,sparse,0,0,138.064333333333,179,415744.083645042,46.1937870716713,138.581361215014,0.0277314900588717,Random sampling,random_sampling,0.825666666666667,-6.16481623232415e-06,0.000923261550920294,0.00120475,0.460404791666667,0.568195208333333,,0.089837375,0.000124208333333333,0.370389625,0.460360583333333,1.42078278781043,1.19639406668571,NaN,NaN,NaN,NaN,NaN,NaN,0.01925,1232795,369978,0.3,737203,NaN,NaN,NaN,NaN,NaN,NaN,NaN,NaN,NaN,NaN,NaN
n_scaling_fixed_density_signal,n_scaling_fixed_density_signal,n,9000,NaN,3,82918759,9000,6,3,32,11.4142135623731,8.5857864376269,2.82842712474619,4.50931893822147e-06,3.39191562967976e-06,414193,2456590,0.0303282716049383,0.0411004166666667,0.0667435833333333,sparse,0,0,138.064333333333,179,415744.083645042,46.1937870716713,138.581361215014,0.0277314900588717,CountSketch RP,countsketch_random_projection,0.825111111111111,-0.000134601153938195,0.00061448355455343,0.00123408333333333,0.339270458333333,0.447066,,0.0215364166666667,0.000120875,0.317564708333333,0.339229458333333,0.833228148509896,0.362442679511377,NaN,NaN,NaN,NaN,NaN,NaN,NaN,NaN,NaN,NaN,NaN,0.000177041666666667,36,203,278,0,0.00261175,0.0102038333333333,0.00334570833333333,0.00460808333333333,0.000527,2.30416666666667e-05
n_scaling_fixed_density_signal,n_scaling_fixed_density_signal,n,9000,NaN,4,82918760,9000,6,3,32,11.4142135623731,8.5857864376269,2.82842712474619,4.50931893822147e-06,3.39191562967976e-06,417659,2476506,0.0305741481481481,0.0410459166666667,0.0665270833333333,sparse,0,0,139.219666666667,190,415744.083645042,46.1937870716713,138.581361215014,0.0277314900588717,Non-random eigs,non_random,0.821888888888889,0.000184292076082344,0.00104128181594559,0.00175845833333333,0.78739625,0.894932708333333,eigs,0.121976416666667,0.000170083333333333,0.665213208333333,0.787368583333333,1,0.414640065764596,NaN,NaN,NaN,NaN,NaN,NaN,NaN,NaN,NaN,NaN,NaN,NaN,NaN,NaN,NaN,NaN,NaN,NaN,NaN,NaN,NaN,NaN
n_scaling_fixed_density_signal,n_scaling_fixed_density_signal,n,9000,NaN,4,82918760,9000,6,3,32,11.4142135623731,8.5857864376269,2.82842712474619,4.50931893822147e-06,3.39191562967976e-06,417659,2476506,0.0305741481481481,0.0410459166666667,0.0665270833333333,sparse,0,0,139.219666666667,190,415744.083645042,46.1937870716713,138.581361215014,0.0277314900588717,Gaussian RP,gaussian_random_projection,0.823333333333333,-0.000196324737529782,0.00050394626847857,0.00123579166666667,0.675726041666667,0.783218916666667,,0.023406375,0.000138083333333333,0.652101458333333,0.675653916666667,0.834366626525663,0.362801378130056,0.00127741666666667,0.0136150833333333,0.00327629166666667,0.00466520833333333,0.000512,2.7875e-05,NaN,NaN,NaN,NaN,NaN,NaN,NaN,NaN,NaN,NaN,NaN,NaN,NaN,NaN,NaN,NaN
n_scaling_fixed_density_signal,n_scaling_fixed_density_signal,n,9000,NaN,4,82918760,9000,6,3,32,11.4142135623731,8.5857864376269,2.82842712474619,4.50931893822147e-06,3.39191562967976e-06,417659,2476506,0.0305741481481481,0.0410459166666667,0.0665270833333333,sparse,0,0,139.219666666667,190,415744.083645042,46.1937870716713,138.581361215014,0.0277314900588717,Random sampling,random_sampling,0.826111111111111,3.58498091721707e-06,0.00122616894281938,0.00121083333333333,0.494267333333333,0.601788458333333,,0.0863129583333333,0.000164583333333333,0.407737916666667,0.494224541666667,1.42006189567241,1.19591276543965,NaN,NaN,NaN,NaN,NaN,NaN,0.0197217916666667,1242753,373312,0.3,743888,NaN,NaN,NaN,NaN,NaN,NaN,NaN,NaN,NaN,NaN,NaN
n_scaling_fixed_density_signal,n_scaling_fixed_density_signal,n,9000,NaN,4,82918760,9000,6,3,32,11.4142135623731,8.5857864376269,2.82842712474619,4.50931893822147e-06,3.39191562967976e-06,417659,2476506,0.0305741481481481,0.0410459166666667,0.0665270833333333,sparse,0,0,139.219666666667,190,415744.083645042,46.1937870716713,138.581361215014,0.0277314900588717,CountSketch RP,countsketch_random_projection,0.823777777777778,-0.000150289538369738,0.000570502401078284,0.001203875,0.271225083333333,0.3787535,,0.021087625,0.000141541666666667,0.249951333333333,0.271187375,0.823563456967698,0.36278515943916,NaN,NaN,NaN,NaN,NaN,NaN,NaN,NaN,NaN,NaN,NaN,0.000174583333333333,36,220,303,0,0.00266675,0.00967508333333333,0.003191125,0.00476920833333333,0.000554291666666667,2.26666666666667e-05
n_scaling_fixed_density_signal,n_scaling_fixed_density_signal,n,9000,NaN,5,82918761,9000,6,3,32,11.4142135623731,8.5857864376269,2.82842712474619,4.50931893822147e-06,3.39191562967976e-06,416578,2470320,0.0304977777777778,0.0443054583333333,0.0637969583333333,sparse,0,0,138.859333333333,189,415744.083645042,46.1937870716713,138.581361215014,0.0277314900588717,Non-random eigs,non_random,0.819111111111111,0.000146826786988213,0.000990843726969139,0.0013025,0.683656333333333,0.791723416666667,eigs,0.115330416666667,0.000127333333333333,0.56816325,0.683629291666667,0.999999999999999,0.414625585823916,NaN,NaN,NaN,NaN,NaN,NaN,NaN,NaN,NaN,NaN,NaN,NaN,NaN,NaN,NaN,NaN,NaN,NaN,NaN,NaN,NaN,NaN
n_scaling_fixed_density_signal,n_scaling_fixed_density_signal,n,9000,NaN,5,82918761,9000,6,3,32,11.4142135623731,8.5857864376269,2.82842712474619,4.50931893822147e-06,3.39191562967976e-06,416578,2470320,0.0304977777777778,0.0443054583333333,0.0637969583333333,sparse,0,0,138.859333333333,189,415744.083645042,46.1937870716713,138.581361215014,0.0277314900588717,Gaussian RP,gaussian_random_projection,0.823444444444444,-0.00016515157507762,0.000544197273920026,0.00127641666666667,0.563829416666667,0.671893666666667,,0.022909625,0.000140833333333333,0.540740791666667,0.563798625,0.858057813049984,0.362476269403898,0.00102808333333333,0.013383,0.003245,0.00464566666666667,0.000556791666666667,2.31666666666667e-05,NaN,NaN,NaN,NaN,NaN,NaN,NaN,NaN,NaN,NaN,NaN,NaN,NaN,NaN,NaN,NaN
n_scaling_fixed_density_signal,n_scaling_fixed_density_signal,n,9000,NaN,5,82918761,9000,6,3,32,11.4142135623731,8.5857864376269,2.82842712474619,4.50931893822147e-06,3.39191562967976e-06,416578,2470320,0.0304977777777778,0.0443054583333333,0.0637969583333333,sparse,0,0,138.859333333333,189,415744.083645042,46.1937870716713,138.581361215014,0.0277314900588717,Random sampling,random_sampling,0.824555555555556,-1.42782756622087e-05,0.000875049687083705,0.00122929166666667,0.512017,0.620067375,,0.0990545416666667,0.000125416666666667,0.412785,0.511973083333333,1.42253757949515,1.19604981007117,NaN,NaN,NaN,NaN,NaN,NaN,0.0194866666666667,1239660,370948,0.3,739096,NaN,NaN,NaN,NaN,NaN,NaN,NaN,NaN,NaN,NaN,NaN
n_scaling_fixed_density_signal,n_scaling_fixed_density_signal,n,9000,NaN,5,82918761,9000,6,3,32,11.4142135623731,8.5857864376269,2.82842712474619,4.50931893822147e-06,3.39191562967976e-06,416578,2470320,0.0304977777777778,0.0443054583333333,0.0637969583333333,sparse,0,0,138.859333333333,189,415744.083645042,46.1937870716713,138.581361215014,0.0277314900588717,CountSketch RP,countsketch_random_projection,0.823444444444444,-4.12966503952275e-05,0.00066604470085349,0.0012765,0.415405166666667,0.5234595,,0.0231335833333333,0.000119291666666667,0.392104208333333,0.415364958333333,0.795728034813002,0.362617840959429,NaN,NaN,NaN,NaN,NaN,NaN,NaN,NaN,NaN,NaN,NaN,0.000173041666666667,36,208,304,0,0.00494966666666667,0.00962145833333333,0.00311708333333333,0.00467620833333333,0.000537541666666667,2.175e-05
n_scaling_fixed_density_signal,n_scaling_fixed_density_signal,n,12000,NaN,1,3730175402,12000,6,3,32,11.4142135623731,8.5857864376269,2.82842712474619,2.53649190274958e-06,1.90795254169487e-06,554907,3303174,0.0229387083333333,0.0588894583333333,0.0900950833333333,sparse,0,0,138.72675,192,554373.741987192,46.197811832266,138.593435496798,0.0277430603797747,Non-random eigs,non_random,0.822333333333333,0.000102330204178553,0.000719883739557406,0.001452125,0.999436166666667,1.14838308333333,eigs,0.19913075,0.000150208333333333,0.800117583333333,0.999407208333333,1,0.414763657075102,NaN,NaN,NaN,NaN,NaN,NaN,NaN,NaN,NaN,NaN,NaN,NaN,NaN,NaN,NaN,NaN,NaN,NaN,NaN,NaN,NaN,NaN
n_scaling_fixed_density_signal,n_scaling_fixed_density_signal,n,12000,NaN,1,3730175402,12000,6,3,32,11.4142135623731,8.5857864376269,2.82842712474619,2.53649190274958e-06,1.90795254169487e-06,554907,3303174,0.0229387083333333,0.0588894583333333,0.0900950833333333,sparse,0,0,138.72675,192,554373.741987192,46.197811832266,138.593435496798,0.0277430603797747,Gaussian RP,gaussian_random_projection,0.826166666666667,-0.000189245385479628,0.000316033013666795,0.00150754166666667,0.900873083333333,1.04981933333333,,0.0308349583333333,0.000166875,0.869832958333333,0.9008425,0.794912167412007,0.362255951942941,0.00136295833333333,0.018512125,0.00412070833333333,0.00629541666666667,0.000485625,2.97083333333333e-05,NaN,NaN,NaN,NaN,NaN,NaN,NaN,NaN,NaN,NaN,NaN,NaN,NaN,NaN,NaN,NaN
n_scaling_fixed_density_signal,n_scaling_fixed_density_signal,n,12000,NaN,1,3730175402,12000,6,3,32,11.4142135623731,8.5857864376269,2.82842712474619,2.53649190274958e-06,1.90795254169487e-06,554907,3303174,0.0229387083333333,0.0588894583333333,0.0900950833333333,sparse,0,0,138.72675,192,554373.741987192,46.197811832266,138.593435496798,0.0277430603797747,Random sampling,random_sampling,0.824666666666667,-3.28717616870427e-05,0.000595196314803668,0.001561,0.711590625,0.860519041666667,,0.130078208333333,0.000153041666666667,0.58130325,0.711543,1.41256257030766,1.19447707909476,NaN,NaN,NaN,NaN,NaN,NaN,0.0261978333333333,1657587,497095,0.3,990666,NaN,NaN,NaN,NaN,NaN,NaN,NaN,NaN,NaN,NaN,NaN
n_scaling_fixed_density_signal,n_scaling_fixed_density_signal,n,12000,NaN,1,3730175402,12000,6,3,32,11.4142135623731,8.5857864376269,2.82842712474619,2.53649190274958e-06,1.90795254169487e-06,554907,3303174,0.0229387083333333,0.0588894583333333,0.0900950833333333,sparse,0,0,138.72675,192,554373.741987192,46.197811832266,138.593435496798,0.0277430603797747,CountSketch RP,countsketch_random_projection,0.824583333333333,-2.31975963046275e-05,0.000553724318572222,0.00142904166666667,0.422326291666667,0.571264625,,0.0273276666666667,0.000169583333333333,0.394782833333333,0.422286958333333,0.811409761196709,0.361938768262333,NaN,NaN,NaN,NaN,NaN,NaN,NaN,NaN,NaN,NaN,NaN,0.00022475,36,305,396,0,0.00313004166666667,0.0127775,0.00423916666666667,0.00633095833333333,0.000557833333333333,2.72916666666667e-05
n_scaling_fixed_density_signal,n_scaling_fixed_density_signal,n,12000,NaN,2,3730175403,12000,6,3,32,11.4142135623731,8.5857864376269,2.82842712474619,2.53649190274958e-06,1.90795254169487e-06,554707,3301702,0.0229284861111111,0.0559055833333333,0.0880669583333333,sparse,0,0,138.67675,185,554373.741987192,46.197811832266,138.593435496798,0.0277430603797747,Non-random eigs,non_random,0.824166666666667,1.82572150249081e-05,0.000611078200451641,0.00150304166666667,0.995014458333333,1.13894841666667,eigs,0.183795,0.000229291666666667,0.810951583333333,0.994984916666667,1,0.41482188603729,NaN,NaN,NaN,NaN,NaN,NaN,NaN,NaN,NaN,NaN,NaN,NaN,NaN,NaN,NaN,NaN,NaN,NaN,NaN,NaN,NaN,NaN
n_scaling_fixed_density_signal,n_scaling_fixed_density_signal,n,12000,NaN,2,3730175403,12000,6,3,32,11.4142135623731,8.5857864376269,2.82842712474619,2.53649190274958e-06,1.90795254169487e-06,554707,3301702,0.0229284861111111,0.0559055833333333,0.0880669583333333,sparse,0,0,138.67675,185,554373.741987192,46.197811832266,138.593435496798,0.0277430603797747,Gaussian RP,gaussian_random_projection,0.821583333333333,0.000242698963799683,0.000920942921258797,0.001479125,0.767001,0.910924416666667,,0.03160325,0.000158333333333333,0.735190291666667,0.766961083333333,0.778078813864936,0.362155803214844,0.001366875,0.019102375,0.00403495833333333,0.00645341666666667,0.000584041666666667,3.1125e-05,NaN,NaN,NaN,NaN,NaN,NaN,NaN,NaN,NaN,NaN,NaN,NaN,NaN,NaN,NaN,NaN
n_scaling_fixed_density_signal,n_scaling_fixed_density_signal,n,12000,NaN,2,3730175403,12000,6,3,32,11.4142135623731,8.5857864376269,2.82842712474619,2.53649190274958e-06,1.90795254169487e-06,554707,3301702,0.0229284861111111,0.0559055833333333,0.0880669583333333,sparse,0,0,138.67675,185,554373.741987192,46.197811832266,138.593435496798,0.0277430603797747,Random sampling,random_sampling,0.82475,5.09498905222637e-05,0.000970904566224514,0.00149716666666667,0.725622083333333,0.869539083333333,,0.1259145,0.0002465,0.599405541666667,0.725575958333333,1.4185570189997,1.19582232647482,NaN,NaN,NaN,NaN,NaN,NaN,0.026124625,1656851,498208,0.3,992825,NaN,NaN,NaN,NaN,NaN,NaN,NaN,NaN,NaN,NaN,NaN
n_scaling_fixed_density_signal,n_scaling_fixed_density_signal,n,12000,NaN,2,3730175403,12000,6,3,32,11.4142135623731,8.5857864376269,2.82842712474619,2.53649190274958e-06,1.90795254169487e-06,554707,3301702,0.0229284861111111,0.0559055833333333,0.0880669583333333,sparse,0,0,138.67675,185,554373.741987192,46.197811832266,138.593435496798,0.0277430603797747,CountSketch RP,countsketch_random_projection,0.827583333333333,-0.000184642321513808,0.000314485454063516,0.00156895833333333,0.507488708333333,0.651411291666667,,0.0267920833333333,0.000217166666666667,0.4804295,0.50744725,0.808974262375743,0.362237513548327,NaN,NaN,NaN,NaN,NaN,NaN,NaN,NaN,NaN,NaN,NaN,0.000211125,36,300,370,0,0.003223125,0.0127567083333333,0.00376329166666667,0.00631383333333333,0.000459875,2.89583333333333e-05
n_scaling_fixed_density_signal,n_scaling_fixed_density_signal,n,12000,NaN,3,3730175404,12000,6,3,32,11.4142135623731,8.5857864376269,2.82842712474619,2.53649190274958e-06,1.90795254169487e-06,553115,3292584,0.0228651666666667,0.056876625,0.08683,sparse,0,0,138.27875,182,554373.741987192,46.197811832266,138.593435496798,0.0277430603797747,Non-random eigs,non_random,0.824833333333333,-1.55710678150649e-05,0.000558658801892969,0.00148083333333333,0.751200875,0.894870416666667,eigs,0.176364291666667,0.000158083333333333,0.574641416666667,0.751171666666667,1,0.414983245559887,NaN,NaN,NaN,NaN,NaN,NaN,NaN,NaN,NaN,NaN,NaN,NaN,NaN,NaN,NaN,NaN,NaN,NaN,NaN,NaN,NaN,NaN
n_scaling_fixed_density_signal,n_scaling_fixed_density_signal,n,12000,NaN,3,3730175404,12000,6,3,32,11.4142135623731,8.5857864376269,2.82842712474619,2.53649190274958e-06,1.90795254169487e-06,553115,3292584,0.0228651666666667,0.056876625,0.08683,sparse,0,0,138.27875,182,554373.741987192,46.197811832266,138.593435496798,0.0277430603797747,Gaussian RP,gaussian_random_projection,0.823583333333333,8.23390363479066e-05,0.00070690515563266,0.001476125,0.742493083333333,0.886158458333333,,0.0302974583333333,0.00023525,0.711919125,0.742460291666667,0.79355371479415,0.362340674126636,0.001374125,0.0179970833333333,0.00400466666666667,0.00629870833333333,0.000567625,2.85e-05,NaN,NaN,NaN,NaN,NaN,NaN,NaN,NaN,NaN,NaN,NaN,NaN,NaN,NaN,NaN,NaN
n_scaling_fixed_density_signal,n_scaling_fixed_density_signal,n,12000,NaN,3,3730175404,12000,6,3,32,11.4142135623731,8.5857864376269,2.82842712474619,2.53649190274958e-06,1.90795254169487e-06,553115,3292584,0.0228651666666667,0.056876625,0.08683,sparse,0,0,138.27875,182,554373.741987192,46.197811832266,138.593435496798,0.0277430603797747,Random sampling,random_sampling,0.82525,-1.42320142702377e-05,0.000784109765396582,0.001463,0.858622333333333,1.00227058333333,,0.13238775,0.000142833333333333,0.726033375,0.85857325,1.41889836477427,1.19601154407939,NaN,NaN,NaN,NaN,NaN,NaN,0.0263815833333333,1652292,495192,0.3,986755,NaN,NaN,NaN,NaN,NaN,NaN,NaN,NaN,NaN,NaN,NaN
n_scaling_fixed_density_signal,n_scaling_fixed_density_signal,n,12000,NaN,3,3730175404,12000,6,3,32,11.4142135623731,8.5857864376269,2.82842712474619,2.53649190274958e-06,1.90795254169487e-06,553115,3292584,0.0228651666666667,0.056876625,0.08683,sparse,0,0,138.27875,182,554373.741987192,46.197811832266,138.593435496798,0.0277430603797747,CountSketch RP,countsketch_random_projection,0.825166666666667,-0.000136535790817693,0.000377322890092547,0.0014725,0.455290416666667,0.598948375,,0.0280648333333333,0.000232541666666667,0.426944375,0.455251,0.813138508202784,0.36253322234352,NaN,NaN,NaN,NaN,NaN,NaN,NaN,NaN,NaN,NaN,NaN,0.000214125,36,309,371,0,0.0032425,0.0137664583333333,0.00395195833333333,0.00630895833333333,0.00050925,3.07916666666667e-05
n_scaling_fixed_density_signal,n_scaling_fixed_density_signal,n,12000,NaN,4,3730175405,12000,6,3,32,11.4142135623731,8.5857864376269,2.82842712474619,2.53649190274958e-06,1.90795254169487e-06,553160,3292692,0.0228659166666667,0.0536129583333333,0.085122875,sparse,0,0,138.29,188,554373.741987192,46.197811832266,138.593435496798,0.0277430603797747,Non-random eigs,non_random,0.824083333333333,0.000111838891984237,0.000733568840684468,0.00150004166666667,0.926014916666667,1.064714625,eigs,0.181733125,0.000157166666666667,0.7440885,0.92598625,1,0.414982109054244,NaN,NaN,NaN,NaN,NaN,NaN,NaN,NaN,NaN,NaN,NaN,NaN,NaN,NaN,NaN,NaN,NaN,NaN,NaN,NaN,NaN,NaN
n_scaling_fixed_density_signal,n_scaling_fixed_density_signal,n,12000,NaN,4,3730175405,12000,6,3,32,11.4142135623731,8.5857864376269,2.82842712474619,2.53649190274958e-06,1.90795254169487e-06,553160,3292692,0.0228659166666667,0.0536129583333333,0.085122875,sparse,0,0,138.29,188,554373.741987192,46.197811832266,138.593435496798,0.0277430603797747,Gaussian RP,gaussian_random_projection,0.8235,8.21984633440941e-05,0.000697739950291265,0.00151666666666667,0.911691458333333,1.05038791666667,,0.0304329583333333,0.000158166666666667,0.881060958333333,0.911659833333333,0.771574569470933,0.362517817455289,0.00137541666666667,0.01801625,0.00417808333333333,0.00631675,0.000489958333333333,2.84583333333333e-05,NaN,NaN,NaN,NaN,NaN,NaN,NaN,NaN,NaN,NaN,NaN,NaN,NaN,NaN,NaN,NaN
n_scaling_fixed_density_signal,n_scaling_fixed_density_signal,n,12000,NaN,4,3730175405,12000,6,3,32,11.4142135623731,8.5857864376269,2.82842712474619,2.53649190274958e-06,1.90795254169487e-06,553160,3292692,0.0228659166666667,0.0536129583333333,0.085122875,sparse,0,0,138.29,188,554373.741987192,46.197811832266,138.593435496798,0.0277430603797747,Random sampling,random_sampling,0.827333333333333,-2.30365798757487e-05,0.000539490271955086,0.001428625,0.896867333333333,1.03554825,,0.120939708333333,0.000148,0.775724708333333,0.896821916666667,1.41900093735095,1.19608147619043,NaN,NaN,NaN,NaN,NaN,NaN,0.0283812916666667,1652346,496300,0.3,988983,NaN,NaN,NaN,NaN,NaN,NaN,NaN,NaN,NaN,NaN,NaN
n_scaling_fixed_density_signal,n_scaling_fixed_density_signal,n,12000,NaN,4,3730175405,12000,6,3,32,11.4142135623731,8.5857864376269,2.82842712474619,2.53649190274958e-06,1.90795254169487e-06,553160,3292692,0.0228659166666667,0.0536129583333333,0.085122875,sparse,0,0,138.29,188,554373.741987192,46.197811832266,138.593435496798,0.0277430603797747,CountSketch RP,countsketch_random_projection,0.8225,-4.65550515707832e-06,0.0005819865874337,0.00149120833333333,0.513600708333333,0.652284791666667,,0.0319865416666667,0.000216458333333333,0.481345958333333,0.513561208333333,0.752393910246931,0.362337395912141,NaN,NaN,NaN,NaN,NaN,NaN,NaN,NaN,NaN,NaN,NaN,0.0002245,36,291,376,0,0.00722770833333333,0.013008,0.00419808333333333,0.00671141666666667,0.000547916666666667,2.7875e-05
n_scaling_fixed_density_signal,n_scaling_fixed_density_signal,n,12000,NaN,5,3730175406,12000,6,3,32,11.4142135623731,8.5857864376269,2.82842712474619,2.53649190274958e-06,1.90795254169487e-06,553668,3295424,0.0228848888888889,0.06207275,0.0928255416666667,sparse,0,0,138.417,193,554373.741987192,46.197811832266,138.593435496798,0.0277430603797747,Non-random eigs,non_random,0.817416666666667,0.000630017270315479,0.00147477665967924,0.00155383333333333,1.248814875,1.40367520833333,eigs,0.19358275,0.0001615,1.05503266666667,1.24878679166667,1,0.414915641847059,NaN,NaN,NaN,NaN,NaN,NaN,NaN,NaN,NaN,NaN,NaN,NaN,NaN,NaN,NaN,NaN,NaN,NaN,NaN,NaN,NaN,NaN
n_scaling_fixed_density_signal,n_scaling_fixed_density_signal,n,12000,NaN,5,3730175406,12000,6,3,32,11.4142135623731,8.5857864376269,2.82842712474619,2.53649190274958e-06,1.90795254169487e-06,553668,3295424,0.0228848888888889,0.06207275,0.0928255416666667,sparse,0,0,138.417,193,554373.741987192,46.197811832266,138.593435496798,0.0277430603797747,Gaussian RP,gaussian_random_projection,0.824333333333333,6.53409076612894e-05,0.000679680667408217,0.00150725,0.882158958333333,1.03700983333333,,0.0304935416666667,0.000238708333333333,0.851379291666667,0.8821235,0.627701541520009,0.362133501690001,0.001373125,0.018105125,0.00415566666666667,0.006257875,0.000543583333333333,2.9375e-05,NaN,NaN,NaN,NaN,NaN,NaN,NaN,NaN,NaN,NaN,NaN,NaN,NaN,NaN,NaN,NaN
n_scaling_fixed_density_signal,n_scaling_fixed_density_signal,n,12000,NaN,5,3730175406,12000,6,3,32,11.4142135623731,8.5857864376269,2.82842712474619,2.53649190274958e-06,1.90795254169487e-06,553668,3295424,0.0228848888888889,0.06207275,0.0928255416666667,sparse,0,0,138.417,193,554373.741987192,46.197811832266,138.593435496798,0.0277430603797747,Random sampling,random_sampling,0.826166666666667,-5.25432763552537e-05,0.000525376989934371,0.001431125,0.88205925,1.03689854166667,,0.132842041666667,0.000178083333333333,0.748980125,0.882011,1.41695902723973,1.19568002063999,NaN,NaN,NaN,NaN,NaN,NaN,0.0268092083333333,1653712,495138,0.3,986660,NaN,NaN,NaN,NaN,NaN,NaN,NaN,NaN,NaN,NaN,NaN
n_scaling_fixed_density_signal,n_scaling_fixed_density_signal,n,12000,NaN,5,3730175406,12000,6,3,32,11.4142135623731,8.5857864376269,2.82842712474619,2.53649190274958e-06,1.90795254169487e-06,553668,3295424,0.0228848888888889,0.06207275,0.0928255416666667,sparse,0,0,138.417,193,554373.741987192,46.197811832266,138.593435496798,0.0277430603797747,CountSketch RP,countsketch_random_projection,0.822916666666667,6.96562756539298e-05,0.000698093085009681,0.00147920833333333,0.495363416666667,0.650208833333333,,0.0305974166666667,0.000215375,0.46449775,0.495319541666667,0.716331032944937,0.362407657496257,NaN,NaN,NaN,NaN,NaN,NaN,NaN,NaN,NaN,NaN,NaN,0.000211166666666667,36,297,387,0,0.006234625,0.0128007083333333,0.004506375,0.00627625,0.000495166666666667,2.94166666666667e-05
n_scaling_fixed_density_signal,n_scaling_fixed_density_signal,n,15000,NaN,1,3082464752,15000,6,3,32,11.4142135623731,8.5857864376269,2.82842712474619,1.62335481775973e-06,1.22108962668472e-06,691393,4125572,0.0183358755555556,0.0744165416666667,0.119072791666667,sparse,0,0,138.2786,183,693003.401682139,46.2002267788093,138.600680336428,0.0277500030872841,Non-random eigs,non_random,0.823466666666667,3.30110076749818e-05,0.000508050888480046,0.00185025,1.52934070833333,1.72279304166667,eigs,0.2748005,0.000194375,1.25430883333333,1.52931295833333,1,0.41510202109766,NaN,NaN,NaN,NaN,NaN,NaN,NaN,NaN,NaN,NaN,NaN,NaN,NaN,NaN,NaN,NaN,NaN,NaN,NaN,NaN,NaN,NaN
n_scaling_fixed_density_signal,n_scaling_fixed_density_signal,n,15000,NaN,1,3082464752,15000,6,3,32,11.4142135623731,8.5857864376269,2.82842712474619,1.62335481775973e-06,1.22108962668472e-06,691393,4125572,0.0183358755555556,0.0744165416666667,0.119072791666667,sparse,0,0,138.2786,183,693003.401682139,46.2002267788093,138.600680336428,0.0277500030872841,Gaussian RP,gaussian_random_projection,0.8276,-0.000137562555923555,0.000274174948389287,0.001808625,1.20324008333333,1.39668808333333,,0.038440125,0.000223708333333333,1.16453491666667,1.20320766666667,0.673391333719912,0.361982053950043,0.00169583333333333,0.02316175,0.00479545833333333,0.00814883333333333,0.000569541666666667,3.62916666666667e-05,NaN,NaN,NaN,NaN,NaN,NaN,NaN,NaN,NaN,NaN,NaN,NaN,NaN,NaN,NaN,NaN
n_scaling_fixed_density_signal,n_scaling_fixed_density_signal,n,15000,NaN,1,3082464752,15000,6,3,32,11.4142135623731,8.5857864376269,2.82842712474619,1.62335481775973e-06,1.22108962668472e-06,691393,4125572,0.0183358755555556,0.0744165416666667,0.119072791666667,sparse,0,0,138.2786,183,693003.401682139,46.2002267788093,138.600680336428,0.0277500030872841,Random sampling,random_sampling,0.8268,6.9335191691769e-05,0.000709797020666685,0.00165595833333333,1.11098291666667,1.304408375,,0.18190075,0.000176708333333333,0.928841583333333,1.11092833333333,1.4207228374931,1.19620171172878,NaN,NaN,NaN,NaN,NaN,NaN,0.0336070416666667,2070286,621227,0.3,1237871,NaN,NaN,NaN,NaN,NaN,NaN,NaN,NaN,NaN,NaN,NaN
n_scaling_fixed_density_signal,n_scaling_fixed_density_signal,n,15000,NaN,1,3082464752,15000,6,3,32,11.4142135623731,8.5857864376269,2.82842712474619,1.62335481775973e-06,1.22108962668472e-06,691393,4125572,0.0183358755555556,0.0744165416666667,0.119072791666667,sparse,0,0,138.2786,183,693003.401682139,46.2002267788093,138.600680336428,0.0277500030872841,CountSketch RP,countsketch_random_projection,0.825533333333333,-8.50628763809384e-05,0.000325370572203645,0.00181329166666667,0.545635208333333,0.739069458333333,,0.0356199166666667,0.000237708333333333,0.5097225,0.545592291666667,0.745485883038362,0.362144750770584,NaN,NaN,NaN,NaN,NaN,NaN,NaN,NaN,NaN,NaN,NaN,0.000252958333333333,36,379,459,0,0.00563941666666667,0.0162915416666667,0.00458258333333333,0.00820358333333333,0.0005735,3.54583333333333e-05
n_scaling_fixed_density_signal,n_scaling_fixed_density_signal,n,15000,NaN,2,3082464753,15000,6,3,32,11.4142135623731,8.5857864376269,2.82842712474619,1.62335481775973e-06,1.22108962668472e-06,692954,4134426,0.0183752266666667,0.0704540833333333,0.113820666666667,sparse,0,0,138.5908,181,693003.401682139,46.2002267788093,138.600680336428,0.0277500030872841,Non-random eigs,non_random,0.8226,0.000146033383087395,0.000668738011762162,0.001810875,1.40451525,1.588754375,eigs,0.23558125,0.000195708333333333,1.16870266666667,1.40448804166667,1,0.41496964913706,NaN,NaN,NaN,NaN,NaN,NaN,NaN,NaN,NaN,NaN,NaN,NaN,NaN,NaN,NaN,NaN,NaN,NaN,NaN,NaN,NaN,NaN
n_scaling_fixed_density_signal,n_scaling_fixed_density_signal,n,15000,NaN,2,3082464753,15000,6,3,32,11.4142135623731,8.5857864376269,2.82842712474619,1.62335481775973e-06,1.22108962668472e-06,692954,4134426,0.0183752266666667,0.0704540833333333,0.113820666666667,sparse,0,0,138.5908,181,693003.401682139,46.2002267788093,138.600680336428,0.0277500030872841,Gaussian RP,gaussian_random_projection,0.824533333333333,7.58480708616733e-06,0.000477826664620378,0.00183266666666667,1.19435854166667,1.37859225,,0.037836,0.00020375,1.15627775,1.19432629166667,0.748504505220851,0.362314732575982,0.001700625,0.0230198333333333,0.00443920833333333,0.00813241666666667,0.000477583333333333,3.65e-05,NaN,NaN,NaN,NaN,NaN,NaN,NaN,NaN,NaN,NaN,NaN,NaN,NaN,NaN,NaN,NaN
n_scaling_fixed_density_signal,n_scaling_fixed_density_signal,n,15000,NaN,2,3082464753,15000,6,3,32,11.4142135623731,8.5857864376269,2.82842712474619,1.62335481775973e-06,1.22108962668472e-06,692954,4134426,0.0183752266666667,0.0704540833333333,0.113820666666667,sparse,0,0,138.5908,181,693003.401682139,46.2002267788093,138.600680336428,0.0277500030872841,Random sampling,random_sampling,0.828,-3.42871353791214e-05,0.000405082998650988,0.001806125,1.10402570833333,1.28824058333333,,0.237557375,0.000171041666666667,0.866237416666667,1.10397645833333,1.41496672472203,1.19531649388389,NaN,NaN,NaN,NaN,NaN,NaN,0.0335184583333333,2074713,622082,0.3,1239698,NaN,NaN,NaN,NaN,NaN,NaN,NaN,NaN,NaN,NaN,NaN
n_scaling_fixed_density_signal,n_scaling_fixed_density_signal,n,15000,NaN,2,3082464753,15000,6,3,32,11.4142135623731,8.5857864376269,2.82842712474619,1.62335481775973e-06,1.22108962668472e-06,692954,4134426,0.0183752266666667,0.0704540833333333,0.113820666666667,sparse,0,0,138.5908,181,693003.401682139,46.2002267788093,138.600680336428,0.0277500030872841,CountSketch RP,countsketch_random_projection,0.825333333333333,-5.41481111904386e-05,0.000399099500157801,0.001817375,0.523638625,0.707864125,,0.0365809583333333,0.000238708333333333,0.486769708333333,0.523598708333333,0.780320181570543,0.361996834401671,NaN,NaN,NaN,NaN,NaN,NaN,NaN,NaN,NaN,NaN,NaN,0.000245375,36,382,460,0,0.005404375,0.0164571666666667,0.00431770833333333,0.00951766666666667,0.000559916666666667,3.47916666666667e-05
n_scaling_fixed_density_signal,n_scaling_fixed_density_signal,n,15000,NaN,3,3082464754,15000,6,3,32,11.4142135623731,8.5857864376269,2.82842712474619,1.62335481775973e-06,1.22108962668472e-06,692780,4133406,0.0183706933333333,0.0714367916666667,0.10818325,sparse,0,0,138.556,187,693003.401682139,46.2002267788093,138.600680336428,0.0277500030872841,Non-random eigs,non_random,0.822666666666667,2.74717925466917e-05,0.000502923786946635,0.001734125,1.52644825,1.70603141666667,eigs,0.250464416666667,0.000185583333333333,1.275761375,1.52642016666667,1,0.414953312597274,NaN,NaN,NaN,NaN,NaN,NaN,NaN,NaN,NaN,NaN,NaN,NaN,NaN,NaN,NaN,NaN,NaN,NaN,NaN,NaN,NaN,NaN
n_scaling_fixed_density_signal,n_scaling_fixed_density_signal,n,15000,NaN,3,3082464754,15000,6,3,32,11.4142135623731,8.5857864376269,2.82842712474619,1.62335481775973e-06,1.22108962668472e-06,692780,4133406,0.0183706933333333,0.0714367916666667,0.10818325,sparse,0,0,138.556,187,693003.401682139,46.2002267788093,138.600680336428,0.0277500030872841,Gaussian RP,gaussian_random_projection,0.827733333333333,-0.000179249501715446,0.000215527526796727,0.00177629166666667,1.36532629166667,1.54490566666667,,0.038648125,0.0002355,1.326402,1.36529404166667,0.744863936088713,0.361981534440602,0.00170320833333333,0.023633625,0.00457525,0.008099,0.000567916666666667,3.575e-05,NaN,NaN,NaN,NaN,NaN,NaN,NaN,NaN,NaN,NaN,NaN,NaN,NaN,NaN,NaN,NaN
n_scaling_fixed_density_signal,n_scaling_fixed_density_signal,n,15000,NaN,3,3082464754,15000,6,3,32,11.4142135623731,8.5857864376269,2.82842712474619,1.62335481775973e-06,1.22108962668472e-06,692780,4133406,0.0183706933333333,0.0714367916666667,0.10818325,sparse,0,0,138.556,187,693003.401682139,46.2002267788093,138.600680336428,0.0277500030872841,Random sampling,random_sampling,0.828866666666667,-4.64691485613196e-05,0.000329812373087388,0.00177079166666667,0.936324875,1.11588770833333,,0.19738075,0.00017275,0.738714166666667,0.936277875,1.41334577810756,1.19482355348926,NaN,NaN,NaN,NaN,NaN,NaN,0.033732375,2074203,621920,0.3,1239420,NaN,NaN,NaN,NaN,NaN,NaN,NaN,NaN,NaN,NaN,NaN
n_scaling_fixed_density_signal,n_scaling_fixed_density_signal,n,15000,NaN,3,3082464754,15000,6,3,32,11.4142135623731,8.5857864376269,2.82842712474619,1.62335481775973e-06,1.22108962668472e-06,692780,4133406,0.0183706933333333,0.0714367916666667,0.10818325,sparse,0,0,138.556,187,693003.401682139,46.2002267788093,138.600680336428,0.0277500030872841,CountSketch RP,countsketch_random_projection,0.8258,-2.49051845664772e-05,0.000464759076075952,0.00179829166666667,0.443105083333333,0.622676875,,0.03359125,0.000259958333333333,0.409205625,0.443064958333333,0.717662040236105,0.361931425702014,NaN,NaN,NaN,NaN,NaN,NaN,NaN,NaN,NaN,NaN,NaN,0.000258916666666667,36,384,470,0,0.00401416666666667,0.016143875,0.004425125,0.00817158333333333,0.000503791666666667,3.54583333333333e-05
n_scaling_fixed_density_signal,n_scaling_fixed_density_signal,n,15000,NaN,4,3082464755,15000,6,3,32,11.4142135623731,8.5857864376269,2.82842712474619,1.62335481775973e-06,1.22108962668472e-06,693145,4135560,0.0183802666666667,0.0754966666666667,0.112521333333333,sparse,0,0,138.629,187,693003.401682139,46.2002267788093,138.600680336428,0.0277500030872841,Non-random eigs,non_random,0.8194,0.000286055648459015,0.000853792960294971,0.00172525,1.401391125,1.5893745,eigs,0.345999333333333,0.000194875,1.05516229166667,1.40136341666667,1,0.414966831196239,NaN,NaN,NaN,NaN,NaN,NaN,NaN,NaN,NaN,NaN,NaN,NaN,NaN,NaN,NaN,NaN,NaN,NaN,NaN,NaN,NaN,NaN
n_scaling_fixed_density_signal,n_scaling_fixed_density_signal,n,15000,NaN,4,3082464755,15000,6,3,32,11.4142135623731,8.5857864376269,2.82842712474619,1.62335481775973e-06,1.22108962668472e-06,693145,4135560,0.0183802666666667,0.0754966666666667,0.112521333333333,sparse,0,0,138.629,187,693003.401682139,46.2002267788093,138.600680336428,0.0277500030872841,Gaussian RP,gaussian_random_projection,0.826733333333333,-8.11693428961874e-05,0.000351208849048052,0.00180375,1.30324620833333,1.49122325,,0.0382654166666667,0.000230041666666667,1.26470979166667,1.30321466666667,0.713856388214384,0.36194419017087,0.00169470833333333,0.023194,0.00465791666666667,0.00808641666666667,0.000551958333333333,3.475e-05,NaN,NaN,NaN,NaN,NaN,NaN,NaN,NaN,NaN,NaN,NaN,NaN,NaN,NaN,NaN,NaN
n_scaling_fixed_density_signal,n_scaling_fixed_density_signal,n,15000,NaN,4,3082464755,15000,6,3,32,11.4142135623731,8.5857864376269,2.82842712474619,1.62335481775973e-06,1.22108962668472e-06,693145,4135560,0.0183802666666667,0.0754966666666667,0.112521333333333,sparse,0,0,138.629,187,693003.401682139,46.2002267788093,138.600680336428,0.0277500030872841,Random sampling,random_sampling,0.826066666666667,3.65889130636138e-06,0.000795898730387817,0.00165133333333333,1.132656875,1.32061004166667,,0.192725458333333,0.000176375,0.939690208333333,1.13260545833333,1.41168808629757,1.19439908677209,NaN,NaN,NaN,NaN,NaN,NaN,0.0374419583333333,2075280,622685,0.3,1240985,NaN,NaN,NaN,NaN,NaN,NaN,NaN,NaN,NaN,NaN,NaN
n_scaling_fixed_density_signal,n_scaling_fixed_density_signal,n,15000,NaN,4,3082464755,15000,6,3,32,11.4142135623731,8.5857864376269,2.82842712474619,1.62335481775973e-06,1.22108962668472e-06,693145,4135560,0.0183802666666667,0.0754966666666667,0.112521333333333,sparse,0,0,138.629,187,693003.401682139,46.2002267788093,138.600680336428,0.0277500030872841,CountSketch RP,countsketch_random_projection,0.825333333333333,0.000115984997475708,0.000623767646000737,0.001840125,0.589419416666667,0.777382166666667,,0.0340084166666667,0.00028325,0.5550725,0.589374166666667,0.780463099163185,0.36201724805826,NaN,NaN,NaN,NaN,NaN,NaN,NaN,NaN,NaN,NaN,NaN,0.000252208333333333,36,376,480,0,0.00388304166666667,0.0160288333333333,0.00506354166666667,0.00812125,0.000583166666666667,3.44583333333333e-05
n_scaling_fixed_density_signal,n_scaling_fixed_density_signal,n,15000,NaN,5,3082464756,15000,6,3,32,11.4142135623731,8.5857864376269,2.82842712474619,1.62335481775973e-06,1.22108962668472e-06,692785,4133860,0.0183727111111111,0.0703530833333333,0.114587291666667,sparse,0,0,138.557,190,693003.401682139,46.2002267788093,138.600680336428,0.0277500030872841,Non-random eigs,non_random,0.8238,0.000110747340040872,0.000621604660497551,0.00185133333333333,1.5405495,1.72545129166667,eigs,0.269198041666667,0.000196208333333333,1.27111666666667,1.54052029166667,0.999999999999999,0.415029171224458,NaN,NaN,NaN,NaN,NaN,NaN,NaN,NaN,NaN,NaN,NaN,NaN,NaN,NaN,NaN,NaN,NaN,NaN,NaN,NaN,NaN,NaN
n_scaling_fixed_density_signal,n_scaling_fixed_density_signal,n,15000,NaN,5,3082464756,15000,6,3,32,11.4142135623731,8.5857864376269,2.82842712474619,1.62335481775973e-06,1.22108962668472e-06,692785,4133860,0.0183727111111111,0.0703530833333333,0.114587291666667,sparse,0,0,138.557,190,693003.401682139,46.2002267788093,138.600680336428,0.0277500030872841,Gaussian RP,gaussian_random_projection,0.827666666666667,-0.00019053453211849,0.000200154103989046,0.00182875,1.14517991666667,1.33007779166667,,0.0383366666666667,0.000225458333333333,1.10657529166667,1.14514683333333,0.803003463708425,0.362012207189524,0.001693875,0.023929125,0.0044625,0.00761516666666667,0.000567166666666667,3.96666666666667e-05,NaN,NaN,NaN,NaN,NaN,NaN,NaN,NaN,NaN,NaN,NaN,NaN,NaN,NaN,NaN,NaN
n_scaling_fixed_density_signal,n_scaling_fixed_density_signal,n,15000,NaN,5,3082464756,15000,6,3,32,11.4142135623731,8.5857864376269,2.82842712474619,1.62335481775973e-06,1.22108962668472e-06,692785,4133860,0.0183727111111111,0.0703530833333333,0.114587291666667,sparse,0,0,138.557,190,693003.401682139,46.2002267788093,138.600680336428,0.0277500030872841,Random sampling,random_sampling,0.826333333333333,4.07672169384278e-05,0.000658737421955515,0.001686875,0.909893166666667,1.09478095833333,,0.157185833333333,0.000194625,0.752460125,0.90984975,1.41707894988118,1.19575241233295,NaN,NaN,NaN,NaN,NaN,NaN,0.0329114166666667,2074430,622473,0.3,1240442,NaN,NaN,NaN,NaN,NaN,NaN,NaN,NaN,NaN,NaN,NaN
n_scaling_fixed_density_signal,n_scaling_fixed_density_signal,n,15000,NaN,5,3082464756,15000,6,3,32,11.4142135623731,8.5857864376269,2.82842712474619,1.62335481775973e-06,1.22108962668472e-06,692785,4133860,0.0183727111111111,0.0703530833333333,0.114587291666667,sparse,0,0,138.557,190,693003.401682139,46.2002267788093,138.600680336428,0.0277500030872841,CountSketch RP,countsketch_random_projection,0.827,-9.22588270962702e-05,0.000352294404168282,0.00179625,0.533275875,0.718172541666667,,0.035259125,0.0002425,0.497730541666667,0.533238791666667,0.760160728823302,0.362218453082829,NaN,NaN,NaN,NaN,NaN,NaN,NaN,NaN,NaN,NaN,NaN,0.000248083333333333,36,372,455,0,0.00527279166666667,0.0157415416666667,0.00537633333333333,0.00804970833333333,0.000486708333333333,3.60833333333333e-05
