n,method,rep,seed,K,m,rho_n,num_hyperedges_total,misclassification_rate,ARI,NMI,generation_wall_sec,zhou_theta_build_wall_sec,spectral_clustering_wall_sec,metric_wall_sec,num_isolated_nodes,isolated_fraction,hypergraph_degree_mean,hypergraph_degree_max,expected_hyperedges_total,expected_hyperedges_per_n,expected_degree_mean,candidate_within_fraction,rp_draw_omega_sec,rp_power_iter_sec,rp_qr_sec,rp_build_core_sec,rp_small_eig_sec,rp_lift_sec,eigen_decomposition_wall_sec,embedding_normalize_wall_sec,kmeans_wall_sec,top_eigenvalue_max,top_eigenvalue_min,algorithm_total_wall_sec,p_in,p_out,sampling_mode,cpu_time_sec,wall_clock_sec,peak_traced_memory_mb,rss_before_mb,rss_after_mb,rss_delta_mb
1000,Gaussian random projection,1,120260427,3,3,4.0,4983,0.014,0.9583743370261,0.9268680403653211,0.1606049999827519,0.013518750085495412,0.2811602089786902,0.010596291976980865,0,0.0,14.949,29.0,5007.765888,5.007765888,15.023297664,0.11044488977955912,0.0006561250193044543,0.008480833028443158,0.02864354196935892,0.008955833967775106,0.00933016708586365,0.0007251669885590672,0.05700054194312543,8.654093835502863e-05,0.2240622079698369,0.9999994365196193,0.6891399988509407,0.45527304091956466,0.000144,1.6e-05,sparse,2.3418919999999996,0.5252889159601182,7.190889358520508,258.1875,277.8125,19.625
1000,Gaussian random projection,2,120260428,3,3,4.0,5131,0.013,0.9613396406983581,0.9300768632238009,0.17168975004460663,0.013192374957725406,0.18279925000388175,0.008061707951128483,0,0.0,15.393,34.0,5007.765888,5.007765888,15.023297664,0.11044488977955912,0.000722415978088975,0.008896916988305748,0.03130854107439518,0.004542374983429909,0.012672374956309795,0.0002300828928127885,0.058749457937665284,0.0005137920379638672,0.12352895794901997,0.9999990531280096,0.6901462361946069,0.36767433292698115,0.000144,1.6e-05,sparse,2.469893999999999,0.4242333750007674,7.229684829711914,277.8125,283.84375,6.03125
1000,Gaussian random projection,3,120260429,3,3,4.0,4948,0.016,0.9525426093270085,0.9175844282051776,0.1645840830169618,0.012861875002272427,0.12802225002087653,0.005132999969646335,0,0.0,14.844,29.0,5007.765888,5.007765888,15.023297664,0.11044488977955912,0.0006547080120071769,0.008237458998337388,0.03507779189385474,0.0038345829816535115,0.004163832985796034,0.00023258407600224018,0.05229533393867314,0.00014233298134058714,0.07557916699443012,0.9999993400841223,0.6862939776883499,0.3054627919336781,0.000144,1.6e-05,sparse,2.1173459999999995,0.36930545896757394,7.165727615356445,283.84375,291.890625,8.046875
1000,Gaussian random projection,4,120260430,3,3,4.0,5033,0.027,0.9205244483408043,0.8710590099374591,0.19044487492647022,0.013005624990910292,0.1799975410103798,0.03726491692941636,0,0.0,15.099,28.0,5007.765888,5.007765888,15.023297664,0.11044488977955912,0.0007323329336941242,0.00825404201168567,0.05298958392813802,0.005173124955035746,0.008903416921384633,9.833392687141895e-05,0.0762728329282254,6.237498018890619e-05,0.10365774994716048,0.9999993719360613,0.6934356346990055,0.3834434577729553,0.000144,1.6e-05,sparse,3.0731400000000004,0.49126741697546095,7.199204444885254,291.890625,298.765625,6.875
1000,Gaussian random projection,5,120260431,3,3,4.0,5039,0.015,0.9555605491155458,0.9258369692693456,0.1637719579739496,0.013892082963138819,0.21895933395717293,0.014321292052045465,0,0.0,15.117,29.0,5007.765888,5.007765888,15.023297664,0.11044488977955912,0.0006521249888464808,0.008616584003902972,0.03835062496364117,0.0036594170378521085,0.012068707961589098,0.00024620897602289915,0.06393791700247675,0.0007914159214124084,0.15422370797023177,0.9999993023010252,0.6857738690909214,0.39661708183120936,0.000144,1.6e-05,sparse,2.9670510000000014,0.4902168749831617,7.200399398803711,298.765625,300.59375,1.828125
1000,Gaussian random projection,6,120260432,3,3,4.0,4864,0.012,0.9642536559849886,0.9362460723358401,0.1572453749831766,0.012647583964280784,0.14041087497025728,0.009436790947802365,0,0.0,14.592,25.0,5007.765888,5.007765888,15.023297664,0.11044488977955912,0.0006315420614555478,0.008036082959733903,0.04005658393725753,0.004969458095729351,0.004268834018148482,0.00024399999529123306,0.05823679198510945,0.00032358302269130945,0.0818446249468252,0.9999992719980524,0.69356450232893,0.31029795890208334,0.000144,1.6e-05,sparse,2.2266010000000023,0.37713058409281075,7.145170211791992,300.59375,300.609375,0.015625
1000,Gaussian random projection,7,120260433,3,3,4.0,5043,0.015,0.9554532772419757,0.9237634544222711,0.19421708397567272,0.013737750006839633,0.1244849159847945,0.009113958920352161,0,0.0,15.129,32.0,5007.765888,5.007765888,15.023297664,0.11044488977955912,0.0006567500531673431,0.008648541057482362,0.026768708019517362,0.007270083064213395,0.01590479095466435,0.00012325006537139416,0.05952562496531755,6.866594776511192e-05,0.06488620897289366,0.9999990880047884,0.6831228732443153,0.33243533386848867,0.000144,1.6e-05,sparse,2.097994,0.40779362490866333,7.197617530822754,300.609375,304.875,4.265625
1000,Gaussian random projection,8,120260434,3,3,4.0,5007,0.019,0.9437554712616069,0.9045780250706763,0.1758457499090582,0.014247875078581274,0.177047458011657,0.005638374947011471,0,0.0,15.021,28.0,5007.765888,5.007765888,15.023297664,0.11044488977955912,0.0006831249920651317,0.00849395792465657,0.0348469999153167,0.010663375025615096,0.006866540992632508,9.774998761713505e-05,0.06181891600135714,7.01249809935689e-05,0.11515466694254428,0.9999990915657953,0.6923038984191171,0.3671373329125345,0.000144,1.6e-05,sparse,2.220898000000002,0.44838708406314254,7.186220169067383,304.875,306.734375,1.859375
1000,Gaussian random projection,9,120260435,3,3,4.0,5014,0.02,0.9407672054112097,0.8996230924514871,0.18030650005675852,0.0129731249762699,0.2083033750532195,0.014449042035266757,0,0.0,15.042,27.0,5007.765888,5.007765888,15.023297664,0.11044488977955912,0.0006993340793997049,0.008365791058167815,0.034845583024434745,0.004788415972143412,0.008885624934919178,0.00023058406077325344,0.057959332945756614,0.00010895903687924147,0.15023008291609585,0.9999993027376091,0.694274257657699,0.40157799993176013,0.000144,1.6e-05,sparse,3.0064879999999974,0.5254726249258965,7.1878767013549805,306.734375,310.875,4.140625
1000,Gaussian random projection,10,120260436,3,3,4.0,5067,0.019,0.9436755002307237,0.9039942133717257,0.17411087499931455,0.013895333046093583,0.16359466698486358,0.009056541020981967,0,0.0,15.201,27.0,5007.765888,5.007765888,15.023297664,0.11044488977955912,0.0006371249910444021,0.00836424995213747,0.021204999997280538,0.004836500040255487,0.004923541913740337,9.320804383605719e-05,0.04020191705785692,6.0292077250778675e-05,0.12332904106006026,0.9999989875397631,0.6810455320589822,0.3515974582405761,0.000144,1.6e-05,sparse,2.5318369999999994,0.4320756670786068,7.209647178649902,310.875,310.921875,0.046875
2000,Gaussian random projection,1,220260427,3,3,4.0,10022,0.0185,0.9452149537772286,0.9066094457746263,0.3410695829661563,0.023344499990344048,0.21102341695223004,0.013762083020992577,0,0.0,15.033,29.0,10044.77184,5.02238592,15.067157759999999,0.11077788894447224,0.001258541946299374,0.017943458980880678,0.015961083001457155,0.0082833330379799,0.004345875000581145,0.0006581249181181192,0.04890237492509186,0.0001919580390676856,0.16192404099274427,0.9999936241436879,0.6880445728555484,0.5754324569134042,3.6e-05,4e-06,sparse,3.250866000000002,0.6830424170475453,14.098957061767578,310.921875,321.640625,10.71875
2000,Gaussian random projection,2,220260428,3,3,4.0,10085,0.014,0.9584200502893631,0.9249192670664561,0.352428084006533,0.023455417016521096,0.30379420798271894,0.010345000075176358,0,0.0,15.1275,30.0,10044.77184,5.02238592,15.067157759999999,0.11077788894447224,0.0013834169367328286,0.01854583399835974,0.03975145798176527,0.007656291010789573,0.06624037493020296,0.00369187502656132,0.13804895896464586,0.00044837500900030136,0.16529112495481968,0.9999950217882014,0.6915373688904506,0.67967195995152,3.6e-05,4e-06,sparse,3.754033000000007,0.8025969999143854,14.12023639678955,321.640625,328.53125,6.890625
2000,Gaussian random projection,3,220260429,3,3,4.0,10030,0.015,0.9554513776437369,0.9209732727456141,0.33568316709715873,0.024238166981376708,0.35545954189728945,0.012111083953641355,0,0.0,15.045,29.0,10044.77184,5.02238592,15.067157759999999,0.11077788894447224,0.0013807499781250954,0.018661500071175396,0.05670874996576458,0.009902457939460874,0.01561529200989753,0.0005512089701369405,0.10362458298914135,0.006319041014648974,0.24550670804455876,0.9999952841642179,0.6942639706246322,0.7153716661268845,3.6e-05,4e-06,sparse,3.9695699999999974,0.8094011669745669,14.0970458984375,328.53125,327.640625,-0.890625
2000,Gaussian random projection,4,220260430,3,3,4.0,10128,0.019,0.9437801956367662,0.9032402562504375,0.3403611669782549,0.024250334012322128,0.38425904198084027,0.00837304093874991,0,0.0,15.192,29.0,10044.77184,5.02238592,15.067157759999999,0.11077788894447224,0.0013640420511364937,0.018849708954803646,0.07198212505318224,0.007188417017459869,0.007973083993420005,0.0004409999819472432,0.10899362503550947,0.0001352920662611723,0.2751245000399649,0.9999939802962847,0.6880586280709973,0.7488649181323126,3.6e-05,4e-06,sparse,4.520947,0.834978291997686,14.13276195526123,327.640625,330.9375,3.296875
2000,Gaussian random projection,5,220260431,3,3,4.0,10088,0.0185,0.9452661638188221,0.9057463657936727,0.32750312506686896,0.02335058304015547,0.3685744170797989,0.008191707893274724,0,0.0,15.132,30.0,10044.77184,5.02238592,15.067157759999999,0.11077788894447224,0.0013090419815853238,0.017827042029239237,0.05967500002589077,0.007135333959013224,0.007810250041075051,0.00028145802207291126,0.09473954106215388,0.0004283749731257558,0.27339862496592104,0.9999953354482132,0.691126557846673,0.7194202491082251,3.6e-05,4e-06,sparse,4.654531999999996,0.8063115000259131,14.119123458862305,330.953125,340.234375,9.28125
2000,Gaussian random projection,6,220260432,3,3,4.0,10131,0.0155,0.9540135366103183,0.9179353959178996,0.3290850829798728,0.025160124991089106,0.3647484590765089,0.008519000024534762,0,0.0,15.1965,31.0,10044.77184,5.02238592,15.067157759999999,0.11077788894447224,0.0013696670066565275,0.018899541930295527,0.03654520900454372,0.0068611669121310115,0.015867457957938313,0.0010217080125585198,0.08099350007250905,0.00012787501327693462,0.28362320899032056,0.9999960473121007,0.6962806807318697,0.7189897920470685,3.6e-05,4e-06,sparse,4.546239999999997,0.8090151250362396,14.1337251663208,340.234375,347.890625,7.65625
2000,Gaussian random projection,7,220260433,3,3,4.0,9938,0.0175,0.9481758576437791,0.909480688718721,0.3379475410329178,0.0231418339535594,0.3800807910738513,0.009820041945204139,0,0.0,14.907,30.0,10044.77184,5.02238592,15.067157759999999,0.11077788894447224,0.0014393749879673123,0.019649125053547323,0.06678083294536918,0.008046375005505979,0.007749041076749563,0.00031983305234462023,0.1052538329968229,0.0003122501075267792,0.27451012493111193,0.9999965846863194,0.6911439732655459,0.7411655830219388,3.6e-05,4e-06,sparse,4.504956999999997,0.8319999580271542,14.069472312927246,347.890625,352.921875,5.03125
2000,Gaussian random projection,8,220260434,3,3,4.0,10107,0.0195,0.942310323420894,0.9035429841176438,0.34873204096220434,0.02466608304530382,0.43330000003334135,0.009104874916374683,0,0.0,15.1605,29.0,10044.77184,5.02238592,15.067157759999999,0.11077788894447224,0.0013954580063000321,0.018412415985949337,0.11042866692878306,0.006640541949309409,0.012896875035949051,0.0002620830200612545,0.1507506660418585,0.00034966703969985247,0.28219266701489687,0.9999954466025688,0.6897946963579266,0.8066911241039634,3.6e-05,4e-06,sparse,4.847807000000003,0.9041473750257865,14.127371788024902,352.921875,354.03125,1.109375
2000,Gaussian random projection,9,220260435,3,3,4.0,10179,0.0155,0.954022024762058,0.9189419894611426,0.35526037495583296,0.02605987503193319,0.6316988749895245,0.010029125027358532,0,0.0,15.2685,33.0,10044.77184,5.02238592,15.067157759999999,0.11077788894447224,0.0013089999556541443,0.02062808396294713,0.28091212501749396,0.00901625002734363,0.0360799579648301,0.00025949999690055847,0.348502041073516,0.00035195902455598116,0.28283949999604374,0.9999960539219082,0.6881058269007011,1.0130137500818819,3.6e-05,4e-06,sparse,6.481004999999996,1.125241959001869,14.152254104614258,354.03125,354.046875,0.015625
2000,Gaussian random projection,10,220260436,3,3,4.0,9948,0.018,0.9466742926084333,0.9074426077398735,0.34200329205486923,0.025000000023283064,0.5914932920131832,0.014979291940107942,0,0.0,14.922,28.0,10044.77184,5.02238592,15.067157759999999,0.11077788894447224,0.0015964169288054109,0.019021374988369644,0.2847858340246603,0.018022333038970828,0.053804666036739945,0.00027779105585068464,0.37805525003932416,0.0006818330148234963,0.21274429198820144,0.9999956288137083,0.6962274621814112,0.9584846671205014,3.6e-05,4e-06,sparse,5.865853000000001,1.0654414589516819,14.066237449645996,354.046875,361.671875,7.625
3000,Gaussian random projection,1,320260427,3,3,4.0,15180,0.022333333333333334,0.9340840143846795,0.8890577253823554,0.4928188750054687,0.036566333030350506,0.2819592501036823,0.013126958976499736,0,0.0,15.18,30.0,15081.793777777777,5.0272645925925925,15.081793777777778,0.11088886422225243,0.0021731670713052154,0.02963379106950015,0.05149295798037201,0.008089291048236191,0.004494666936807334,0.0003486250061541796,0.09670824999921024,0.00010537495836615562,0.18514187505934387,0.9999880486056677,0.6912705450435734,0.8113407080527395,1.6e-05,1.7777777777777777e-06,sparse,4.400804000000008,0.9713687079492956,21.05372428894043,361.671875,374.03125,12.359375
3000,Gaussian random projection,2,320260428,3,3,4.0,15174,0.02266666666666667,0.9331159338402354,0.8879099898920528,0.5026417090557516,0.03711245802696794,0.3664503749459982,0.012701832922175527,0,0.0,15.174,32.0,15081.793777777777,5.0272645925925925,15.081793777777778,0.11088886422225243,0.002317958977073431,0.030999000067822635,0.03579204110428691,0.015956084011122584,0.005682916031219065,0.00029624998569488525,0.09229399997275323,0.000822708010673523,0.27332266699522734,0.9999895513352505,0.6914734495755054,0.9061935420613736,1.6e-05,1.7777777777777777e-06,sparse,4.6710860000000025,1.044984459062107,21.05551242828369,374.03125,374.5,0.46875
3000,Gaussian random projection,3,320260429,3,3,4.0,14850,0.024,0.9292534261521328,0.8819540263395363,0.568346666987054,0.03721358394250274,0.3876257499214262,0.013996707974001765,0,0.0,14.85,32.0,15081.793777777777,5.0272645925925925,15.081793777777778,0.11088886422225243,0.0019954589661210775,0.03138158400543034,0.06192124995868653,0.010663124965503812,0.006963582942262292,0.00020583299919962883,0.11349741695448756,0.0001490419963374734,0.27397545799613,0.9999918569317389,0.6925009999822977,0.9931821678765118,1.6e-05,1.7777777777777777e-06,sparse,4.823323000000002,1.125658250064589,20.94229030609131,374.5,361.28125,-13.21875
3000,Gaussian random projection,4,320260430,3,3,4.0,14997,0.024333333333333332,0.9283197809915407,0.8812635598287176,0.5163890840485692,0.036111292080022395,0.3614610000513494,0.015017165918834507,0,0.0,14.997,28.0,15081.793777777777,5.0272645925925925,15.081793777777778,0.11088886422225243,0.002097583026625216,0.029243499971926212,0.03130799997597933,0.010857708984985948,0.006380125065334141,0.0002054170472547412,0.08053012494929135,0.0001455419696867466,0.28077337495051324,0.9999908380053143,0.6916513250040188,0.9139494179980829,1.6e-05,1.7777777777777777e-06,sparse,4.689059,1.0593120420817286,20.993353843688965,361.28125,371.25,9.96875
3000,Gaussian random projection,5,320260431,3,3,4.0,15076,0.022333333333333334,0.9341104548541289,0.8892196377469982,0.49375020898878574,0.03662758297286928,0.36535791703499854,0.01209225005004555,0,0.0,15.076,32.0,15081.793777777777,5.0272645925925925,15.081793777777778,0.11088886422225243,0.0020999580156058073,0.030615625088103116,0.047218959080055356,0.0071851249085739255,0.005537791992537677,0.00030645797960460186,0.09388554200995713,0.00021545798517763615,0.27125141699798405,0.9999901944578609,0.6887721839814063,0.8957302089547738,1.6e-05,1.7777777777777777e-06,sparse,4.553145999999998,1.0585212499136105,21.0262451171875,371.25,380.0,8.75
3000,Gaussian random projection,6,320260432,3,3,4.0,15250,0.024,0.9292910648245397,0.8826456276215005,0.5272500840947032,0.037751291994936764,0.767821375047788,0.017149999970570207,0,0.0,15.25,29.0,15081.793777777777,5.0272645925925925,15.081793777777778,0.11088886422225243,0.00204904202837497,0.030242125038057566,0.390586041030474,0.013316582888364792,0.045246124966070056,0.0010683340951800346,0.4835620420053601,0.000276917009614408,0.28397437499370426,0.9999905879353823,0.6861496781997183,1.3328147100983188,1.6e-05,1.7777777777777777e-06,sparse,7.82905199999999,1.4970480839256197,21.086342811584473,380.0,380.21875,0.21875
3000,Gaussian random projection,7,320260433,3,3,4.0,14886,0.023333333333333334,0.9311978577393781,0.8849745789800573,0.49978908395860344,0.03759000007994473,0.7390622909879312,0.013350667082704604,0,0.0,14.886,28.0,15081.793777777777,5.0272645925925925,15.081793777777778,0.11088886422225243,0.002254875027574599,0.03049074998125434,0.34054008300881833,0.018331457977183163,0.05450254096649587,0.00026641704607754946,0.44669766596052796,0.00026133295614272356,0.2920991249848157,0.9999908479854673,0.6886958370190073,1.2764372079400346,1.6e-05,1.7777777777777777e-06,sparse,7.384893000000005,1.4319667499512434,20.952030181884766,380.21875,375.171875,-5.046875
3000,Gaussian random projection,8,320260434,3,3,4.0,15233,0.023333333333333334,0.9311796848888803,0.8845183598348566,0.5644482910865918,0.03928641707170755,0.42105729202739894,0.011178665910847485,0,0.0,15.233,33.0,15081.793777777777,5.0272645925925925,15.081793777777778,0.11088886422225243,0.0020800000056624413,0.033281665993854403,0.06934287503827363,0.019953625043854117,0.010895709041506052,0.00020837504416704178,0.13876079197507352,0.0003952080151066184,0.2818952089874074,0.999991154707889,0.6915032260523436,1.0247859171358868,1.6e-05,1.7777777777777777e-06,sparse,4.988169000000013,1.166618708986789,21.07529354095459,375.171875,379.671875,4.5
3000,Gaussian random projection,9,320260435,3,3,4.0,15192,0.019666666666666666,0.9418619709549845,0.9002710843358488,0.4997199169592932,0.03512670798227191,0.3616262909490615,0.014095041085965931,0,0.0,15.192,29.0,15081.793777777777,5.0272645925925925,15.081793777777778,0.11088886422225243,0.0019640830578282475,0.027766125043854117,0.06923495896626264,0.009693791973404586,0.007415291969664395,0.00020608305931091309,0.11687841697130352,0.0017645420739427209,0.24297783302608877,0.9999927637044109,0.684673661090714,0.8964674170129001,1.6e-05,1.7777777777777777e-06,sparse,4.681425999999988,1.037016125046648,21.061923027038574,379.671875,391.953125,12.28125
3000,Gaussian random projection,10,320260436,3,3,4.0,15256,0.026,0.9235036471687147,0.8753155757526453,0.49631608300842345,0.03507070895284414,0.4097442500060424,0.013850499992258847,0,0.0,15.256,31.0,15081.793777777777,5.0272645925925925,15.081793777777778,0.11088886422225243,0.002031833049841225,0.028214166057296097,0.09874704107642174,0.013833541073836386,0.008564917021431029,0.00022133300080895424,0.1519950000802055,0.00023424997925758362,0.2575109169119969,0.9999914134756392,0.6906683636410686,0.9411269589327276,1.6e-05,1.7777777777777777e-06,sparse,5.013485000000003,1.0740670419763774,21.08538818359375,391.953125,399.4375,7.484375
4000,Gaussian random projection,1,420260427,3,3,4.0,19993,0.022,0.9350539448934837,0.8903115455966852,0.6651791670592502,0.05233554099686444,0.4952932499581948,0.017146250000223517,0,0.0,14.99475,29.0,20118.830368,5.029707591999999,15.089122776,0.11094447223611806,0.0027594580315053463,0.04210374993272126,0.128247290966101,0.013668584055267274,0.0073038749396800995,0.0014563750009983778,0.19638262502849102,0.0003363749710842967,0.2985677910037339,0.999986651106344,0.6874169396615649,1.2128014990594238,9e-06,1e-06,sparse,5.839636000000013,1.4197045830078423,27.89626407623291,399.4375,369.671875,-29.765625
4000,Gaussian random projection,2,420260428,3,3,4.0,20167,0.0205,0.93946699959417,0.8970392890315396,0.896545791067183,0.052182290935888886,0.40664000005926937,0.01495004107709974,0,0.0,15.12525,30.0,20118.830368,5.029707591999999,15.089122776,0.11094447223611806,0.002680749981664121,0.03837862506043166,0.06066033395472914,0.008670124923810363,0.008057332946918905,0.0003489169757813215,0.11921641696244478,0.0001188330352306366,0.28730120800901204,0.9999830054665344,0.6887652575292714,1.3553645400097594,9e-06,1e-06,sparse,5.3799980000000005,1.539915999979712,27.958965301513672,369.671875,322.453125,-47.21875
4000,Gaussian random projection,3,420260429,3,3,4.0,20208,0.022,0.9350764213403195,0.8902653558150037,0.6699273750418797,0.04844033299013972,0.4312589159235358,0.018268208019435406,0,0.0,15.156,30.0,20118.830368,5.029707591999999,15.089122776,0.11094447223611806,0.0028071660781279206,0.04054070892743766,0.17174824990797788,0.011347624938935041,0.007908000028692186,0.00025241600815206766,0.23518116597551852,0.0009160001063719392,0.19515362498350441,0.9999859306984055,0.6899227760673264,1.1496184990974143,9e-06,1e-06,sparse,5.507725999999991,1.3414717499399558,27.97464942932129,322.453125,335.390625,12.9375
4000,Gaussian random projection,4,420260430,3,3,4.0,20018,0.022,0.93506718327355,0.8905794250717639,0.6455697090132162,0.046953458921052516,0.4390204589581117,0.03141387505456805,0,0.0,15.0135,30.0,20118.830368,5.029707591999999,15.089122776,0.11094447223611806,0.0026852909941226244,0.041923291981220245,0.12762158294208348,0.02344212494790554,0.016361583024263382,0.0002739169867709279,0.21525683300569654,0.003414875012822449,0.2203394160605967,0.9999839049230694,0.6916402794304478,1.1315342920133844,9e-06,1e-06,sparse,5.274891999999994,1.362115417025052,27.90116786956787,335.390625,346.125,10.734375
4000,Gaussian random projection,5,420260431,3,3,4.0,20266,0.0215,0.9365218821707207,0.8924147724191871,0.7222751670051366,0.047217417042702436,0.49740116705652326,0.017802209011279047,0,0.0,15.1995,32.0,20118.830368,5.029707591999999,15.089122776,0.11094447223611806,0.002724291989579797,0.04875025001820177,0.10834583302494138,0.018825915991328657,0.03237849997822195,0.0002199580194428563,0.2118285830365494,0.0005003750557079911,0.28506637492682785,0.9999841105448412,0.6894675245661636,1.2668879170669243,9e-06,1e-06,sparse,5.924167000000011,1.473997125052847,27.993255615234375,346.125,358.5,12.375
4000,Gaussian random projection,6,420260432,3,3,4.0,20082,0.02625,0.9227977480866073,0.8737587969226401,0.6598006669664755,0.04556774999946356,0.2635468329535797,0.0201697499724105,0,0.0,15.0615,29.0,20118.830368,5.029707591999999,15.089122776,0.11094447223611806,0.002642374951392412,0.03835687506943941,0.0744799580425024,0.00927066698204726,0.004295459017157555,0.0027254580054432154,0.1322808749973774,0.0002601670566946268,0.13100212498102337,0.9999859077367848,0.687517046227814,0.9689115840010345,9e-06,1e-06,sparse,4.342932000000019,1.1912274160422385,27.928958892822266,358.5,363.9375,5.4375
4000,Gaussian random projection,7,420260433,3,3,4.0,20199,0.01725,0.9488901671711206,0.9100040851997316,0.6546660410240293,0.04778841696679592,0.4746560000348836,0.015372625086456537,0,0.0,15.14925,31.0,20118.830368,5.029707591999999,15.089122776,0.11094447223611806,0.0028141250368207693,0.040868917014449835,0.10216125007718801,0.017404916929081082,0.023018041043542325,0.00032962497789412737,0.19080841599497944,0.0006238749483600259,0.2832180829718709,0.9999874860481611,0.6867817475933335,1.1771048319060355,9e-06,1e-06,sparse,5.772282999999987,1.357823250000365,27.969889640808105,363.9375,367.984375,4.046875
4000,Gaussian random projection,8,420260434,3,3,4.0,20395,0.0205,0.9394302341197854,0.8963149262683163,0.6993293750565499,0.05209362495224923,0.6267418329371139,0.024341083015315235,0,0.0,15.29625,31.0,20118.830368,5.029707591999999,15.089122776,0.11094447223611806,0.0028958750190213323,0.056117250001989305,0.3805882080923766,0.011548208072781563,0.01212866697460413,0.00038195797242224216,0.46416516706813127,0.00019916705787181854,0.16237120795994997,0.9999848377286145,0.6896987021060993,1.3781585420947522,9e-06,1e-06,sparse,6.5922660000000235,1.6013969170162454,28.043472290039062,367.984375,368.28125,0.296875
4000,Gaussian random projection,9,420260435,3,3,4.0,20116,0.02375,0.9300087332686837,0.8832727310253274,0.6417105830041692,0.04489395907148719,0.2836751670110971,0.017140167066827416,0,0.0,15.087,31.0,20118.830368,5.029707591999999,15.089122776,0.11094447223611806,0.0026231249794363976,0.038306583068333566,0.0803755420492962,0.019635166972875595,0.006439541932195425,0.0012519159354269505,0.14925975003279746,0.00041687488555908203,0.13399433298036456,0.9999870639883994,0.6839350376786192,0.9702754999743775,9e-06,1e-06,sparse,4.483137999999997,1.1887110410025343,27.94065761566162,368.28125,373.765625,5.484375
4000,Gaussian random projection,10,420260436,3,3,4.0,20150,0.02275,0.9329086422404674,0.8883541752126098,0.6552497920347378,0.046804290963336825,0.2940907919546589,0.01874049997422844,0,0.0,15.1125,32.0,20118.830368,5.029707591999999,15.089122776,0.11094447223611806,0.0028037079609930515,0.0409974999492988,0.07392083306331187,0.00949383294209838,0.01189312501810491,0.0003569170366972685,0.14005291601642966,0.000633333926089108,0.15339495905209333,0.9999860930355123,0.6875837559429819,0.9961352919926867,9e-06,1e-06,sparse,4.585222000000016,1.2163925409549847,27.957018852233887,373.765625,379.28125,5.515625
5000,Gaussian random projection,1,520260427,3,3,4.0,25299,0.0178,0.9472960201854131,0.9087261180835993,0.8074462080840021,0.058763334061950445,0.34732670802623034,0.017872583004646003,0,0.0,15.1794,35.0,25155.864294400002,5.031172858880001,15.093518576640001,0.11097779555911182,0.0034482500050216913,0.0505031660431996,0.09282562509179115,0.015670833992771804,0.012278209091164172,0.0003992499550804496,0.1760595829691738,0.0003947499208152294,0.17086783307604492,0.999979705640943,0.6926351196966938,1.2135317081119865,5.76e-06,6.4e-07,sparse,5.173348000000004,1.4574264999246225,34.91020202636719,379.28125,400.984375,21.703125
5000,Gaussian random projection,2,520260428,3,3,4.0,25334,0.0218,0.9356571361916002,0.8911457199713048,0.8145439999643713,0.05788412503898144,0.31607275002170354,0.028121833922341466,0,0.0,15.2004,30.0,25155.864294400002,5.031172858880001,15.093518576640001,0.11097779555911182,0.0032986250007525086,0.05425512499641627,0.09114100004080683,0.03987304191105068,0.008555958978831768,0.0019068749388679862,0.19964299991261214,0.0006904170149937272,0.11573474993929267,0.9999842980107215,0.6907586674621279,1.1884962918702513,5.76e-06,6.4e-07,sparse,4.843293999999986,1.4654826670885086,34.92339324951172,400.984375,403.921875,2.9375
5000,Gaussian random projection,3,520260429,3,3,4.0,25219,0.0224,0.9339202438532682,0.8887932107618304,0.818034666008316,0.05748837499413639,0.3207593330880627,0.022870999993756413,0,0.0,15.1314,28.0,25155.864294400002,5.031172858880001,15.093518576640001,0.11097779555911182,0.0032104169949889183,0.04978350002784282,0.0970403749961406,0.019343874999321997,0.0048589169746264815,0.0002603749744594097,0.17552808299660683,0.0003421669825911522,0.14488224999513477,0.9999835483979975,0.6896083194412544,1.1962755409767851,5.76e-06,6.4e-07,sparse,5.031710000000004,1.4492547500412911,34.882012367248535,403.921875,406.0,2.078125
5000,Gaussian random projection,4,520260430,3,3,4.0,25201,0.0204,0.9397183181987405,0.8971436920329224,0.800636374973692,0.056711041019298136,0.3916642089607194,0.028427540906704962,0,0.0,15.1206,30.0,25155.864294400002,5.031172858880001,15.093518576640001,0.11097779555911182,0.0033304999815300107,0.049798958003520966,0.10581524996086955,0.029766666004434228,0.00844574999064207,0.0005792500451207161,0.19841441698372364,0.00018079194705933332,0.19306466705165803,0.9999775815148529,0.6915852470171768,1.2490072919754311,5.76e-06,6.4e-07,sparse,5.465552000000002,1.4972911659860983,34.874112129211426,406.0,406.0,0.0
5000,Gaussian random projection,5,520260431,3,3,4.0,25321,0.0214,0.936811917098277,0.8926555443131557,0.817522625089623,0.06166533299256116,0.37140937510412186,0.03415412502363324,0,0.0,15.1926,30.0,25155.864294400002,5.031172858880001,15.093518576640001,0.11097779555911182,0.0033725829562172294,0.05527925002388656,0.07809108297806233,0.03418137494008988,0.013734084088355303,0.0003597079776227474,0.18657954107038677,0.0017790000420063734,0.18304295791313052,0.9999755621522978,0.693827689423768,1.2505894571077079,5.76e-06,6.4e-07,sparse,5.196676999999994,1.5083884589839727,34.91476249694824,406.0,418.703125,12.703125
5000,Gaussian random projection,6,520260432,3,3,4.0,25090,0.0238,0.9298454580667893,0.8830698242539519,0.7875035830074921,0.05701141699682921,0.33936279197223485,0.029177874908782542,0,0.0,15.054,29.0,25155.864294400002,5.031172858880001,15.093518576640001,0.11097779555911182,0.0033807919826358557,0.05045504204463214,0.07206725003197789,0.016807209001854062,0.007266624947078526,0.0002940420527011156,0.15092741593252867,0.00031466700602322817,0.18811399990227073,0.9999685310843593,0.6903181203842198,1.183871082845144,5.76e-06,6.4e-07,sparse,5.090472000000005,1.4327636250527576,34.835859298706055,418.703125,428.65625,9.953125
5000,Gaussian random projection,7,520260433,3,3,4.0,24849,0.0224,0.9339136018747531,0.8890452026182012,0.795008874963969,0.05672762496396899,0.3795912499772385,0.027691291994415224,0,0.0,14.9094,30.0,25155.864294400002,5.031172858880001,15.093518576640001,0.11097779555911182,0.003368083038367331,0.0500447079539299,0.07445741700939834,0.012360291904769838,0.007757500046864152,0.002014417084865272,0.150877375039272,0.0003595829475671053,0.2283470000838861,0.9999771223127457,0.6939687515429668,1.2313204579986632,5.76e-06,6.4e-07,sparse,5.3147559999999885,1.4671582079026848,34.75319004058838,428.65625,434.90625,6.25
5000,Gaussian random projection,8,520260434,3,3,4.0,24912,0.0284,0.9166407438202103,0.8655659794072961,0.835351207992062,0.061162250000052154,0.4559380830032751,0.02453574992250651,0,0.0,14.9472,31.0,25155.864294400002,5.031172858880001,15.093518576640001,0.11097779555911182,0.003421999979764223,0.05862633395008743,0.10995683295186609,0.024607540923170745,0.008200249983929098,0.00039304094389081,0.2063838749891147,0.0006892910460010171,0.24885733297560364,0.9999812365151896,0.6843598714392201,1.3524439570028335,5.76e-06,6.4e-07,sparse,5.851480999999978,1.5736344999168068,34.76980113983154,434.90625,423.765625,-11.140625
5000,Gaussian random projection,9,520260435,3,3,4.0,25141,0.0212,0.9373904312649188,0.8932862070213096,0.7999973749974743,0.056217208970338106,0.3508188750129193,0.030389708932489157,0,0.0,15.0846,31.0,25155.864294400002,5.031172858880001,15.093518576640001,0.11097779555911182,0.0032772920094430447,0.049513916950672865,0.07536258397158235,0.009754959028214216,0.004837917047552764,0.00023970799520611763,0.14365274994634092,0.00047312502283602953,0.20668862503953278,0.9999815669143695,0.6934454972863541,1.207029083976522,5.76e-06,6.4e-07,sparse,5.232857999999993,1.4471736670238897,34.850603103637695,423.765625,435.859375,12.09375
5000,Gaussian random projection,10,520260436,3,3,4.0,25450,0.0214,0.936817649030884,0.8927346504520052,0.8176943750586361,0.06004741706419736,0.4791635839501396,0.02749795897398144,0,0.0,15.27,35.0,25155.864294400002,5.031172858880001,15.093518576640001,0.11097779555911182,0.0033282919321209192,0.0596761250635609,0.1519974999828264,0.021801959024742246,0.00833770795725286,0.001752916956320405,0.2476829580264166,0.0006703329272568226,0.23080500005744398,0.9999762772068121,0.6887221742974656,1.3569000831339508,5.76e-06,6.4e-07,sparse,5.8044900000000155,1.6013602080056444,34.96592712402344,435.859375,435.921875,0.0625
6000,Gaussian random projection,1,620260427,3,3,4.0,29974,0.021666666666666667,0.9360419497684564,0.8916712352449456,0.9568513750564307,0.06825904198922217,0.4463696659076959,0.03348541702143848,0,0.0,14.987,33.0,30192.89688888889,5.032149481481482,15.096448444444444,0.1109999938302488,0.004007708979770541,0.06104266596958041,0.10114195896312594,0.03794404200743884,0.006606292095966637,0.0003537079319357872,0.21234129194635898,0.0001550830202177167,0.23386762500740588,0.9999779251089511,0.6952517389782331,1.4714744170196354,4e-06,4.4444444444444444e-07,sparse,6.136369000000002,1.7429901249706745,41.69590950012207,435.921875,461.34375,25.421875
6000,Gaussian random projection,2,620260428,3,3,4.0,29878,0.023333333333333334,0.9312103031365506,0.8847889004461862,0.9601092080119997,0.0688427499262616,0.4727940419688821,0.021156499977223575,0,0.0,14.939,31.0,30192.89688888889,5.032149481481482,15.096448444444444,0.1109999938302488,0.003927999990992248,0.0633969169575721,0.08470462495461106,0.022904542041942477,0.00780333299189806,0.0003695420455187559,0.18461229198146611,0.0007370829116553068,0.28744016599375755,0.9999705352849535,0.689246093766746,1.5017414988251403,4e-06,4.4444444444444444e-07,sparse,6.074516999999986,1.7764014160493389,41.662485122680664,461.34375,470.0,8.65625
6000,Gaussian random projection,3,620260429,3,3,4.0,30106,0.029,0.9149309065842053,0.8636649252247771,1.023307834053412,0.07313820801209658,0.46445925009902567,0.02347379201091826,0,0.0,15.053,30.0,30192.89688888889,5.032149481481482,15.096448444444444,0.1109999938302488,0.0039652499835938215,0.06195350002963096,0.08636037493124604,0.015882874955423176,0.013509709038771689,0.000508291064761579,0.18324116698931903,0.00045108399353921413,0.2807628749869764,0.9999714449653716,0.6792326174003327,1.5609011680353433,4e-06,4.4444444444444444e-07,sparse,5.723854000000017,1.849564166041091,41.74222660064697,470.0,471.28125,1.28125
6000,Gaussian random projection,4,620260430,3,3,4.0,29746,0.028666666666666667,0.9158227569766183,0.8637135037096018,1.0081939999945462,0.07047595793846995,0.5053263750160113,0.022381499991752207,1,0.00016666666666666666,14.873,31.0,30192.89688888889,5.032149481481482,15.096448444444444,0.1109999938302488,0.004126208019442856,0.06449608295224607,0.11871204199269414,0.02891962497960776,0.006752124987542629,0.0007012500427663326,0.22434795799199492,0.00048037501983344555,0.28049470798578113,0.9999647810360323,0.6903759926341163,1.5839929989306256,4e-06,4.4444444444444444e-07,sparse,6.439184000000012,1.853194584022276,41.61623668670654,471.28125,470.4375,-0.84375
6000,Gaussian random projection,5,620260431,3,3,4.0,30350,0.027833333333333335,0.918248918760861,0.8673734314352458,1.049419708084315,0.07206037500873208,0.44664966699201614,0.031028041965328157,0,0.0,15.175,31.0,30192.89688888889,5.032149481481482,15.096448444444444,0.1109999938302488,0.004080499988049269,0.0720317920204252,0.1046411250717938,0.01743891602382064,0.005911458982154727,0.000448790960945189,0.2050692499615252,0.0001307500060647726,0.24144574999809265,0.9999676097936687,0.6843648511477307,1.5681258330587298,4e-06,4.4444444444444444e-07,sparse,6.049164000000019,1.8275425840402022,41.83270835876465,470.4375,389.828125,-80.609375
6000,Gaussian random projection,6,620260432,3,3,4.0,30490,0.022166666666666668,0.9346151680049524,0.8899565000460182,0.9851695830002427,0.06944720796309412,0.4613865000428632,0.020478249993175268,0,0.0,15.245,32.0,30192.89688888889,5.032149481481482,15.096448444444444,0.1109999938302488,0.003990833996795118,0.06216741702519357,0.09283220791257918,0.020980917033739388,0.007863582926802337,0.00038166705053299665,0.1898294580169022,0.0003774169599637389,0.27117545797955245,0.9999713916572583,0.6908434436257667,1.5159991239197552,4e-06,4.4444444444444444e-07,sparse,6.3198959999999715,1.7721824999898672,41.887624740600586,389.828125,408.71875,18.890625
6000,Gaussian random projection,7,620260433,3,3,4.0,30138,0.02666666666666667,0.9215868533490301,0.8719922071301313,0.9827345419907942,0.07152920903172344,0.35142345796339214,0.02945462497882545,0,0.0,15.069,32.0,30192.89688888889,5.032149481481482,15.096448444444444,0.1109999938302488,0.004098000004887581,0.07214895798824728,0.11907416593749076,0.0389507079962641,0.009398207999765873,0.0014245000202208757,0.2469497499987483,0.0005148749332875013,0.10395124997012317,0.9999759222575281,0.6875828294653313,1.4056796259246767,4e-06,4.4444444444444444e-07,sparse,5.2304059999999595,1.7184832079801708,41.757412910461426,408.71875,420.0625,11.34375
6000,Gaussian random projection,8,620260434,3,3,4.0,30554,0.024,0.9292708043758574,0.8822123853522275,0.9522038750583306,0.06843470898456872,0.38314008398447186,0.03351741598453373,0,0.0,15.277,30.0,30192.89688888889,5.032149481481482,15.096448444444444,0.1109999938302488,0.0040093749994412065,0.06165024999063462,0.05454350006766617,0.021382665960118175,0.004999874974600971,0.00029012502636760473,0.14802783308550715,0.0006137500749900937,0.234493708005175,0.9999776452946099,0.6865371389833347,1.4037738752085716,4e-06,4.4444444444444444e-07,sparse,5.552368999999999,1.6730069590266794,41.90862274169922,420.0625,433.59375,13.53125
6000,Gaussian random projection,9,620260435,3,3,4.0,30184,0.024666666666666667,0.9273489340417505,0.8794202831331748,0.9659067909233272,0.070666000014171,0.46533866703975946,0.021055874996818602,0,0.0,15.092,30.0,30192.89688888889,5.032149481481482,15.096448444444444,0.1109999938302488,0.004168750019744039,0.06852966593578458,0.08322100003715605,0.020095125073567033,0.007307374966330826,0.000301209045574069,0.18404279195237905,0.0004439159529283643,0.28084758401382715,0.9999770729669298,0.6883002138197494,1.5019070828566328,4e-06,4.4444444444444444e-07,sparse,6.064851000000033,1.7717990829842165,41.774685859680176,433.59375,439.171875,5.578125
6000,Gaussian random projection,10,620260436,3,3,4.0,30448,0.026,0.923510170735822,0.8744490978991702,0.9778455829946324,0.06872279196977615,0.4298007090110332,0.02537716703955084,0,0.0,15.224,30.0,30192.89688888889,5.032149481481482,15.096448444444444,0.1109999938302488,0.0038958329241722822,0.06474054208956659,0.08256687503308058,0.013186082942411304,0.00887504208367318,0.00039312499575316906,0.1745154591044411,0.0001376670552417636,0.2551439170492813,0.9999664145967316,0.6861569766283642,1.4763654181733727,4e-06,4.4444444444444444e-07,sparse,6.006098000000009,1.7390395840629935,41.870089530944824,439.171875,439.171875,0.0
7000,Gaussian random projection,1,720260427,3,3,4.0,35736,0.03142857142857143,0.9079220828751519,0.8537639312151054,1.1349302920280024,0.08285274996887892,0.5326769580133259,0.022824957966804504,0,0.0,15.315428571428571,34.0,35229.93481404082,5.03284783057726,15.09854349173178,0.11101588208876005,0.004296915954910219,0.08542925002984703,0.11861637502443045,0.01588366599753499,0.010056665982119739,0.0003934999695047736,0.23509912507142872,0.0011991249630227685,0.296372834010981,0.999961607677955,0.6819109328651535,1.7504541260423139,2.9387755102040816e-06,3.26530612244898e-07,sparse,6.766028000000006,2.092017582966946,48.880157470703125,439.171875,477.9375,38.765625
7000,Gaussian random projection,2,720260428,3,3,4.0,34870,0.03542857142857143,0.8965103316467778,0.8384826308105633,1.093944292049855,0.0791685419389978,0.4112350828945637,0.04046625003684312,0,0.0,14.944285714285714,33.0,35229.93481404082,5.03284783057726,15.09854349173178,0.11101588208876005,0.004691959009505808,0.07635791704524308,0.07989599998109043,0.01672095898538828,0.005809333059005439,0.0004521670052781701,0.18528208299539983,0.00039383291732519865,0.22554916702210903,0.9999689676193413,0.6852511813127006,1.5843379169236869,2.9387755102040816e-06,3.26530612244898e-07,sparse,5.887693000000013,1.8961190829286352,48.56502819061279,477.9375,478.53125,0.59375
7000,Gaussian random projection,3,720260429,3,3,4.0,35319,0.03457142857142857,0.8989774307412008,0.8426105096531196,1.1374491659225896,0.07972054206766188,0.5356708751060069,0.02963200001977384,0,0.0,15.136714285714286,32.0,35229.93481404082,5.03284783057726,15.09854349173178,0.11101588208876005,0.004864083020947874,0.08465029194485396,0.1323070420185104,0.054589333944022655,0.00774300005286932,0.0003541250480338931,0.2853026670636609,0.00014758401084691286,0.25021662504877895,0.9999548741912503,0.6811618232450566,1.7528365841135383,2.9387755102040816e-06,3.26530612244898e-07,sparse,6.799834999999973,2.074746874975972,48.73064613342285,478.53125,477.875,-0.65625
7000,Gaussian random projection,4,720260430,3,3,4.0,35319,0.029285714285714286,0.9140792242204613,0.8616272979324178,1.1257481669308618,0.08025995804928243,0.43847675004508346,0.024695917032659054,0,0.0,15.136714285714286,34.0,35229.93481404082,5.03284783057726,15.09854349173178,0.11101588208876005,0.004627374932169914,0.07432316604536027,0.08218629204202443,0.014611624996177852,0.005204666987992823,0.0018837080569937825,0.18327458295971155,0.00043495791032910347,0.25476329191587865,0.9999678480839305,0.6845212946542619,1.6444809577660635,2.9387755102040816e-06,3.26530612244898e-07,sparse,6.112825999999984,1.9399399999529123,48.72182369232178,477.875,478.46875,0.59375
7000,Gaussian random projection,5,720260431,3,3,4.0,35157,0.026285714285714287,0.9226797341228625,0.8729147118439478,1.1159411249682307,0.08134991605766118,0.4067149170441553,0.03662725002504885,0,0.0,15.067285714285715,32.0,35229.93481404082,5.03284783057726,15.09854349173178,0.11101588208876005,0.004780333023518324,0.0893211669754237,0.09655158303212374,0.03306595794856548,0.008315833052620292,0.000433583976700902,0.23328758298885077,0.0009049579966813326,0.17251425003632903,0.9999633667206396,0.6827208024797538,1.603997832047753,2.9387755102040816e-06,3.26530612244898e-07,sparse,5.683748000000037,1.9453880420187488,48.66640853881836,478.46875,479.5,1.03125
7000,Gaussian random projection,6,720260432,3,3,4.0,35350,0.028428571428571428,0.9165136604243703,0.8644893994207327,1.1063379580155015,0.07927087496500462,0.42736954195424914,0.03539999993517995,0,0.0,15.15,30.0,35229.93481404082,5.03284783057726,15.09854349173178,0.11101588208876005,0.004650208982639015,0.07404870796017349,0.07419925008434802,0.0356182079995051,0.0077651250176131725,0.0003306659637019038,0.1973964999197051,0.0011578330304473639,0.2288079580757767,0.9999705022434562,0.688702931009698,1.6129711240064353,2.9387755102040816e-06,3.26530612244898e-07,sparse,6.033511000000033,1.921914333011955,48.7363166809082,479.5,479.09375,-0.40625
7000,Gaussian random projection,7,720260433,3,3,4.0,35127,0.025,0.9263936796961555,0.8781172955551029,1.1084656250895932,0.08084137504920363,0.5104357079835609,0.025958625017665327,0,0.0,15.054428571428572,30.0,35229.93481404082,5.03284783057726,15.09854349173178,0.11101588208876005,0.004599166917614639,0.0902497909264639,0.1134329589549452,0.031455500051379204,0.0063795410096645355,0.001419957960024476,0.24903837509918958,0.00034579099155962467,0.2610454160021618,0.9999625757940348,0.6894728281990133,1.6997365822317079,2.9387755102040816e-06,3.26530612244898e-07,sparse,6.447945000000004,2.0214217499597,48.65572547912598,479.09375,479.65625,0.5625
7000,Gaussian random projection,8,720260434,3,3,4.0,35502,0.033428571428571426,0.902254278995008,0.8465152503201304,1.1400184170342982,0.07944079104345292,0.40375808300450444,0.022558458033017814,0,0.0,15.215142857142856,33.0,35229.93481404082,5.03284783057726,15.09854349173178,0.11101588208876005,0.00479825004003942,0.07462691597174853,0.0786203749012202,0.020897625014185905,0.006730415974743664,0.0005345420213416219,0.18748829199466854,0.0005551669746637344,0.2157097919844091,0.9999689841159256,0.6839651453975691,1.6232124590314925,2.9387755102040816e-06,3.26530612244898e-07,sparse,5.932315000000017,1.9312430419959128,48.797494888305664,479.65625,479.140625,-0.515625
7000,Gaussian random projection,9,720260435,3,3,4.0,35029,0.03542857142857143,0.8965268225503977,0.8386423638188079,1.1020964999916032,0.08078308391850442,0.554843541001901,0.022808165987953544,0,0.0,15.012428571428572,35.0,35229.93481404082,5.03284783057726,15.09854349173178,0.11101588208876005,0.004707125015556812,0.08470283297356218,0.10944979102350771,0.052631166065111756,0.009652041946537793,0.0014273750130087137,0.2631461250130087,0.00028129201382398605,0.2914114170707762,0.9999601999014521,0.6857853972531261,1.7377184180077165,2.9387755102040816e-06,3.26530612244898e-07,sparse,6.672750000000008,2.075137334060855,48.6204137802124,479.140625,475.109375,-4.03125
7000,Gaussian random projection,10,720260436,3,3,4.0,35050,0.031714285714285716,0.9070955701031842,0.8525907652536406,1.1414553340291604,0.08098108402919024,0.4815034579951316,0.034874166012741625,0,0.0,15.021428571428572,34.0,35229.93481404082,5.03284783057726,15.09854349173178,0.11101588208876005,0.004722540965303779,0.08496504195500165,0.12114879104774445,0.03344862500671297,0.007504042005166411,0.0005447909934446216,0.253478082944639,0.00022733397781848907,0.22779179201461375,0.9999570084218412,0.6854270259170497,1.703933626995422,2.9387755102040816e-06,3.26530612244898e-07,sparse,6.359557999999993,2.0477697079768404,48.626187324523926,471.78125,471.65625,-0.125
8000,Gaussian random projection,1,820260427,3,3,4.0,40372,0.031125,0.9087938512904408,0.8545403221143434,1.3061385420151055,0.10437249997630715,0.6646939169149846,0.038747332990169525,0,0.0,15.1395,32.0,40266.970740000004,5.033371342500001,15.100114027500002,0.11102778472309038,0.005426791962236166,0.13675979094114155,0.20340304099954665,0.05964079196564853,0.020834832917898893,0.0032597919926047325,0.43051087495405227,0.0007999170338734984,0.23337720893323421,0.9999592647223723,0.6833827081385692,2.0751990429125726,2.25e-06,2.5e-07,sparse,7.311228999999969,2.435657124966383,55.654226303100586,471.65625,455.03125,-16.625
8000,Gaussian random projection,2,820260428,3,3,4.0,40007,0.032875,0.9037780188184964,0.8478064190400371,1.3465972499689087,0.09695854200981557,0.5547365410020575,0.025717832962982357,0,0.0,15.002625,32.0,40266.970740000004,5.033371342500001,15.100114027500002,0.11102778472309038,0.005252708913758397,0.10752941702958196,0.1391099999891594,0.026824041036888957,0.010529792052693665,0.003546208026818931,0.2935845840256661,0.0004122500540688634,0.26073408289812505,0.9999597004039332,0.68761961115849,1.9982867089565843,2.25e-06,2.5e-07,sparse,6.980586000000017,2.363323666038923,55.51753902435303,454.6875,419.703125,-34.984375
8000,Gaussian random projection,3,820260429,3,3,4.0,40187,0.032875,0.9037815905623234,0.847799602748805,1.3506984589621425,0.09357999998610467,0.5307803329778835,0.02542995905969292,0,0.0,15.070125,33.0,40266.970740000004,5.033371342500001,15.100114027500002,0.11102778472309038,0.005366083001717925,0.09135445801075548,0.11131933401338756,0.03558437502942979,0.007752124918624759,0.0005457079969346523,0.2530079589923844,0.0003256669733673334,0.27744124992750585,0.999953320209976,0.6773157997085816,1.9750533348415047,2.25e-06,2.5e-07,sparse,7.001810999999975,2.3259914580266923,55.58101177215576,419.703125,421.78125,2.078125
8000,Gaussian random projection,4,820260430,3,3,4.0,39772,0.038125,0.8888964263873027,0.8290005864339985,1.310481125023216,0.093379957950674,0.6366833749925718,0.027238207985647023,0,0.0,14.9145,30.0,40266.970740000004,5.033371342500001,15.100114027500002,0.11102778472309038,0.005376833025366068,0.10655650007538497,0.16714254207909107,0.04016962496098131,0.011070667067542672,0.0006699999794363976,0.3337225830182433,0.00019812502432614565,0.3027564169606194,0.9999643443497834,0.6813218881112045,2.040538207977079,2.25e-06,2.5e-07,sparse,7.367142999999999,2.419064832967706,55.432960510253906,421.78125,429.890625,8.109375
8000,Gaussian random projection,5,820260431,3,3,4.0,40068,0.031625,0.9073475807036359,0.8524568833096225,1.4847729169996455,0.09129120805300772,1.2958591670030728,0.030856458004564047,0,0.0,15.0255,31.0,40266.970740000004,5.033371342500001,15.100114027500002,0.11102778472309038,0.005170415970496833,0.0927625420736149,0.746134166023694,0.08750870800577104,0.05835245794150978,0.003566583967767656,0.9940100840758532,0.00035620899870991707,0.30148675001692027,0.9999571296468769,0.6840703397413623,2.8719171681441367,2.25e-06,2.5e-07,sparse,10.341183999999998,3.3113895000424236,55.53950119018555,429.890625,338.3125,-91.578125
8000,Gaussian random projection,6,820260432,3,3,4.0,40561,0.02775,0.9184514929251453,0.8675977681021985,1.3970609159441665,0.09154000005219132,0.5252434579888359,0.025757707888260484,0,0.0,15.210375,31.0,40266.970740000004,5.033371342500001,15.100114027500002,0.11102778472309038,0.005358333000913262,0.08961666596587747,0.09614733303897083,0.03873404103796929,0.007176458020694554,0.0004682909930124879,0.238261166960001,0.0003375830128788948,0.2866357499733567,0.9999705454081003,0.6857541325101517,2.0138354159425944,2.25e-06,2.5e-07,sparse,7.07637299999999,2.364013500045985,55.724350929260254,338.3125,365.234375,26.921875
8000,Gaussian random projection,7,820260433,3,3,4.0,40637,0.029875,0.9123666023488992,0.8592086866603441,1.2856647910084575,0.09531783300917596,0.5051719580078498,0.03682362497784197,0,0.0,15.238875,33.0,40266.970740000004,5.033371342500001,15.100114027500002,0.11102778472309038,0.005514750024303794,0.11066641693469137,0.14333550003357232,0.03531883307732642,0.004626291920430958,0.0004249580670148134,0.30058983294293284,0.0003414170350879431,0.2042337079765275,0.9999626998527325,0.6839929984105954,1.8861475819721818,2.25e-06,2.5e-07,sparse,6.411958000000027,2.265356041956693,55.74406909942627,365.234375,365.84375,0.609375
8000,Gaussian random projection,8,820260434,3,3,4.0,40236,0.03225,0.9055696895057248,0.8500482431338517,1.2940640830202028,0.08907695801462978,0.5173273750115186,0.02745704201515764,0,0.0,15.0885,31.0,40266.970740000004,5.033371342500001,15.100114027500002,0.11102778472309038,0.005391042097471654,0.08779141691047698,0.09005491703283042,0.04730241699144244,0.002320332918316126,0.000494792009703815,0.23388029204215854,0.0002139579737558961,0.2832288750214502,0.9999589986176871,0.6860749216692792,1.9004641660721973,2.25e-06,2.5e-07,sparse,7.0153569999999945,2.24669883295428,55.60268783569336,365.84375,370.375,4.53125
8000,Gaussian random projection,9,820260435,3,3,4.0,40386,0.0285,0.9163115472647086,0.8644604986636367,1.3063174170674756,0.09550083393696696,0.5904655000194907,0.02656641707289964,0,0.0,15.14475,33.0,40266.970740000004,5.033371342500001,15.100114027500002,0.11102778472309038,0.005435916944406927,0.11767475004307926,0.13342487497720867,0.051202874979935586,0.007122749928385019,0.0005607919301837683,0.3161347499117255,0.00020454090554267168,0.2741190840024501,0.999969858826336,0.6844569486215415,1.9922766258241609,2.25e-06,2.5e-07,sparse,7.131420999999989,2.334805457969196,55.65880489349365,370.375,370.765625,0.390625
8000,Gaussian random projection,10,820260436,3,3,4.0,40272,0.030125,0.9116410119067285,0.8582482933322299,1.264713375014253,0.08973545802291483,0.5924729580292478,0.026586791966110468,0,0.0,15.102,35.0,40266.970740000004,5.033371342500001,15.100114027500002,0.11102778472309038,0.005236999946646392,0.1007169580552727,0.14414829201996326,0.0502063340973109,0.005722875008359551,0.0004841251065954566,0.3071100830566138,0.0004971671150997281,0.2848585839383304,0.999956127821892,0.6880298026962097,1.9469146671472117,2.25e-06,2.5e-07,sparse,7.298158999999998,2.321836957940832,55.612810134887695,370.765625,372.203125,1.4375
9000,Gaussian random projection,1,920260427,3,3,4.0,45452,0.03188888888888889,0.9065962034348807,0.8516003795427792,1.6666208329843357,0.11272524995729327,1.3206310409586877,0.03625654196366668,0,0.0,15.150666666666666,32.0,45304.005333333334,5.033778370370371,15.101335111111112,0.11103703429446768,0.006713207927532494,0.21458833303768188,0.6151633750414476,0.11883249995298684,0.055414458038285375,0.0008746250532567501,1.0124262910103425,0.0005356660112738609,0.3076607499970123,0.9999572351065924,0.679626908373592,3.0999687899602577,1.7777777777777777e-06,1.9753086419753087e-07,sparse,10.907651000000044,3.5272769590374082,62.58802318572998,372.203125,399.078125,26.875
9000,Gaussian random projection,2,920260428,3,3,4.0,45339,0.034777777777777776,0.8983598786163163,0.8411615258884556,1.5490627920953557,0.10559199994895607,0.5668085840297863,0.027025750023312867,0,0.0,15.113,31.0,45304.005333333334,5.033778370370371,15.101335111111112,0.11103703429446768,0.00546833302360028,0.11377150006592274,0.12264879199210554,0.031142416992224753,0.003553207963705063,0.0024010000051930547,0.27976308297365904,0.00033041706774383783,0.2867092499509454,0.9999550262264226,0.6817948290429455,2.22145754203666,1.7777777777777777e-06,1.9753086419753087e-07,sparse,7.4462950000000205,2.6195737089728937,62.543739318847656,399.078125,403.984375,4.90625
9000,Gaussian random projection,3,920260429,3,3,4.0,45649,0.03188888888888889,0.9066302469297266,0.8517934077242101,1.4917364999419078,0.11002124997321516,0.7273064169567078,0.030279250000603497,0,0.0,15.216333333333333,32.0,45304.005333333334,5.033778370370371,15.101335111111112,0.11103703429446768,0.005504124914295971,0.16546374990139157,0.19823466602247208,0.07036999997217208,0.005686625023372471,0.0007962920935824513,0.44830591697245836,0.0002604159526526928,0.2787347090197727,0.9999536021306494,0.6839552319271768,2.3290587918600067,1.7777777777777777e-06,1.9753086419753087e-07,sparse,7.844557000000009,2.744731375016272,62.65272617340088,402.984375,405.21875,2.234375
9000,Gaussian random projection,4,920260430,3,3,4.0,45479,0.03666666666666667,0.8930165227165032,0.8340214018570928,1.445096416049637,0.10157858300954103,0.4097613749327138,0.04283383407164365,0,0.0,15.159666666666666,31.0,45304.005333333334,5.033778370370371,15.101335111111112,0.11103703429446768,0.005558041972108185,0.11008883407339454,0.09165529091842473,0.05343537498265505,0.0050026660319417715,0.0005044579738751054,0.2667932080803439,0.00016808405052870512,0.14279445901047438,0.9999625606491668,0.6837002776864428,1.956430750200525,1.7777777777777777e-06,1.9753086419753087e-07,sparse,6.148755999999992,2.381199082941748,62.59755897521973,405.21875,404.859375,-0.359375
9000,Gaussian random projection,5,920260431,3,3,4.0,45661,0.03811111111111111,0.8889353903161351,0.8290652681060496,1.5542383330175653,0.10777362494263798,0.49505362496711314,0.04095129098277539,0,0.0,15.220333333333333,32.0,45304.005333333334,5.033778370370371,15.101335111111112,0.11103703429446768,0.005352957989089191,0.12393720808904618,0.12469291698653251,0.03704966697841883,0.0072189170168712735,0.0008749590488150716,0.2999610840342939,0.00036512501537799835,0.1947196249384433,0.9999560422542308,0.6814883682317735,2.1570577919483185,1.7777777777777777e-06,1.9753086419753087e-07,sparse,6.734845000000007,2.564261333900504,62.66348075866699,404.859375,403.8125,-1.046875
9000,Gaussian random projection,6,920260432,3,3,4.0,45521,0.034444444444444444,0.8993374513814352,0.8423169376617515,1.4766472079791129,0.10653570806607604,0.6781235000817105,0.028230833006091416,0,0.0,15.173666666666668,31.0,45304.005333333334,5.033778370370371,15.101335111111112,0.11103703429446768,0.0056432499550282955,0.17008079204242676,0.17223374999593943,0.03803241706918925,0.006119458004832268,0.005066250101663172,0.398063667002134,0.00023245904594659805,0.27982308296486735,0.99995521110705,0.6821704388266885,2.261302125058137,1.7777777777777777e-06,1.9753086419753087e-07,sparse,7.658951000000002,2.6696520840050653,62.61158084869385,403.8125,409.59375,5.78125
9000,Gaussian random projection,7,920260433,3,3,4.0,45024,0.039,0.8864367536547619,0.8260270880138342,1.425468874978833,0.10176874999888241,0.476075749960728,0.04424483305774629,0,0.0,15.008,32.0,45304.005333333334,5.033778370370371,15.101335111111112,0.11103703429446768,0.005404292023740709,0.1095257920678705,0.09246908291243017,0.03745083406101912,0.005032500019297004,0.0004551250021904707,0.25096970796585083,0.00023954198695719242,0.22486283292528242,0.9999614405587216,0.6844041870269313,2.0033097078558058,1.7777777777777777e-06,1.9753086419753087e-07,sparse,6.62768299999999,2.4063708330504596,62.42789554595947,408.734375,410.203125,1.46875
9000,Gaussian random projection,8,920260434,3,3,4.0,45268,0.036222222222222225,0.8942668879109446,0.8354402605513054,1.4514622499700636,0.11013979103881866,0.530566707951948,0.04331954207736999,0,0.0,15.089333333333334,31.0,45304.005333333334,5.033778370370371,15.101335111111112,0.11103703429446768,0.005409249919466674,0.14412275003269315,0.11465320806019008,0.05246195802465081,0.003186458023265004,0.0004384169587865472,0.32075920794159174,0.00017187499906867743,0.20963050005957484,0.9999375477770861,0.6825326302676595,2.0921636240091175,1.7777777777777777e-06,1.9753086419753087e-07,sparse,6.810673000000008,2.491075416910462,62.517300605773926,410.203125,410.796875,0.59375
9000,Gaussian random projection,9,920260435,3,3,4.0,45043,0.035333333333333335,0.8968002009533392,0.8388050381724961,1.4472615829436108,0.10203108307905495,0.5249147919239476,0.04239645809866488,0,0.0,15.014333333333333,31.0,45304.005333333334,5.033778370370371,15.101335111111112,0.11103703429446768,0.0053808329394087195,0.11115254194010049,0.12450295791495591,0.03289312496781349,0.006536874920129776,0.001420290907844901,0.28268004197161645,0.000441916985437274,0.24178508401382715,0.999957657713036,0.6832660364363954,2.0741997089935467,1.7777777777777777e-06,1.9753086419753087e-07,sparse,6.841938999999968,2.491418832913041,62.43849754333496,410.796875,411.078125,0.28125
9000,Gaussian random projection,10,920260436,3,3,4.0,44998,0.03788888888888889,0.8895381890432489,0.8294741562143765,1.4567120419815183,0.10224166698753834,0.5658137920545414,0.028283125022426248,0,0.0,14.999333333333333,31.0,45304.005333333334,5.033778370370371,15.101335111111112,0.11103703429446768,0.005361792049370706,0.1106156250461936,0.09783150011207908,0.04950725007802248,0.003040708019398153,0.0005632080137729645,0.2679452080046758,0.0005817500641569495,0.2972789580235258,0.9999534858519779,0.6824232819870636,2.124759625061415,1.7777777777777777e-06,1.9753086419753087e-07,sparse,7.393283999999994,2.508707541041076,62.42340564727783,411.078125,411.3125,0.234375
10000,Gaussian random projection,1,1020260427,3,3,4.0,50522,0.0301,0.9117193049313664,0.8582030031954909,1.6481741670286283,0.12107762508094311,0.7119463749695569,0.03777229192201048,0,0.0,15.1566,33.0,50341.04325888,5.034104325888,15.102312977664,0.11104444888977795,0.006256916909478605,0.18105362507048994,0.14253512502182275,0.07036966702435166,0.008069291012361646,0.0006869590142741799,0.409928375040181,0.0016363749746233225,0.3003766250330955,0.9999471645045581,0.6840492493068121,2.481193167157471,1.44e-06,1.6e-07,sparse,7.998245999999995,2.9507401670562103,69.51226615905762,411.3125,442.96875,31.65625
10000,Gaussian random projection,2,1020260428,3,3,4.0,50129,0.0402,0.8830484965492315,0.8216148205667079,1.7053697500377893,0.1212095000082627,1.3823846249142662,0.03645649994723499,0,0.0,15.0387,32.0,50341.04325888,5.034104325888,15.102312977664,0.11104444888977795,0.006083208019845188,0.25974075007252395,0.6624851250089705,0.08887333294842392,0.05158216704148799,0.005406041978858411,1.0752592500066385,0.000635584001429379,0.30648091703187674,0.9999380297708357,0.681915102032387,3.2089550010859966,1.44e-06,1.6e-07,sparse,12.480388999999946,3.6687534170923755,69.37898921966553,442.96875,442.9375,-0.03125
10000,Gaussian random projection,3,1020260429,3,3,4.0,50353,0.0353,0.8968815533275144,0.8387770205622039,1.6883756250608712,0.12071441591251642,0.8968579169595614,0.04041008302010596,0,0.0,15.1059,31.0,50341.04325888,5.034104325888,15.102312977664,0.11104444888977795,0.006016999948769808,0.17668733303435147,0.2451721669640392,0.10650241700932384,0.03702579205855727,0.00422966608311981,0.5765127079794183,0.00022545794490724802,0.320114666945301,0.9999453201545954,0.6817167783077063,2.7059428738430142,1.44e-06,1.6e-07,sparse,8.604828999999995,3.1950096249347553,69.45419979095459,442.9375,415.9375,-27.0
10000,Gaussian random projection,4,1020260430,3,3,4.0,50602,0.0349,0.8980290683312854,0.8404386709709543,1.7821688329568133,0.1177762079751119,0.5459063750458881,0.04374416696373373,0,0.0,15.1806,31.0,50341.04325888,5.034104325888,15.102312977664,0.11104444888977795,0.0061790000181645155,0.175311041995883,0.09714879095554352,0.033436583005823195,0.004074083059094846,0.0005515000084415078,0.31708054104819894,0.0002814170438796282,0.22854112496133894,0.9999512940095933,0.6820326052276083,2.4458481239853427,1.44e-06,1.6e-07,sparse,7.238643999999908,2.8871164160082117,69.54523849487305,415.9375,422.546875,6.609375
10000,Gaussian random projection,5,1020260431,3,3,4.0,49985,0.0434,0.8740316071372074,0.8102376692139988,1.595745375030674,0.11190108302980661,0.4243907919153571,0.05662341695278883,0,0.0,14.9955,30.0,50341.04325888,5.034104325888,15.102312977664,0.11104444888977795,0.005962249939329922,0.12728599994443357,0.07885916694067419,0.02776920807082206,0.00517970893997699,0.001446375041268766,0.24703800003044307,0.00021375005599111319,0.17713395797181875,0.9999466162637999,0.6785828263642576,2.1320321661187336,1.44e-06,1.6e-07,sparse,6.323466999999937,2.603692292002961,69.31849002838135,422.546875,433.546875,11.0
10000,Gaussian random projection,6,1020260432,3,3,4.0,50569,0.0388,0.8869653947060492,0.8262874406063814,1.6450234160292894,0.12114116596058011,0.5762980829458684,0.038166915997862816,0,0.0,15.1707,31.0,50341.04325888,5.034104325888,15.102312977664,0.11104444888977795,0.006171875051222742,0.18710324994754046,0.08418533392250538,0.04381024988833815,0.004972958005964756,0.0007295000832527876,0.328220458002761,0.0004348340444266796,0.24723487510345876,0.9999497764307742,0.6804223475494428,2.342054749140516,1.44e-06,1.6e-07,sparse,7.200157999999988,2.7777970420429483,69.5338134765625,433.546875,440.625,7.078125
10000,Gaussian random projection,7,1020260433,3,3,4.0,50578,0.0369,0.8923597740739261,0.8333246786331143,1.604373291018419,0.11786587501410395,0.5017902080435306,0.0429071249673143,0,0.0,15.1734,31.0,50341.04325888,5.034104325888,15.102312977664,0.11104444888977795,0.006133500020951033,0.13823416701052338,0.08172445802483708,0.037013459019362926,0.003783749998547137,0.0013561251107603312,0.26992287498433143,0.0004418339813128114,0.23141875001601875,0.9999554431094627,0.6785600404571079,2.224022625014186,1.44e-06,1.6e-07,sparse,6.929448999999977,2.663733124965802,69.5372724533081,440.625,440.453125,-0.171875
10000,Gaussian random projection,8,1020260434,3,3,4.0,50555,0.0363,0.8940454050903934,0.835390907078512,1.642763416050002,0.11391154211014509,0.5207137919496745,0.04733158403541893,0,0.0,15.1665,33.0,50341.04325888,5.034104325888,15.102312977664,0.11104444888977795,0.0059411670081317425,0.14125895907636732,0.0778153749415651,0.045433875056914985,0.0043564579682424664,0.0004878330510109663,0.2756533329375088,0.00020595896057784557,0.24484945798758417,0.9999416031697453,0.681908785624679,2.277383708045818,1.44e-06,1.6e-07,sparse,6.023781999999983,2.8970036250539124,69.53024768829346,440.453125,440.75,0.296875
10000,Gaussian random projection,9,1020260435,3,3,4.0,50049,0.0398,0.8841601856448076,0.8228398348641656,1.6329172499245033,0.11546512495260686,0.563603333896026,0.029784625046886504,0,0.0,15.0147,32.0,50341.04325888,5.034104325888,15.102312977664,0.11104444888977795,0.006090542068704963,0.14857987500727177,0.09289212501607835,0.037789583089761436,0.004810082959011197,0.0004486660473048687,0.2912146670278162,0.00019733398221433163,0.2721876250579953,0.9999479593723565,0.6787257994579098,2.311982000945136,1.44e-06,1.6e-07,sparse,7.391296000000011,2.7154515830334276,69.34785747528076,440.75,398.4375,-42.3125
10000,Gaussian random projection,10,1020260436,3,3,4.0,49951,0.0354,0.8965995371087366,0.8386008519153453,1.6394524170318618,0.1192959169857204,1.0892612909665331,0.03507291595451534,0,0.0,14.9853,30.0,50341.04325888,5.034104325888,15.102312977664,0.11104444888977795,0.006163708050735295,0.2169606670504436,0.47570066596381366,0.07240904192440212,0.01581154204905033,0.0006291669560596347,0.7880940000759438,0.00032649992499500513,0.3008308330317959,0.9999462065927313,0.6837995423390395,2.847999667050317,1.44e-06,1.6e-07,sparse,10.570943000000057,3.303066832944751,69.30928611755371,398.4375,397.46875,-0.96875
