n,method,rep,seed,K,m,rho_n,rho_n_multiplier,rho_n_base_equivalent,density_regime,num_hyperedges_total,theta_nnz,theta_density,misclassification_rate,ARI,NMI,generation_wall_sec,hypergraph_laplacian_build_wall_sec,spectral_clustering_wall_sec,metric_wall_sec,num_isolated_nodes,isolated_fraction,hypergraph_degree_mean,hypergraph_degree_max,expected_hyperedges_total,expected_hyperedges_per_n,expected_degree_mean,candidate_within_fraction,cs_draw_hash_sec,cs_embedding_dim,cs_bucket_min_load,cs_bucket_max_load,cs_empty_buckets,cs_initial_multiply_sec,cs_power_iter_sec,cs_qr_sec,cs_build_core_sec,cs_small_eig_sec,cs_lift_sec,eigen_decomposition_wall_sec,embedding_normalize_wall_sec,kmeans_wall_sec,top_eigenvalue_max,top_eigenvalue_min,algorithm_total_wall_sec,p_in,p_out,sampling_mode,cpu_time_sec,wall_clock_sec,peak_traced_memory_mb,rss_before_mb,rss_after_mb,rss_delta_mb
1000,CountSketch random projection,1,120260507,3,3,16.0,4.0,4.0,rho_n_x4,19793,110322,0.110322,0.0,1.0,1.0,0.8689450419999503,0.0737403750000567,0.11797787499995138,0.006581041999993431,0,0.0,59.379,88.0,20031.063552,20.031063552,60.093190656,0.11044488977955912,0.0005264999999781139,163,0,12,1,0.0016632499999786887,0.04496962500002155,0.023188499999946544,0.006614457999944534,0.0087469580000743,0.00013087499996800034,0.085904833000086,0.00019833299995752895,0.03186895800001821,0.999999906807816,0.6534748555167045,1.0606575410000687,0.000576,6.4e-05,sparse,3.2655939999999646,1.229381000000103,10.713252067565918,582.08984375,582.625,0.53515625
1000,CountSketch random projection,2,120260508,3,3,16.0,4.0,4.0,rho_n_x4,19839,110444,0.110444,0.0,1.0,1.0,0.9473648749999484,0.07392787499998121,0.11760395800001788,0.006078417000026093,0,0.0,59.517,90.0,20031.063552,20.031063552,60.093190656,0.11044488977955912,0.0005319579998968038,163,1,14,0,0.0016555419999804144,0.04461649999996098,0.022863250000000335,0.0065892500000472864,0.00956270900007894,8.649999995213875e-05,0.08595441700003903,0.00012916699995457748,0.03151570799991532,0.999999951608354,0.651601016147239,1.1388920419998385,0.000576,6.4e-05,sparse,3.611605999999938,1.302773208000076,10.734354972839355,582.625,568.921875,-13.703125
1000,CountSketch random projection,3,120260509,3,3,16.0,4.0,4.0,rho_n_x4,20057,111296,0.111296,0.0,1.0,1.0,0.8688699580000048,0.07736462499997288,0.11760629200000494,0.009033083999952396,0,0.0,60.171,93.0,20031.063552,20.031063552,60.093190656,0.11044488977955912,0.0007086250000156724,163,1,12,0,0.002119042000003901,0.04453729099998327,0.02270679100001871,0.006488583999953335,0.009660124999982145,7.379199996648822e-05,0.08636983299993517,0.00020083300000806048,0.031028542000058223,0.9999999219192129,0.65586569294831,1.063833790999979,0.000576,6.4e-05,sparse,3.767947999999933,1.2335180000000037,10.8319730758667,568.921875,568.90234375,-0.01953125
1000,CountSketch random projection,4,120260510,3,3,16.0,4.0,4.0,rho_n_x4,19817,110578,0.110578,0.0,1.0,1.0,0.903978291000044,0.0750079580000147,0.11733120799999597,0.006242874999998094,0,0.0,59.451,89.0,20031.063552,20.031063552,60.093190656,0.11044488977955912,0.0005587499999819556,163,0,15,1,0.0017177500000116197,0.04540741699997852,0.020169042000020454,0.006297124999946391,0.009584208999967814,0.00011533399992913473,0.08389579199990749,0.0001347910000504271,0.03329537499996604,0.9999999419563262,0.6501859694127716,1.0963122069999827,0.000576,6.4e-05,sparse,3.5603459999999814,1.2594312500000342,10.732211112976074,568.90234375,569.0390625,0.13671875
1000,CountSketch random projection,5,120260511,3,3,16.0,4.0,4.0,rho_n_x4,20044,111632,0.111632,0.0,1.0,1.0,0.8688286660000131,0.07626749999997173,0.11772383299989997,0.006263166999929126,0,0.0,60.132,88.0,20031.063552,20.031063552,60.093190656,0.11044488977955912,0.0006105830000251444,163,1,15,0,0.0018877500000371583,0.0449174169999651,0.02128499999992073,0.007739207999975406,0.009665499999982785,8.091699999113189e-05,0.08623908300000949,0.00013899999999011925,0.031340792000037254,0.9999999319150655,0.6553703474640209,1.0628150410000217,0.000576,6.4e-05,sparse,3.823722000000089,1.2319494170000098,10.839346885681152,569.0390625,569.14453125,0.10546875
1000,CountSketch random projection,6,120260512,3,3,16.0,4.0,4.0,rho_n_x4,20176,112242,0.112242,0.0,1.0,1.0,0.8851644999999735,0.07692345899999964,0.11865166699999463,0.006356041999993067,0,0.0,60.528,87.0,20031.063552,20.031063552,60.093190656,0.11044488977955912,0.0007407499999771971,163,1,13,0,0.0018181249999997817,0.04517866599996978,0.02341545900003439,0.0064555000000154905,0.010046834000036142,0.00010470900008385797,0.08780654199995297,0.00012437500004125468,0.030714915999965342,0.9999999498479999,0.6538489476148472,1.0807337919999327,0.000576,6.4e-05,sparse,3.69471099999987,1.252261874999931,10.90839672088623,569.14453125,569.171875,0.02734375
1000,CountSketch random projection,7,120260513,3,3,16.0,4.0,4.0,rho_n_x4,20097,111866,0.111866,0.0,1.0,1.0,0.8912592919999724,0.07576274999996713,0.11580208299994865,0.006496249999941028,0,0.0,60.291,87.0,20031.063552,20.031063552,60.093190656,0.11044488977955912,0.0005407920000379818,163,1,14,0,0.0016827910000074553,0.045253875000071275,0.021521874999962165,0.006527917000084926,0.008123624999939238,5.95000000203072e-05,0.08375691700007337,0.00012270800004898774,0.03191583399996034,0.9999999442392203,0.6580192489680219,1.0828175010000223,0.000576,6.4e-05,sparse,3.599778000000015,1.2549960000000056,10.868021965026855,569.171875,569.30859375,0.13671875
1000,CountSketch random projection,8,120260514,3,3,16.0,4.0,4.0,rho_n_x4,20026,111504,0.111504,0.0,1.0,1.0,0.8623444999999492,0.07566491700004008,0.11850420800010397,0.006340750000049411,0,0.0,60.078,85.0,20031.063552,20.031063552,60.093190656,0.11044488977955912,0.000519000000053893,163,1,14,0,0.0019074169999839796,0.0448260420000679,0.02158491700004106,0.007184374999951615,0.009625791999951616,9.3832999937149e-05,0.08579395799995382,0.00014191699995080853,0.032563332999984596,0.9999999206230817,0.6582758054249741,1.0565086249998785,0.000576,6.4e-05,sparse,3.693915000000061,1.2263957500000515,10.83301067352295,569.30859375,569.32421875,0.015625
1000,CountSketch random projection,9,120260515,3,3,16.0,4.0,4.0,rho_n_x4,19918,110658,0.110658,0.0,1.0,1.0,0.8773002920000863,0.07999266700005592,0.12456579100000909,0.008769042000039917,0,0.0,59.754,87.0,20031.063552,20.031063552,60.093190656,0.11044488977955912,0.0005913329999884809,163,1,12,0,0.0019498750000366272,0.0464871660000199,0.024843290999911005,0.006828499999983251,0.009646583000062492,8.183300008113292e-05,0.09048762500003704,0.00014841699999124103,0.033925082999985534,0.9999999344796808,0.661989296536415,1.081854084000156,0.000576,6.4e-05,sparse,3.7623909999999796,1.2552241250000407,10.761675834655762,569.32421875,554.33984375,-14.984375
1000,CountSketch random projection,10,120260516,3,3,16.0,4.0,4.0,rho_n_x4,20250,112684,0.112684,0.0,1.0,1.0,0.9000250420000384,0.0758949590000384,0.11457116700000824,0.006088374999990265,0,0.0,60.75,85.0,20031.063552,20.031063552,60.093190656,0.11044488977955912,0.0005409579999877678,163,1,14,0,0.00170379199994386,0.04516616700004761,0.021374000000037086,0.006434208000086983,0.007894957999951657,5.2708999987771676e-05,0.0832087500000398,0.00011033300006602076,0.031247542000073736,0.999999952351443,0.6517257918571309,1.0904866260002564,0.000576,6.4e-05,sparse,3.5780170000000453,1.2606144170000562,10.950118064880371,554.33984375,554.33984375,0.0
2000,CountSketch random projection,1,220260507,3,3,16.0,4.0,4.0,rho_n_x4,39976,231650,0.0579125,0.0,1.0,1.0,1.8422202080000716,0.15336966699999266,0.21392408299993804,0.009871459000009963,0,0.0,59.964,86.0,40179.08736,20.08954368,60.268631039999995,0.11077788894447224,0.0007126670000161539,163,5,25,0,0.0034857910000027914,0.09659604199998739,0.0429234580000184,0.01416487500000585,0.01149804099998164,0.00020841599996401783,0.16967545799991512,0.0002592909999066251,0.043983041999922534,0.9999998308391276,0.6573962810594756,2.2095076659998085,0.000144,1.6e-05,sparse,5.7966700000001765,2.561188125000058,22.534537315368652,554.33984375,554.53515625,0.1953125
2000,CountSketch random projection,2,220260508,3,3,16.0,4.0,4.0,rho_n_x4,40302,233498,0.0583745,0.0,1.0,1.0,1.7638011249999863,0.16329141699998218,0.216306374999931,0.009980291000033503,0,0.0,60.453,87.0,40179.08736,20.08954368,60.268631039999995,0.11077788894447224,0.0012747079999826383,163,2,22,0,0.004223750000051041,0.09892300000001342,0.040981624999972155,0.014361082999926111,0.010761749999915082,0.00025600000003578316,0.17084887500004697,0.00019445800000994495,0.04525779200002944,0.9999997762813242,0.6547206901617134,2.143393667000055,0.000144,1.6e-05,sparse,5.2960639999998875,2.500278875000049,22.711386680603027,554.53515625,554.53515625,0.0
2000,CountSketch random projection,3,220260509,3,3,16.0,4.0,4.0,rho_n_x4,40488,234828,0.058707,0.0,1.0,1.0,1.7717529579999791,0.15354183399995236,0.2138411249999308,0.009720874999970874,0,0.0,60.732,89.0,40179.08736,20.08954368,60.268631039999995,0.11077788894447224,0.0005922499999542197,163,5,23,0,0.0034232499999689026,0.10391266700003143,0.0414925839999114,0.014725542000064706,0.008266917000014473,9.874999989278876e-05,0.17256587500003207,0.00015408400008709577,0.041116499999930056,0.9999997592024449,0.654213404715595,2.1391312509999807,0.000144,1.6e-05,sparse,5.312501999999995,2.500521375000062,22.832972526550293,554.53515625,554.53515625,0.0
2000,CountSketch random projection,4,220260510,3,3,16.0,4.0,4.0,rho_n_x4,40353,234020,0.058505,0.0,1.0,1.0,1.8023464999999987,0.1516642500000671,0.2045487499999581,0.00969424999993862,0,0.0,60.5295,88.0,40179.08736,20.08954368,60.268631039999995,0.11077788894447224,0.0006241669999553778,163,5,22,0,0.003344833000028302,0.09555524999996123,0.04183112500004427,0.013722666000035133,0.010222375000012107,0.00013133300001300086,0.16568054099991514,0.00022104200002104335,0.038638042000002315,0.9999998050952271,0.6558202019462065,2.1585503750000044,0.000144,1.6e-05,sparse,5.460777000000007,2.5147102500000074,22.762396812438965,554.53515625,554.53515625,0.0
2000,CountSketch random projection,5,220260511,3,3,16.0,4.0,4.0,rho_n_x4,40581,234996,0.058749,0.0,1.0,1.0,1.7906777499999862,0.15239358300004824,0.20313191599996117,0.008933625000054235,0,0.0,60.8715,96.0,40179.08736,20.08954368,60.268631039999995,0.11077788894447224,0.0005828329999530979,163,2,22,0,0.0034073750000516156,0.09743458299999475,0.04193849999990107,0.013702833000024839,0.008595624999998108,0.00010137499998563726,0.16581720900001073,0.0001702079999859052,0.0371402499999931,0.9999997918844168,0.6565634082201365,2.146199000000024,0.000144,1.6e-05,sparse,5.526723999999831,2.4892219579999164,22.865225791931152,554.53515625,554.53515625,0.0
2000,CountSketch random projection,6,220260512,3,3,16.0,4.0,4.0,rho_n_x4,40055,232196,0.058049,0.0,1.0,1.0,1.7594220419999829,0.15107741700001043,0.20079570899997634,0.008913624999991043,0,0.0,60.0825,90.0,40179.08736,20.08954368,60.268631039999995,0.11077788894447224,0.000582791999931942,163,4,23,0,0.003312374999950407,0.09528304100001606,0.038749458999973285,0.013908249999985856,0.009487541999988025,0.00011108299997886206,0.1615117089999103,0.00024316700000781566,0.0390352920001078,0.9999997364459574,0.6515685751354062,2.111289627000019,0.000144,1.6e-05,sparse,5.513498000000027,2.4521890420001,22.588377952575684,554.53515625,554.625,0.08984375
2000,CountSketch random projection,7,220260513,3,3,16.0,4.0,4.0,rho_n_x4,40443,234332,0.058583,0.0,1.0,1.0,1.7637917089999746,0.148370333999992,0.20550587500008533,0.008944249999899512,0,0.0,60.6645,91.0,40179.08736,20.08954368,60.268631039999995,0.11077788894447224,0.0005912920000810118,163,4,22,0,0.003356917000019166,0.0964038749999645,0.037020750000010594,0.013735167000049842,0.01049258299997291,0.00011166700005560415,0.16175762499995017,0.000167540999996163,0.04357654199998251,0.9999998281838879,0.6573544852555837,2.1176637509998955,0.000144,1.6e-05,sparse,5.557450000000017,2.4513269579999815,22.799643516540527,554.625,554.8828125,0.2578125
2000,CountSketch random projection,8,220260514,3,3,16.0,4.0,4.0,rho_n_x4,40037,232286,0.0580715,0.0,1.0,1.0,1.7537740419999182,0.14964625000004617,0.20247124999991684,0.008944499999984146,0,0.0,60.0555,91.0,40179.08736,20.08954368,60.268631039999995,0.11077788894447224,0.0005928330000415372,163,3,22,0,0.003347666999957255,0.09488845799990031,0.03898750000007567,0.013708457999996426,0.008127166999997826,9.191699996335956e-05,0.15979758299999958,0.00015883399998983805,0.042510250000077576,0.9999997725368341,0.657860183916739,2.1058869590000313,0.000144,1.6e-05,sparse,5.363039999999955,2.443928958000015,22.591418266296387,554.8828125,554.9765625,0.09375
2000,CountSketch random projection,9,220260515,3,3,16.0,4.0,4.0,rho_n_x4,39922,231386,0.0578465,0.0,1.0,1.0,1.7545896659999016,0.1514166250000244,0.20627154199996767,0.009711417000062283,0,0.0,59.883,92.0,40179.08736,20.08954368,60.268631039999995,0.11077788894447224,0.0005696670000361337,163,4,22,0,0.003348707999975886,0.0957244170000422,0.04174195900009181,0.014530333999914546,0.008556582999972306,0.00028462500006298797,0.1648618340000212,0.00034345899996424123,0.04106020799997623,0.9999998186311169,0.6554505664947612,2.1122717919998877,0.000144,1.6e-05,sparse,5.460854000000154,2.467378542000006,22.516165733337402,554.9765625,555.1484375,0.171875
2000,CountSketch random projection,10,220260516,3,3,16.0,4.0,4.0,rho_n_x4,40337,233854,0.0584635,0.0,1.0,1.0,1.79979783400006,0.15241224999999758,0.22823029199992106,0.009183499999949163,0,0.0,60.5055,87.0,40179.08736,20.08954368,60.268631039999995,0.11077788894447224,0.0005928330000415372,163,3,25,0,0.0033507919999919977,0.11839066699997147,0.040907041000082245,0.013566167000021778,0.009222750000049018,0.00012741600005483633,0.18624208300002465,0.00025729100002536143,0.04172516699998141,0.9999997426526187,0.656209053050922,2.180434625000089,0.000144,1.6e-05,sparse,5.286434000000099,2.554371083000092,22.74295711517334,555.1484375,555.19140625,0.04296875
3000,CountSketch random projection,1,320260507,3,3,16.0,4.0,4.0,rho_n_x4,60644,356434,0.03960377777777778,0.0,1.0,1.0,2.6641583339999215,0.22871966599996085,0.28598170800000844,0.011937332999991668,0,0.0,60.644,91.0,60327.17511111111,20.10905837037037,60.32717511111111,0.11088886422225243,0.0006292499999744905,163,7,29,0,0.0052230419998977595,0.14889995800001543,0.0534250420000717,0.021164459000033276,0.008188249999989239,0.000348791999954301,0.23793162499998743,0.00018320800006677018,0.047862707999911436,0.9999996207952893,0.6543187758687091,3.178855540999848,6.4e-05,7.111111111111111e-06,sparse,6.8574610000000575,3.7120784159999403,34.67271327972412,555.19140625,556.625,1.43359375
3000,CountSketch random projection,2,320260508,3,3,16.0,4.0,4.0,rho_n_x4,60213,353866,0.03931844444444445,0.0,1.0,1.0,2.604839375000097,0.23093762500002413,0.290253000000007,0.011619207999956416,0,0.0,60.213,86.0,60327.17511111111,20.10905837037037,60.32717511111111,0.11088886422225243,0.0005967079999891212,163,5,34,0,0.0050858329999528,0.14629445900004612,0.056863709000026574,0.02090854200002923,0.009153790999903322,0.0001521660000207703,0.23911154200004603,0.00019825000003947935,0.05093791700005568,0.999999601830458,0.6595318276975417,3.126024709000262,6.4e-05,7.111111111111111e-06,sparse,6.978570999999874,3.6642199169999685,34.42729473114014,556.625,556.65234375,0.02734375
3000,CountSketch random projection,3,320260509,3,3,16.0,4.0,4.0,rho_n_x4,60123,353406,0.039267333333333335,0.0,1.0,1.0,2.6041135000000395,0.22863008300009824,0.28342908299998726,0.011862624999935178,0,0.0,60.123,90.0,60327.17511111111,20.10905837037037,60.32717511111111,0.11088886422225243,0.0006053339999425589,163,8,29,0,0.005269042000008994,0.145991333999973,0.052438584000015,0.020762459000025046,0.007920082999930855,0.00013066600001820916,0.23317233399995985,0.00018604199999572302,0.050065541999970264,0.9999996377033041,0.6575237770563014,3.1161675010000636,6.4e-05,7.111111111111111e-06,sparse,6.665375999999924,3.678283040999986,34.382994651794434,556.65234375,556.7421875,0.08984375
3000,CountSketch random projection,4,320260510,3,3,16.0,4.0,4.0,rho_n_x4,60525,355750,0.03952777777777778,0.0,1.0,1.0,2.645762375000004,0.2256009999999833,0.28762220800001614,0.013113583000063045,0,0.0,60.525,86.0,60327.17511111111,20.10905837037037,60.32717511111111,0.11088886422225243,0.0005970000000843356,163,10,29,0,0.005313999999998487,0.1469830839999986,0.05408483300004718,0.020769917000052374,0.009296542000015506,0.00015829200003736332,0.2372742909999488,0.0002022080000187998,0.05014054200000828,0.9999995582022376,0.6563095904815017,3.158980415999963,6.4e-05,7.111111111111111e-06,sparse,6.796537000000171,3.7309759159999203,34.60472774505615,556.7421875,558.3359375,1.59375
3000,CountSketch random projection,5,320260511,3,3,16.0,4.0,4.0,rho_n_x4,60381,354850,0.03942777777777778,0.0,1.0,1.0,2.765821833000018,0.2351048750000473,0.31345441599989954,0.01263920799999596,0,0.0,60.381,85.0,60327.17511111111,20.10905837037037,60.32717511111111,0.11088886422225243,0.000661000000036438,163,7,30,0,0.005362042000001566,0.16537687499999265,0.05838466700004119,0.020778500000005806,0.009988499999963096,0.00021537500003887544,0.26086754200002815,0.0003688749999355423,0.0522094590000961,0.9999996536624572,0.6556493922667777,3.3143725840001252,6.4e-05,7.111111111111111e-06,sparse,6.852200000000039,3.9040377080000326,34.52293300628662,558.3359375,558.3359375,0.0
3000,CountSketch random projection,6,320260512,3,3,16.0,4.0,4.0,rho_n_x4,60186,353796,0.03931066666666667,0.0,1.0,1.0,2.666295790999925,0.2231637080000155,0.2885144169999876,0.011877540999989833,0,0.0,60.186,91.0,60327.17511111111,20.10905837037037,60.32717511111111,0.11088886422225243,0.0005730420000418235,163,9,37,0,0.0061249159999761105,0.14837108400001853,0.05648429200005012,0.020560999999929663,0.00820104199999605,0.0001447500000040236,0.2405357920000597,0.00029599999993479287,0.047676291000016136,0.9999997062796739,0.6567787632998562,3.177967581999951,6.4e-05,7.111111111111111e-06,sparse,6.96601099999998,3.700030125000012,34.40929698944092,558.3359375,566.51953125,8.18359375
3000,CountSketch random projection,7,320260513,3,3,16.0,4.0,4.0,rho_n_x4,60380,354972,0.039441333333333335,0.0,1.0,1.0,2.6495830830000386,0.25002904200005105,0.2850810840000122,0.015812750000009146,0,0.0,60.38,88.0,60327.17511111111,20.10905837037037,60.32717511111111,0.11088886422225243,0.0006141659999912008,163,8,29,0,0.005056540999930803,0.1465932090000024,0.05360512499999004,0.021430583000096703,0.00765895899996849,0.00023295799996958522,0.2352493340000592,0.000194542000031106,0.04963208300000588,0.9999996018332266,0.6573440386870885,3.184688084000186,6.4e-05,7.111111111111111e-06,sparse,6.806401999999935,3.732546833000015,34.528822898864746,566.51953125,566.51953125,0.0
3000,CountSketch random projection,8,320260514,3,3,16.0,4.0,4.0,rho_n_x4,60803,357348,0.039705333333333336,0.0,1.0,1.0,2.6771400829999266,0.22941133400001945,0.2844372919998932,0.011845417000017733,0,0.0,60.803,86.0,60327.17511111111,20.10905837037037,60.32717511111111,0.11088886422225243,0.0006035410000322372,163,10,29,0,0.0050916249999772845,0.148397042000056,0.05340904199999841,0.020838667000020905,0.010075125000071239,0.0002230000000054133,0.2386994580000419,0.00021549999996750557,0.04551683400006823,0.9999996174422816,0.654852495271329,3.1909832090000236,6.4e-05,7.111111111111111e-06,sparse,7.019536000000016,3.7174219579999317,34.76012706756592,566.51953125,566.6015625,0.08203125
3000,CountSketch random projection,9,320260515,3,3,16.0,4.0,4.0,rho_n_x4,60416,355402,0.039489111111111114,0.0,1.0,1.0,2.7323150409999926,0.2261486249999507,0.2806196669999963,0.011713249999957043,0,0.0,60.416,92.0,60327.17511111111,20.10905837037037,60.32717511111111,0.11088886422225243,0.0006016250000584478,163,9,30,0,0.005049666999980218,0.14668283399998927,0.05417579200002365,0.020518000000038228,0.008672708000062812,0.000150374999975611,0.2359025409999731,0.00018254199994771625,0.04453016600007231,0.999999565236799,0.6542070081366527,3.2390789149999364,6.4e-05,7.111111111111111e-06,sparse,7.019936000000143,3.7646822080000675,34.56355571746826,566.6015625,566.6015625,0.0
3000,CountSketch random projection,10,320260516,3,3,16.0,4.0,4.0,rho_n_x4,60776,357012,0.039668,0.0,1.0,1.0,2.725341166000021,0.23297887500007164,0.31929758299997957,0.012052750000066226,0,0.0,60.776,92.0,60327.17511111111,20.10905837037037,60.32717511111111,0.11088886422225243,0.0006805419999409423,163,8,31,0,0.005057500000020809,0.1479073340000241,0.07310941599996568,0.02159229200003665,0.023123124999983702,0.00028029200007040345,0.271826707999935,0.0002227500000344662,0.04724279100003059,0.9999995754371073,0.6568030896902153,3.277612290000093,6.4e-05,7.111111111111111e-06,sparse,6.765331999999944,3.8505791659999886,34.738444328308105,566.6015625,566.6015625,0.0
4000,CountSketch random projection,1,420260507,3,3,16.0,4.0,4.0,rho_n_x4,80641,477428,0.02983925,0.0,1.0,1.0,3.5719312080000236,0.3015083330000152,0.37533362500005296,0.014826250000055552,0,0.0,60.48075,93.0,80475.321472,20.118830367999998,60.356491104,0.11094447223611806,0.0006589170000097511,163,13,39,0,0.006909625000048436,0.2056492919999755,0.07473016699998425,0.027985416999968038,0.009064125000008971,0.00021716600008403475,0.3252780420000363,0.00020749999998770363,0.0498432499999808,0.9999995022861322,0.6539957651757372,4.248768333000044,3.6e-05,4e-06,sparse,8.907780000000002,4.997211875000062,46.437472343444824,566.6015625,566.78515625,0.18359375
4000,CountSketch random projection,2,420260508,3,3,16.0,4.0,4.0,rho_n_x4,81039,479760,0.029985,0.0,1.0,1.0,3.848373957999911,0.3259554160000562,0.37644187500006865,0.017012499999964348,0,0.0,60.77925,92.0,80475.321472,20.118830367999998,60.356491104,0.11094447223611806,0.000658332999933009,163,13,38,0,0.0072354589999577,0.20571366600006513,0.07335937499999545,0.028731957999980295,0.009074000000055094,0.00024099999995996768,0.3251007080000363,0.00033800000005612674,0.050997542000004614,0.9999994394850504,0.6572326820271827,4.550765624000064,3.6e-05,4e-06,sparse,9.030455999999958,5.297378041999991,46.65625286102295,566.78515625,570.90625,4.12109375
4000,CountSketch random projection,3,420260509,3,3,16.0,4.0,4.0,rho_n_x4,80636,477362,0.029835125,0.0,1.0,1.0,3.6505765829999746,0.3334586249999347,0.3836666669999431,0.01799691700000494,0,0.0,60.477,89.0,80475.321472,20.118830367999998,60.356491104,0.11094447223611806,0.0006681659999685508,163,13,40,0,0.007238458000074388,0.2132609999999886,0.07293316599998434,0.028781125000023167,0.007902833000002829,0.00022187500007930794,0.33109808300002896,0.00021604200003366714,0.05234795800004122,0.9999995068448304,0.657938906714862,4.367697291000013,3.6e-05,4e-06,sparse,8.901266999999962,5.097872791999976,46.43130397796631,570.90625,571.484375,0.578125
4000,CountSketch random projection,4,420260510,3,3,16.0,4.0,4.0,rho_n_x4,80523,476544,0.029784,0.0,1.0,1.0,3.6335719999999583,0.31287220900003376,0.4385223339999129,0.025401458000033017,0,0.0,60.39225,91.0,80475.321472,20.118830367999998,60.356491104,0.11094447223611806,0.0006856659999812109,163,15,45,0,0.00691845899996224,0.22835858299993106,0.0918399170000157,0.03844800000001669,0.011900999999966189,0.00024029099995459546,0.378483416999984,0.0003751660000261836,0.05965712500005793,0.9999994660771989,0.655532781071028,4.38495991700006,3.6e-05,4e-06,sparse,8.546452999999929,5.166540291000047,46.360201835632324,571.484375,571.53515625,0.05078125
4000,CountSketch random projection,5,420260511,3,3,16.0,4.0,4.0,rho_n_x4,80407,476380,0.02977375,0.0,1.0,1.0,3.6838959169999725,0.3083341249999876,0.366393832999961,0.014472082999986924,0,0.0,60.30525,91.0,80475.321472,20.118830367999998,60.356491104,0.11094447223611806,0.0006492499999239953,163,13,37,0,0.006784417000062604,0.2027928750000001,0.06990416700000424,0.027657625000074404,0.00784950000002027,0.0001564589999816235,0.31584729100006825,0.00020754100000885956,0.050334417000044596,0.9999993869735897,0.6553513280851516,4.358619291000082,3.6e-05,4e-06,sparse,8.845661000000064,5.0803075000000035,46.32639217376709,571.53515625,571.62890625,0.09375
4000,CountSketch random projection,6,420260512,3,3,16.0,4.0,4.0,rho_n_x4,80741,478044,0.02987775,0.0,1.0,1.0,3.567328959000065,0.30731458399998246,0.40963762500007306,0.015507208000030914,0,0.0,60.55575,89.0,80475.321472,20.118830367999998,60.356491104,0.11094447223611806,0.0006331250000357613,163,13,45,0,0.006782917000009547,0.19816433300002245,0.11861012500003199,0.027516542000057598,0.007459707999942111,0.00014824999993834354,0.35936562500000946,0.0001942920000601589,0.05007366699999238,0.9999995162292865,0.6576851255673793,4.284277127000109,3.6e-05,4e-06,sparse,8.682141999999885,4.973238207999998,46.49648952484131,571.62890625,571.76953125,0.140625
4000,CountSketch random projection,7,420260513,3,3,16.0,4.0,4.0,rho_n_x4,80050,474194,0.029637125,0.0,1.0,1.0,3.523059042,0.3161683329999505,0.368908499999975,0.015751667000017733,0,0.0,60.0375,90.0,80475.321472,20.118830367999998,60.356491104,0.11094447223611806,0.0006663330000264978,163,12,37,0,0.0067962919999899896,0.19962116600004265,0.06888008299995363,0.028382542000031208,0.009948666000013873,0.00017845800005034107,0.31453162499997234,0.0002171669999597725,0.0541552079999974,0.999999481314703,0.6598626828156146,4.20813137499988,3.6e-05,4e-06,sparse,8.607682999999952,4.927907166999944,46.10866069793701,571.76953125,572.47265625,0.703125
4000,CountSketch random projection,8,420260514,3,3,16.0,4.0,4.0,rho_n_x4,80572,476968,0.0298105,0.0,1.0,1.0,3.534951250000063,0.3426324160000149,0.39895225000009304,0.016083874999935688,0,0.0,60.429,92.0,80475.321472,20.118830367999998,60.356491104,0.11094447223611806,0.0006455829999367779,163,15,40,0,0.007011375000047337,0.2027364169999828,0.08184645900007581,0.04312424999989162,0.010955707999983133,0.00025512499996693805,0.3466459579999537,0.0003675829999565394,0.05193070899997565,0.9999995214513209,0.6552389443041123,4.276527915999964,3.6e-05,4e-06,sparse,8.480178999999907,4.9963229169999295,46.39027690887451,572.47265625,572.93359375,0.4609375
4000,CountSketch random projection,9,420260515,3,3,16.0,4.0,4.0,rho_n_x4,80429,476392,0.0297745,0.0,1.0,1.0,3.4781600000000026,0.29500016600002255,0.3605465410000761,0.014607000000069092,0,0.0,60.32175,93.0,80475.321472,20.118830367999998,60.356491104,0.11094447223611806,0.0007001660000014454,163,14,42,0,0.006654916999991656,0.19857841700002155,0.06778333400006886,0.02759112500007177,0.007698417000028712,0.0001546250000501459,0.30921758299996327,0.00019979199998942931,0.0511247499999854,0.9999994718326826,0.6567659067563244,4.133702290999963,3.6e-05,4e-06,sparse,8.820355999999947,4.83315212499997,46.335055351257324,572.93359375,573.05078125,0.1171875
4000,CountSketch random projection,10,420260516,3,3,16.0,4.0,4.0,rho_n_x4,80466,476392,0.0297745,0.0,1.0,1.0,3.5095773329999247,0.3054813749999994,0.36544741700004124,0.014565625000045657,0,0.0,60.3495,95.0,80475.321472,20.118830367999998,60.356491104,0.11094447223611806,0.0006134999999858337,163,14,41,0,0.006665542000064306,0.1990920839999717,0.06875366700000995,0.027921290999984194,0.009639915999969162,0.00029000000006362825,0.31303054099998917,0.00021249999997507985,0.05219995899994956,0.9999994429618274,0.6583478384803242,4.180501707999838,3.6e-05,4e-06,sparse,8.775961999999936,4.89874312500001,46.33340358734131,573.05078125,573.1640625,0.11328125
5000,CountSketch random projection,1,520260507,3,3,16.0,4.0,4.0,rho_n_x4,100242,596208,0.02384832,0.0,1.0,1.0,4.425627624999947,0.38484887499998877,0.46843024999998306,0.020587792000014815,0,0.0,60.1452,90.0,100623.45717760001,20.124691435520003,60.374074306560004,0.11097779555911182,0.0007156249999979991,163,17,47,0,0.008411415999944438,0.26271825000003446,0.09635283400007211,0.03646487499997875,0.009369915999968725,0.00021250000008876668,0.4143067920000476,0.0002461670000002414,0.05387299999995321,0.9999991663102391,0.6603493432637697,5.278902458999937,2.304e-05,2.56e-06,sparse,10.0569109999999,6.188838666000038,57.982306480407715,573.1640625,568.3515625,-4.8125
5000,CountSketch random projection,2,520260508,3,3,16.0,4.0,4.0,rho_n_x4,101023,600494,0.02401976,0.0,1.0,1.0,4.523004124999943,0.38148225000009006,0.4484002919999739,0.018858208000096965,0,0.0,60.6138,92.0,100623.45717760001,20.124691435520003,60.374074306560004,0.11097779555911182,0.0007084170000553058,163,19,45,0,0.008477458000015758,0.2538457500000959,0.08815216599998621,0.03504208300000755,0.00791558299999906,0.000200875000018641,0.39442041600000266,0.0003505829999994603,0.053622832999963066,0.9999993940672877,0.65769489940968,5.352880206999998,2.304e-05,2.56e-06,sparse,10.386420000000044,6.274473959000034,58.41055202484131,568.3515625,570.98046875,2.62890625
5000,CountSketch random projection,3,520260509,3,3,16.0,4.0,4.0,rho_n_x4,100869,599526,0.02398104,0.0,1.0,1.0,4.418695834000005,0.3814270839999381,0.44332683400000406,0.01707966700007546,0,0.0,60.5214,95.0,100623.45717760001,20.124691435520003,60.374074306560004,0.11097779555911182,0.0006579170000122758,163,18,49,0,0.008433083999989321,0.24625287499998194,0.08747070800006895,0.03431179200003953,0.008769832999973914,0.00033758300003228214,0.38628729200002,0.0002339590000701719,0.05680166700005884,0.9999992708746815,0.6598469576663628,5.243445836000092,2.304e-05,2.56e-06,sparse,9.779250999999931,6.18687824999995,58.315978050231934,570.98046875,556.2421875,-14.73828125
5000,CountSketch random projection,4,520260510,3,3,16.0,4.0,4.0,rho_n_x4,101049,600892,0.02403568,0.0,1.0,1.0,4.74797116700006,0.40862924999998995,0.4512352499999679,0.018112458000018705,0,0.0,60.6294,90.0,100623.45717760001,20.124691435520003,60.374074306560004,0.11097779555911182,0.000702584000009665,163,15,51,0,0.008596041000032528,0.2564360000000079,0.08725225000000592,0.03659250000009706,0.008880500000032043,0.00026270800003658223,0.39878441600001224,0.00023804199997812248,0.0522080419999611,0.9999993109720593,0.6573445666583493,5.607830917000001,2.304e-05,2.56e-06,sparse,10.58086900000012,6.5560422089999975,58.43787670135498,556.2421875,555.83203125,-0.41015625
5000,CountSketch random projection,5,520260511,3,3,16.0,4.0,4.0,rho_n_x4,99932,594332,0.02377328,0.0,1.0,1.0,4.442590583999959,0.37488170799997533,0.4666602500000181,0.017364499999985128,0,0.0,59.9592,91.0,100623.45717760001,20.124691435520003,60.374074306560004,0.11097779555911182,0.0006706250001116132,163,16,48,0,0.008317541999986133,0.26740716599999814,0.09148945799995545,0.03421508400003859,0.0075343749999774445,0.00019029200007025793,0.40987654200000634,0.00022304200001599384,0.05655620900006397,0.9999991996662378,0.6581368650815175,5.28412808500002,2.304e-05,2.56e-06,sparse,10.044321999999966,6.169339374999936,57.80342769622803,555.83203125,548.9296875,-6.90234375
5000,CountSketch random projection,6,520260512,3,3,16.0,4.0,4.0,rho_n_x4,100637,598490,0.0239396,0.0,1.0,1.0,4.324258458000031,0.3764568749999171,0.45794133300000794,0.017213791000131096,0,0.0,60.3822,91.0,100623.45717760001,20.124691435520003,60.374074306560004,0.11097779555911182,0.0007650000000012369,163,16,44,0,0.008279124999944543,0.25210508400004983,0.08794254199983698,0.03559483399999408,0.00879854200002228,0.0002529999999296706,0.39386787500006903,0.0002476670001669845,0.06381975000022067,0.9999993478111066,0.6578053666047777,5.158650625000405,2.304e-05,2.56e-06,sparse,10.391622999999981,6.038983333000033,58.2069730758667,548.9296875,549.55859375,0.62890625
5000,CountSketch random projection,7,520260513,3,3,16.0,4.0,4.0,rho_n_x4,101084,601124,0.02404496,0.0,1.0,1.0,4.367056457999979,0.3913792089999788,0.4532326670000657,0.017381082999918362,0,0.0,60.6504,93.0,100623.45717760001,20.124691435520003,60.374074306560004,0.11097779555911182,0.0006511669998872094,163,14,42,0,0.008725833999960741,0.25528458300004786,0.09022066600005019,0.03598258400006671,0.012096332999817605,0.0002793749999909778,0.40330050000011397,0.00025258300001951284,0.04967516599981536,0.9999992344987712,0.6579414044139084,5.211663915999907,2.304e-05,2.56e-06,sparse,9.782207000000199,6.078244416999951,58.45986080169678,549.55859375,552.01953125,2.4609375
5000,CountSketch random projection,8,520260514,3,3,16.0,4.0,4.0,rho_n_x4,100682,598742,0.02394968,0.0,1.0,1.0,4.519074083000078,0.3919297089998963,0.519883875000005,0.021424500000193802,0,0.0,60.4092,90.0,100623.45717760001,20.124691435520003,60.374074306560004,0.11097779555911182,0.0008570420000069134,163,16,52,0,0.00905004099990947,0.2870218749999367,0.09786675000009382,0.05795404199989207,0.010108457999876919,0.0005088329999125563,0.46346304199983024,0.00025325000001430453,0.05616295799995896,0.99999928040772,0.6584278530141401,5.430883041999778,2.304e-05,2.56e-06,sparse,9.79015400000003,6.430927874999952,58.235045433044434,552.01953125,520.1484375,-31.87109375
5000,CountSketch random projection,9,520260515,3,3,16.0,4.0,4.0,rho_n_x4,100696,598824,0.02395296,0.0,1.0,1.0,4.526772624999921,0.3893841249998786,0.4724794159999419,0.018018334000089453,0,0.0,60.4176,87.0,100623.45717760001,20.124691435520003,60.374074306560004,0.11097779555911182,0.000747208000120736,163,14,44,0,0.008877541999936511,0.2645191659999,0.0969804579999618,0.036870209000198884,0.01045129200019801,0.0003691669999170699,0.41891000000009626,0.0002583749999303109,0.05330416700007845,0.9999994834129312,0.6560249769338439,5.388629291999905,2.304e-05,2.56e-06,sparse,9.784675000000107,6.2918454999999085,58.23993968963623,520.1484375,521.109375,0.9609375
5000,CountSketch random projection,10,520260516,3,3,16.0,4.0,4.0,rho_n_x4,100968,600520,0.0240208,0.0,1.0,1.0,4.432440832999873,0.417846499999996,0.5317573339998489,0.018899833999967086,0,0.0,60.5808,91.0,100623.45717760001,20.124691435520003,60.374074306560004,0.11097779555911182,0.0008768329998929403,163,16,62,0,0.008728125000061482,0.2844604580000123,0.10155883300012647,0.06851891700011947,0.011070125000060216,0.000275999999985288,0.47555720800005474,0.00027029199986827734,0.05592487500007337,0.9999992935214713,0.6544344650650824,5.382039707999866,2.304e-05,2.56e-06,sparse,8.904699000000164,6.3591012919998775,58.398505210876465,521.109375,520.55078125,-0.55859375
6000,CountSketch random projection,1,620260507,3,3,16.0,4.0,4.0,rho_n_x4,121170,722618,0.02007272222222222,0.0,1.0,1.0,5.356159917000014,0.5322333340000114,0.5338653329999943,0.020033041000033336,0,0.0,60.585,88.0,120771.58755555555,20.128597925925927,60.38579377777778,0.1109999938302488,0.0006806670000969461,163,23,53,0,0.010350957999889943,0.305595583000013,0.11024037499987571,0.042501082999933715,0.008946457999854829,0.00036183299994263507,0.47875924999993913,0.00041462499984845635,0.05468529099994157,0.9999991673062752,0.6565902116742863,6.422252416999754,1.6e-05,1.7777777777777777e-06,sparse,11.894452000000001,7.532039415999861,70.27345180511475,520.55078125,526.2421875,5.69140625
6000,CountSketch random projection,2,620260508,3,3,16.0,4.0,4.0,rho_n_x4,120991,721826,0.020050722222222223,0.0,1.0,1.0,5.373220290999825,0.5207583330000034,0.5389063329998862,0.020884875000092507,0,0.0,60.4955,90.0,120771.58755555555,20.128597925925927,60.38579377777778,0.1109999938302488,0.0007083749999310385,163,21,53,0,0.010451541000065845,0.31195783300017865,0.10788400000001275,0.04290212500018242,0.009424459000001661,0.00024575000020377047,0.4836296250000487,0.00026750000006359187,0.05500470900005894,0.9999990052634862,0.6575893372624713,6.432880458,1.6e-05,1.7777777777777777e-06,sparse,11.72512800000004,7.565714667000066,70.18773174285889,526.2421875,530.85546875,4.61328125
6000,CountSketch random projection,3,620260509,3,3,16.0,4.0,4.0,rho_n_x4,120416,718294,0.019952611111111112,0.0,1.0,1.0,5.377363249999917,0.4978827919999276,0.5511411659999794,0.020513707999953112,0,0.0,60.208,91.0,120771.58755555555,20.128597925925927,60.38579377777778,0.1109999938302488,0.000714249999873573,163,23,54,0,0.010615083000175218,0.3254481660001147,0.10478487499995026,0.045517042000028596,0.010285583000040788,0.00038241600009314425,0.4978120000000672,0.0002763330001016584,0.053048457999921084,0.9999990015887139,0.6564375780600568,6.426382832999934,1.6e-05,1.7777777777777777e-06,sparse,11.65090599999985,7.551436499999909,69.84652996063232,530.85546875,531.36328125,0.5078125
6000,CountSketch random projection,4,620260510,3,3,16.0,4.0,4.0,rho_n_x4,120395,717880,0.01994111111111111,0.0,1.0,1.0,5.313011333000077,0.4727666669998598,0.5495751250000467,0.021191583000018,0,0.0,60.1975,92.0,120771.58755555555,20.128597925925927,60.38579377777778,0.1109999938302488,0.0007019170000148733,163,19,53,0,0.010842625000123007,0.3269531250000455,0.10382908299993687,0.046807250000028944,0.008839000000079977,0.0002310830000169517,0.4982652499998039,0.0002641670000684826,0.051041292000036265,0.9999991116911461,0.6561662374414924,6.335348708999845,1.6e-05,1.7777777777777777e-06,sparse,11.767221000000063,7.428241250000156,69.81419277191162,531.36328125,540.02734375,8.6640625
6000,CountSketch random projection,5,620260511,3,3,16.0,4.0,4.0,rho_n_x4,120461,718056,0.019946,0.0,1.0,1.0,5.367457166999884,0.46972600000003695,0.5269641669999601,0.020223999999871012,0,0.0,60.2305,88.0,120771.58755555555,20.128597925925927,60.38579377777778,0.1109999938302488,0.0006775000001653098,163,19,50,0,0.010251457999856939,0.3063545420000082,0.10115887500001008,0.04322708299991973,0.009574707999945531,0.0003403330001674476,0.4716512499999226,0.00028820800002904434,0.055019542000081856,0.99999902983444,0.6574102507413823,6.3641421669999545,1.6e-05,1.7777777777777777e-06,sparse,11.844839999999976,7.466388915999914,69.84717082977295,540.02734375,540.42578125,0.3984375
6000,CountSketch random projection,6,620260512,3,3,16.0,4.0,4.0,rho_n_x4,120748,720182,0.020005055555555557,0.0,1.0,1.0,5.4021689579999475,0.48238500000002205,0.6473802079999587,0.0252219999999852,0,0.0,60.374,94.0,120771.58755555555,20.128597925925927,60.38579377777778,0.1109999938302488,0.0007569169999896985,163,16,55,0,0.010254458000190425,0.37985270900003343,0.11552991700000348,0.04658137500018711,0.011496625000063432,0.00031170900001598056,0.5648703749998276,0.0003445410000040283,0.08215883299999405,0.9999992558543699,0.6581061750739261,6.531927706999795,1.6e-05,1.7777777777777777e-06,sparse,11.620478999999932,7.778743500000019,70.03652095794678,540.42578125,540.57421875,0.1484375
6000,CountSketch random projection,7,620260513,3,3,16.0,4.0,4.0,rho_n_x4,120604,719108,0.01997522222222222,0.0,1.0,1.0,5.41938325000001,0.47062275000007503,0.5316388749999987,0.020498542000041198,0,0.0,60.302,93.0,120771.58755555555,20.128597925925927,60.38579377777778,0.1109999938302488,0.0007422090000090975,163,23,58,0,0.010382375000062893,0.31277220900005887,0.10230058299998745,0.04328579200000604,0.008213916999920912,0.0004140420001021994,0.4781921250000778,0.00026779200015880633,0.05317424999998366,0.9999988894563382,0.6561364333946237,6.421640167000305,1.6e-05,1.7777777777777777e-06,sparse,11.93814599999996,7.555186916999901,69.93934917449951,540.57421875,540.15625,-0.41796875
6000,CountSketch random projection,8,620260514,3,3,16.0,4.0,4.0,rho_n_x4,120706,719896,0.01999711111111111,0.0,1.0,1.0,5.357169707999901,0.48465808300011304,0.5688390830000571,0.02031366699998216,0,0.0,60.353,89.0,120771.58755555555,20.128597925925927,60.38579377777778,0.1109999938302488,0.0007842920001621678,163,20,58,0,0.010043250000080661,0.311518999999862,0.11672454100016694,0.04447495800013712,0.009548375000122178,0.00045766599987473455,0.49362108399986937,0.0002690829999210109,0.07494474999998602,0.9999990498280749,0.6572170761369713,6.410662707999791,1.6e-05,1.7777777777777777e-06,sparse,11.588903000000073,7.539472291000038,70.0066328048706,540.15625,547.72265625,7.56640625
6000,CountSketch random projection,9,620260515,3,3,16.0,4.0,4.0,rho_n_x4,121225,722920,0.020081111111111112,0.0,1.0,1.0,5.42194895800003,0.4790464999998676,0.6403514999999516,0.026357958000062354,0,0.0,60.6125,95.0,120771.58755555555,20.128597925925927,60.38579377777778,0.1109999938302488,0.0007747499998913554,163,20,53,0,0.010577750000038577,0.38524679099987225,0.11623583300001883,0.060342374999891035,0.01043100000015329,0.000460334000081275,0.5841982079998616,0.0005367910000586562,0.05560912500004633,0.9999990845304098,0.6573139663218911,6.541339581999864,1.6e-05,1.7777777777777777e-06,sparse,11.646592999999939,7.719447416999856,70.30510234832764,547.72265625,548.65234375,0.9296875
6000,CountSketch random projection,10,620260516,3,3,16.0,4.0,4.0,rho_n_x4,120848,720768,0.020021333333333332,0.0,1.0,1.0,5.311675999999807,0.46257775000003676,0.528687041000012,0.020849250000082975,0,0.0,60.424,98.0,120771.58755555555,20.128597925925927,60.38579377777778,0.1109999938302488,0.0006835419999333681,163,21,51,0,0.01031812499991247,0.3107937499999025,0.10266524999997273,0.04276774999993904,0.00813141599996925,0.00023149999992710946,0.47567149999986214,0.0003910830000677379,0.05261870899994392,0.9999991228606248,0.6562286770431855,6.302935041999717,1.6e-05,1.7777777777777777e-06,sparse,11.756611999999905,7.402032416000111,70.09511089324951,548.65234375,549.4453125,0.79296875
7000,CountSketch random projection,1,720260507,3,3,16.0,4.0,4.0,rho_n_x4,140804,841454,0.0171725306122449,0.0,1.0,1.0,6.173414791999903,0.5667513339999459,0.6514477080002052,0.02674212500005524,0,0.0,60.34457142857143,93.0,140919.73925616327,20.13139132230904,60.39417396692712,0.11101588208876005,0.0007409999998344574,163,27,65,0,0.012325791999955982,0.39538341700017554,0.12317220799991446,0.05062533299997085,0.007841832999929466,0.0004966670001067541,0.5906770409999353,0.00044941699979972327,0.0603160000000571,0.9999990031614742,0.6581264858274648,7.391608583999641,1.1755102040816326e-05,1.306122448979592e-06,sparse,13.40954099999999,8.71181604200001,81.82547664642334,549.4453125,565.296875,15.8515625
7000,CountSketch random projection,2,720260508,3,3,16.0,4.0,4.0,rho_n_x4,141118,843338,0.017210979591836734,0.0,1.0,1.0,6.196916166999927,0.5485442080000666,0.6217182089999369,0.022730207999984486,0,0.0,60.479142857142854,92.0,140919.73925616327,20.13139132230904,60.39417396692712,0.11101588208876005,0.0007158749999689462,163,26,63,0,0.01187587499998699,0.3711509169997953,0.12152512500006196,0.05107058299995515,0.009205833000123675,0.0004737910001040291,0.5660766659998444,0.00028920799991283275,0.05534754200016323,0.9999991061317826,0.6560117515505036,7.367173790999914,1.1755102040816326e-05,1.306122448979592e-06,sparse,13.322839999999815,8.690872124999942,82.01347637176514,565.296875,566.4375,1.140625
7000,CountSketch random projection,3,720260509,3,3,16.0,4.0,4.0,rho_n_x4,141460,845402,0.017253102040816325,0.0,1.0,1.0,6.172311334000142,0.5682307499998842,0.6223274589999619,0.0232770420000179,0,0.0,60.62571428571429,96.0,140919.73925616327,20.13139132230904,60.39417396692712,0.11101588208876005,0.000809667000112313,163,24,59,0,0.012187042000050496,0.3730937919999633,0.11987995800018325,0.050178209000023344,0.007715749999988475,0.00026862499998969724,0.564216917000067,0.00044016600008944806,0.057664791999968656,0.9999988072485736,0.6578377500608266,7.362863959000151,1.1755102040816326e-05,1.306122448979592e-06,sparse,13.377330999999913,8.686920625000084,82.19864177703857,566.4375,565.54296875,-0.89453125
7000,CountSketch random projection,4,720260510,3,3,16.0,4.0,4.0,rho_n_x4,140886,841940,0.017182448979591838,0.0,1.0,1.0,6.1551227920001566,0.5531623340000351,0.6149522089999664,0.023052708000022903,0,0.0,60.379714285714286,93.0,140919.73925616327,20.13139132230904,60.39417396692712,0.11101588208876005,0.0007884999999987485,163,27,62,0,0.012186374999828331,0.36987454200016145,0.1189520419998189,0.04967891699993743,0.00807341700010511,0.00027554200005397433,0.5598875420000695,0.0002795410000544507,0.05477999999993699,0.9999988101085273,0.6577970906776824,7.323232209000253,1.1755102040816326e-05,1.306122448979592e-06,sparse,13.271056999999928,8.635551832999909,81.87582683563232,565.54296875,567.53515625,1.9921875
7000,CountSketch random projection,5,720260511,3,3,16.0,4.0,4.0,rho_n_x4,140331,838622,0.017114734693877552,0.0,1.0,1.0,6.170742332999907,0.5730234999998629,0.6411611670000639,0.023050666000017372,0,0.0,60.14185714285714,95.0,140919.73925616327,20.13139132230904,60.39417396692712,0.11101588208876005,0.0008365410001260898,163,27,59,0,0.012217250000048807,0.39150962500002606,0.12083195900004284,0.051464124999938576,0.009377791000133584,0.00028654199991251517,0.5866120840000804,0.0003372500000295986,0.054206083000053695,0.9999988970187588,0.6562254739622639,7.384921249999934,1.1755102040816326e-05,1.306122448979592e-06,sparse,13.327868999999964,8.713307666999981,81.55116176605225,567.53515625,566.609375,-0.92578125
7000,CountSketch random projection,6,720260512,3,3,16.0,4.0,4.0,rho_n_x4,140935,842120,0.01718612244897959,0.0,1.0,1.0,6.326261124999974,0.6584102500000881,0.6472368329998517,0.023724083000161045,0,0.0,60.40071428571429,96.0,140919.73925616327,20.13139132230904,60.39417396692712,0.11101588208876005,0.0007076249999045103,163,30,66,0,0.012167125000132728,0.3771184169997923,0.1306566670000393,0.05737487499982308,0.01074120899988884,0.0005579159999342664,0.5893863329999931,0.00030208299995138077,0.057543207999970036,0.9999989596761831,0.6552404586499226,7.631902998999976,1.1755102040816326e-05,1.306122448979592e-06,sparse,13.277638999999908,8.980712708000055,81.89244747161865,566.609375,565.39453125,-1.21484375
7000,CountSketch random projection,7,720260513,3,3,16.0,4.0,4.0,rho_n_x4,140843,841528,0.017174040816326532,0.0,1.0,1.0,6.353796624999859,0.5843253339999137,0.6302226249999876,0.023185250000096858,0,0.0,60.361285714285714,89.0,140919.73925616327,20.13139132230904,60.39417396692712,0.11101588208876005,0.000788332999945851,163,25,59,0,0.012310374999970009,0.38112008400003106,0.12223279199997705,0.05081308400008311,0.009387791000108336,0.00039366599980894534,0.5771475409999312,0.0004890000000159489,0.05257995800002391,0.9999990800812822,0.6574597312329313,7.568338457999744,1.1755102040816326e-05,1.306122448979592e-06,sparse,13.298618000000033,8.845799250000027,81.84397315979004,564.39453125,565.4765625,1.08203125
7000,CountSketch random projection,8,720260514,3,3,16.0,4.0,4.0,rho_n_x4,140451,839458,0.017131795918367346,0.0,1.0,1.0,6.246139583000058,0.6438033750000614,0.678092000000106,0.024598958000069615,0,0.0,60.193285714285715,91.0,140919.73925616327,20.13139132230904,60.39417396692712,0.11101588208876005,0.0008345000001099834,163,25,62,0,0.0126350419998289,0.40243183300003693,0.13516883300007976,0.057360874999858424,0.0111524169999484,0.00044854199995825184,0.6201107919998776,0.00032050000004346657,0.05765583299989885,0.9999988625968735,0.6559417184230596,7.56803008299994,1.1755102040816326e-05,1.306122448979592e-06,sparse,13.063705000000027,8.869012916999964,81.63697338104248,565.4765625,566.10546875,0.62890625
7000,CountSketch random projection,9,720260515,3,3,16.0,4.0,4.0,rho_n_x4,140378,838968,0.017121795918367346,0.0,1.0,1.0,6.208700958999998,0.5704614169999331,0.6222657079999863,0.023024999999961437,0,0.0,60.162,93.0,140919.73925616327,20.13139132230904,60.39417396692712,0.11101588208876005,0.00077362499996525,163,30,58,0,0.012120165999931487,0.37409429199988153,0.11819362500000352,0.050725625000040964,0.009416166999926645,0.0002869590000500466,0.5656787919999715,0.00029312500009837095,0.05628862499997922,0.9999991213285371,0.6563014831103298,7.40142291799998,1.1755102040816326e-05,1.306122448979592e-06,sparse,13.336319000000003,8.709145416999945,81.59058666229248,566.10546875,567.69921875,1.59375
7000,CountSketch random projection,10,720260516,3,3,16.0,4.0,4.0,rho_n_x4,140935,842326,0.017190326530612244,0.0,1.0,1.0,6.1712012909999885,0.5526955420000377,0.6223397500000374,0.023638707999907638,0,0.0,60.40071428571429,99.0,140919.73925616327,20.13139132230904,60.39417396692712,0.11101588208876005,0.0007950839999466552,163,26,60,0,0.012151707999919381,0.37573437500009277,0.1192066660000819,0.05053720799992334,0.00829479200001515,0.0002782080000542919,0.5670562499999505,0.00028820900001846894,0.05499012500013123,0.9999988300890221,0.6562162945485507,7.346231417000126,1.1755102040816326e-05,1.306122448979592e-06,sparse,13.282042000000047,8.673122542000101,81.90949535369873,567.69921875,574.1171875,6.41796875
8000,CountSketch random projection,1,820260507,3,3,16.0,4.0,4.0,rho_n_x4,160768,962298,0.01503590625,0.0,1.0,1.0,7.259028875000013,0.6746291250001377,0.7403866670001662,0.025586083999996845,0,0.0,60.288,89.0,161067.88296000002,20.133485370000002,60.40045611000001,0.11102778472309038,0.000713542000084999,163,33,69,0,0.014287624999951731,0.4583538750000571,0.13747462500009533,0.06207912500008206,0.00915054200004306,0.0005689580000307615,0.6826902500001779,0.0003181670001595194,0.05737404199999219,0.9999986286169765,0.6582683828947347,8.67404045900048,9e-06,1e-06,sparse,14.929055999999946,10.209969333000117,93.574294090271,574.1171875,580.3671875,6.25
8000,CountSketch random projection,2,820260508,3,3,16.0,4.0,4.0,rho_n_x4,160816,962724,0.0150425625,0.0,1.0,1.0,7.30346099999997,0.6948628750001262,0.8221255839998776,0.030204541000102836,0,0.0,60.306,93.0,161067.88296000002,20.133485370000002,60.40045611000001,0.11102778472309038,0.0008199999999760621,163,31,73,0,0.014422209000031216,0.527042665999943,0.14680999999995947,0.061675540999885925,0.009777666999980283,0.0004667089999657037,0.7611387919998833,0.0004320000000461732,0.06054720800011637,0.9999986786299014,0.6556638368994799,8.820441875000142,9e-06,1e-06,sparse,14.90854000000013,10.413319957999875,93.60917949676514,580.3671875,578.57421875,-1.79296875
8000,CountSketch random projection,3,820260509,3,3,16.0,4.0,4.0,rho_n_x4,160826,962570,0.01504015625,0.0,1.0,1.0,7.370471041999963,0.6680591249998997,0.8629663749998144,0.03276066700004776,0,0.0,60.30975,91.0,161067.88296000002,20.133485370000002,60.40045611000001,0.11102778472309038,0.0009072079999441485,163,30,68,0,0.014190041999881942,0.5740444159998788,0.1433138750001035,0.06206408400021246,0.009359750000157874,0.0005263330001525901,0.8045130409998364,0.00034462500002518937,0.05810337499997331,0.999998848860997,0.6562927482659082,8.901491207999698,9e-06,1e-06,sparse,14.938360999999986,10.440759958999934,93.60250759124756,578.57421875,578.7265625,0.15234375
8000,CountSketch random projection,4,820260510,3,3,16.0,4.0,4.0,rho_n_x4,161417,966172,0.0150964375,0.0,1.0,1.0,7.155074332999902,0.6560109160000138,0.7367087499999343,0.025720874999933585,0,0.0,60.531375,90.0,161067.88296000002,20.133485370000002,60.40045611000001,0.11102778472309038,0.0007820420000825834,163,33,70,0,0.014199958000062907,0.44625170900008015,0.14681979200008755,0.05862704100013616,0.007668834000014613,0.0003063340000153403,0.6747199580001961,0.0003251250000175787,0.06165824999993674,0.9999989035525776,0.6576339068545124,8.547788582000067,9e-06,1e-06,sparse,14.922301000000061,10.068280541999911,93.9558744430542,578.7265625,578.6953125,-0.03125
8000,CountSketch random projection,5,820260511,3,3,16.0,4.0,4.0,rho_n_x4,161116,964188,0.0150654375,0.0,1.0,1.0,7.06959350000011,0.6714182499999879,0.7196942089999538,0.02598966699997618,0,0.0,60.4185,100.0,161067.88296000002,20.133485370000002,60.40045611000001,0.11102778472309038,0.0008841670000947488,163,34,71,0,0.01401570799998808,0.43819533300006697,0.13980329199989683,0.05987587499998881,0.00817658300002222,0.0005032090000440803,0.6615241670001524,0.0003188749999480933,0.05784591599990563,0.9999986406353156,0.6557962583595615,8.460700708000104,9e-06,1e-06,sparse,14.78085800000008,9.9898712910001,93.76809215545654,578.6953125,580.18359375,1.48828125
8000,CountSketch random projection,6,820260512,3,3,16.0,4.0,4.0,rho_n_x4,160238,959306,0.01498915625,0.0,1.0,1.0,7.041818165999985,0.6578267500001402,0.7137025419999645,0.026598124999964057,0,0.0,60.08925,89.0,161067.88296000002,20.133485370000002,60.40045611000001,0.11102778472309038,0.0008055000000695145,163,31,63,0,0.013968209000040588,0.43564883299995927,0.1372155000001385,0.059018165999987104,0.008720667000034155,0.0005685829999038106,0.6560135830000036,0.00033125000004474714,0.057353082999952676,0.9999987903370479,0.6592112913931252,8.413342832000126,9e-06,1e-06,sparse,14.82231899999988,9.929690749999963,93.27565288543701,580.18359375,581.546875,1.36328125
8000,CountSketch random projection,7,820260513,3,3,16.0,4.0,4.0,rho_n_x4,161279,965374,0.01508396875,0.0,1.0,1.0,7.187629833000074,0.6852556659998754,0.7451463330000934,0.027360957999917446,0,0.0,60.479625,89.0,161067.88296000002,20.133485370000002,60.40045611000001,0.11102778472309038,0.0007541249999576394,163,31,64,0,0.014381082999989303,0.46040945799995825,0.1390934579999339,0.06171304200006489,0.008131583000022147,0.0003135839999686141,0.684864042000072,0.0003207079998901463,0.059956083000088256,0.9999987380225351,0.6555152122567297,8.618026332,9e-06,1e-06,sparse,14.947443999999905,10.177930333999939,93.86945247650146,581.546875,581.18359375,-0.36328125
8000,CountSketch random projection,8,820260514,3,3,16.0,4.0,4.0,rho_n_x4,161155,964682,0.01507315625,0.0,1.0,1.0,7.273173209000106,0.6637026670000523,0.8049448750000465,0.02725245800002085,0,0.0,60.433125,91.0,161067.88296000002,20.133485370000002,60.40045611000001,0.11102778472309038,0.0008546250001018052,163,31,69,0,0.014187499999934516,0.5168174590000945,0.14591370800008008,0.06164641700001994,0.009263665999924342,0.00032399999986409966,0.7490766670000539,0.00031995799986361817,0.055544167000107336,0.9999986222616126,0.657360826306689,8.741816668000183,9e-06,1e-06,sparse,14.799499000000196,10.301290541000071,93.8006010055542,581.18359375,587.15234375,5.96875
8000,CountSketch random projection,9,820260515,3,3,16.0,4.0,4.0,rho_n_x4,160566,961378,0.01502153125,0.0,1.0,1.0,7.243872666000016,0.6575618749998284,0.708258375000014,0.02571075000014389,0,0.0,60.21225,92.0,161067.88296000002,20.133485370000002,60.40045611000001,0.11102778472309038,0.0008479170001010061,163,33,66,0,0.013883041999861234,0.43591954200019245,0.13624733400001787,0.05741562499997599,0.008890832999895792,0.000324583000065104,0.6535993749998852,0.00032141699989551853,0.054333042000052956,0.9999988237319953,0.657996148756201,8.609688374999678,9e-06,1e-06,sparse,14.822633000000224,10.113243832999842,93.47527980804443,587.15234375,600.328125,13.17578125
8000,CountSketch random projection,10,820260516,3,3,16.0,4.0,4.0,rho_n_x4,161445,966250,0.01509765625,0.0,1.0,1.0,7.132883083999786,0.6709414590000051,0.720403000000033,0.029506708000099025,0,0.0,60.541875,92.0,161067.88296000002,20.133485370000002,60.40045611000001,0.11102778472309038,0.0007740000000922009,163,31,65,0,0.014108541000041441,0.4364849169999161,0.14257212500001515,0.05909704099985902,0.009450458999936018,0.0003277920000073209,0.6629037090001475,0.0004010420000213344,0.05709224999986873,0.999998891433534,0.6571704303873214,8.524221543999829,9e-06,1e-06,sparse,14.907156000000214,10.047160333999955,93.96807765960693,600.328125,600.984375,0.65625
9000,CountSketch random projection,1,920260507,3,3,16.0,4.0,4.0,rho_n_x4,180679,1082702,0.013366691358024691,0.0,1.0,1.0,8.05712491700001,0.7579520829999637,0.8401941250001528,0.029376917000035974,0,0.0,60.226333333333336,91.0,181216.02133333334,20.135113481481483,60.40534044444445,0.11103703429446768,0.0008461249999527354,163,36,75,0,0.019144417000006797,0.5296596250000221,0.15618416699999216,0.06672691700009636,0.009676416000047539,0.00043637499993565143,0.782750791999888,0.00035320799997862196,0.05708562500012704,0.9999986274250412,0.6556882150593161,9.655266624999967,7.111111111111111e-06,7.901234567901235e-07,sparse,16.488612999999987,11.383080999999947,105.29065227508545,600.984375,635.10546875,34.12109375
9000,CountSketch random projection,2,920260508,3,3,16.0,4.0,4.0,rho_n_x4,181525,1087478,0.013425654320987654,0.0,1.0,1.0,7.983743458999925,0.7501267079999252,0.8246029169999929,0.02832862499985822,0,0.0,60.50833333333333,94.0,181216.02133333334,20.135113481481483,60.40534044444445,0.11103703429446768,0.0008039169999847218,163,38,71,0,0.017073415999902863,0.5191612080000141,0.1532858750001651,0.06622970800003714,0.008256124999888925,0.0003582090000691096,0.7652318329999162,0.00034033299994007393,0.05902624999998807,0.9999988585917544,0.657592490659346,9.558468582999694,7.111111111111111e-06,7.901234567901235e-07,sparse,16.36239899999964,11.288010665999991,105.7588529586792,635.10546875,638.09765625,2.9921875
9000,CountSketch random projection,3,920260509,3,3,16.0,4.0,4.0,rho_n_x4,180953,1084190,0.013385061728395061,0.0,1.0,1.0,7.933584834000158,0.7463517499998034,0.8252760830000625,0.02919816600001468,0,0.0,60.31766666666667,90.0,181216.02133333334,20.135113481481483,60.40534044444445,0.11103703429446768,0.0008417500000632572,163,40,84,0,0.016339540999979363,0.5110866250001891,0.16097079199994369,0.06586433400002534,0.009463708000112092,0.0004137500000069849,0.7651016249999429,0.00036924999994880636,0.05979820800007474,0.999998782645881,0.6567919900641238,9.505205666999927,7.111111111111111e-06,7.901234567901235e-07,sparse,16.179803999999876,11.236814792000132,105.43130779266357,637.3671875,624.703125,-12.6640625
9000,CountSketch random projection,4,920260510,3,3,16.0,4.0,4.0,rho_n_x4,180941,1084158,0.013384666666666666,0.0,1.0,1.0,8.05191858299986,0.7138078330001463,0.9428495000001931,0.028239665999990393,0,0.0,60.31366666666667,91.0,181216.02133333334,20.135113481481483,60.40534044444445,0.11103703429446768,0.000791666000168334,163,35,77,0,0.01600837500018315,0.6280401249998704,0.15712970799995674,0.07274354200012567,0.008795209000027171,0.0006942080001408613,0.8843283329999849,0.0003835420000086742,0.05813045800005057,0.9999985486041936,0.6563827732135296,9.708568749000051,7.111111111111111e-06,7.901234567901235e-07,sparse,16.40579600000001,11.557132249999995,105.43081569671631,624.703125,619.84375,-4.859375
9000,CountSketch random projection,5,920260511,3,3,16.0,4.0,4.0,rho_n_x4,180466,1081190,0.013348024691358025,0.0,1.0,1.0,8.179573083999912,0.7497215829998822,0.9146591249998437,0.02836475000003702,0,0.0,60.15533333333333,93.0,181216.02133333334,20.135113481481483,60.40534044444445,0.11103703429446768,0.0007932910000363336,163,36,80,0,0.015513833000113664,0.5986090829999284,0.15864812500012704,0.07318795800006228,0.008629374999827633,0.00033374999998159183,0.855777291999857,0.00034441699995113595,0.05853304100014611,0.9999983508114606,0.6581363855532794,9.843949416999749,7.111111111111111e-06,7.901234567901235e-07,sparse,16.531622000000425,11.62457504200006,105.15038204193115,619.84375,618.8203125,-1.0234375
9000,CountSketch random projection,6,920260512,3,3,16.0,4.0,4.0,rho_n_x4,181526,1087480,0.01342567901234568,0.0,1.0,1.0,8.304805208000062,0.8047397909999745,1.015849542000069,0.03117420800003856,0,0.0,60.50866666666667,91.0,181216.02133333334,20.135113481481483,60.40534044444445,0.11103703429446768,0.0007840839998607407,163,35,71,0,0.016824457999973674,0.6889216250001482,0.16135816599989994,0.07290533400009735,0.010136624999859123,0.0007149169998683647,0.9517555420000008,0.0004452910000054544,0.06364220900013606,0.9999987667762213,0.6570423425997538,10.125388041000178,7.111111111111111e-06,7.901234567901235e-07,sparse,16.59653299999991,11.941153832999817,105.75912380218506,618.8203125,618.84375,0.0234375
9000,CountSketch random projection,7,920260513,3,3,16.0,4.0,4.0,rho_n_x4,181240,1085894,0.0134060987654321,0.0,1.0,1.0,8.202702541999997,0.7354454170001645,0.815832207999847,0.02855204100001174,0,0.0,60.413333333333334,93.0,181216.02133333334,20.135113481481483,60.40534044444445,0.11103703429446768,0.0008438330000899441,163,35,76,0,0.01555499999994936,0.5134501669999736,0.14985425000008945,0.06717783399994914,0.00817945900007544,0.00036554200005411985,0.755515374999959,0.000522249999903579,0.05978862500001014,0.9999986323680523,0.656609948574995,9.753974209000035,7.111111111111111e-06,7.901234567901235e-07,sparse,16.51386199999979,11.433167291000018,105.59934139251709,618.84375,617.91015625,-0.93359375
9000,CountSketch random projection,8,920260514,3,3,16.0,4.0,4.0,rho_n_x4,180773,1083306,0.013374148148148149,0.0,1.0,1.0,8.168444791000184,0.7810267910001585,0.893349292000039,0.03523124999992433,0,0.0,60.257666666666665,93.0,181216.02133333334,20.135113481481483,60.40534044444445,0.11103703429446768,0.0008842909999202675,163,40,75,0,0.015664791999824956,0.5619609590000891,0.16723875000002408,0.07734179199997016,0.010790374999942287,0.00046508299988090585,0.8344563749999452,0.0005870830000276328,0.058297125000080996,0.9999986648538968,0.6563392668667937,9.842812165000396,7.111111111111111e-06,7.901234567901235e-07,sparse,16.57515500000045,11.683948916999952,105.34401226043701,617.91015625,617.91015625,0.0
9000,CountSketch random projection,9,920260515,3,3,16.0,4.0,4.0,rho_n_x4,181803,1089700,0.013453086419753086,0.0,1.0,1.0,8.088590000000067,0.7564309580000099,0.8353356669999812,0.02903083399996831,0,0.0,60.601,92.0,181216.02133333334,20.135113481481483,60.40534044444445,0.11103703429446768,0.0008309590000408207,163,39,75,0,0.016506250000020373,0.5299898329999451,0.15214429200000268,0.06744549999984883,0.010355459000038536,0.00039570800004185003,0.7777547499999855,0.0005354999998417043,0.05703991599989422,0.9999989801603772,0.6571864826612581,9.680351123999799,7.111111111111111e-06,7.901234567901235e-07,sparse,16.43996700000025,11.350342583999918,105.9529218673706,617.91015625,617.16015625,-0.75
9000,CountSketch random projection,10,920260516,3,3,16.0,4.0,4.0,rho_n_x4,180989,1084408,0.013387753086419754,0.0,1.0,1.0,7.99319879199993,0.7456295000001774,0.8297602500001631,0.028737624999848776,0,0.0,60.32966666666667,91.0,181216.02133333334,20.135113481481483,60.40534044444445,0.11103703429446768,0.000864042000102927,163,38,79,0,0.016456957999935184,0.5210117910000918,0.1537898750000295,0.06833712499997091,0.008141792000060377,0.0003276669999650039,0.7689968330000738,0.0003455000000940345,0.06041349999986778,0.9999987090662974,0.6589669413073356,9.568584125000143,7.111111111111111e-06,7.901234567901235e-07,sparse,16.4604360000003,11.318092999999863,105.4542760848999,616.16015625,615.91015625,-0.25
10000,CountSketch random projection,1,1020260507,3,3,16.0,4.0,4.0,rho_n_x4,201143,1206408,0.01206408,0.0,1.0,1.0,8.934033666000005,0.8259105420002015,0.9693250420000368,0.03188737499999661,0,0.0,60.3429,92.0,201364.17303552,20.136417303552,60.409251910656,0.11104444888977795,0.0008088329998372501,163,41,80,0,0.01901283400002285,0.6202212910000071,0.182381709000083,0.07734212499985915,0.007725000000164073,0.0005719579999095004,0.9081416250000984,0.00038883399997757806,0.06079016700005013,0.9999983129023008,0.6575555835250577,10.729264834000332,5.76e-06,6.4e-07,sparse,17.969882999999754,12.668403958999988,117.31961250305176,615.91015625,623.98828125,8.078125
10000,CountSketch random projection,2,1020260508,3,3,16.0,4.0,4.0,rho_n_x4,201478,1208646,0.01208646,0.0,1.0,1.0,8.886527084000136,0.8553400000000693,0.959192375000157,0.031816667000157395,0,0.0,60.4434,90.0,201364.17303552,20.136417303552,60.409251910656,0.11104444888977795,0.0008969160001015553,163,43,86,0,0.01845954200007327,0.6160885409999537,0.1725436249998893,0.07704229199998736,0.007937166999909095,0.0003859170001305756,0.8934220420001111,0.00036870799999633164,0.06539745800000674,0.999998569113633,0.6567433193170404,10.70105529200032,5.76e-06,6.4e-07,sparse,18.12340600000016,12.654823750000105,117.5233793258667,623.98828125,623.96484375,-0.0234375
10000,CountSketch random projection,3,1020260509,3,3,16.0,4.0,4.0,rho_n_x4,201438,1208102,0.01208102,0.0,1.0,1.0,8.920424292000007,0.8128346250000504,1.0620681670000067,0.03258400000004258,0,0.0,60.4314,92.0,201364.17303552,20.136417303552,60.409251910656,0.11104444888977795,0.0008122080000703136,163,37,81,0,0.017391082999893115,0.6867084999998951,0.19032854199986105,0.09214920799990978,0.010782250000147542,0.0006287909998263785,0.998897665999948,0.000608667000051355,0.06255504099999598,0.9999985961928638,0.6580623607833067,10.795320291000053,5.76e-06,6.4e-07,sparse,17.793199000000186,12.678996459000018,117.47949504852295,623.96484375,625.453125,1.48828125
10000,CountSketch random projection,4,1020260510,3,3,16.0,4.0,4.0,rho_n_x4,201172,1206484,0.01206484,0.0,1.0,1.0,9.063622874999965,0.8815388749999329,0.9867280000000846,0.03575662499997634,0,0.0,60.3516,92.0,201364.17303552,20.136417303552,60.409251910656,0.11104444888977795,0.0008940419997998106,163,44,81,0,0.018744207999816354,0.6343613330000153,0.18325808400004462,0.07804066699986834,0.009326667000095767,0.0006842500001766894,0.9253948329999275,0.00038325000014083344,0.06094416700011607,0.9999983879497273,0.6559430580722229,10.931884000000082,5.76e-06,6.4e-07,sparse,18.106381000000056,12.891465708999931,117.32751369476318,624.453125,626.59375,2.140625
10000,CountSketch random projection,5,1020260511,3,3,16.0,4.0,4.0,rho_n_x4,200505,1202812,0.01202812,0.0,1.0,1.0,8.922875874999818,0.8211596659998577,1.290185665999843,0.03601033299992196,0,0.0,60.1515,92.0,201364.17303552,20.136417303552,60.409251910656,0.11104444888977795,0.0008627080001133436,163,42,83,0,0.018183292000003348,0.7440754169999764,0.2770106250000026,0.17357379100008075,0.010929957999906037,0.0005517500001133158,1.225281750000022,0.0004292500000246946,0.06446933299980628,0.9999983084046178,0.6575508172870664,11.034215873999528,5.76e-06,6.4e-07,sparse,17.786095999999816,12.99717858300005,116.9559965133667,626.59375,628.3828125,1.7890625
10000,CountSketch random projection,6,1020260512,3,3,16.0,4.0,4.0,rho_n_x4,201557,1208826,0.01208826,0.0,1.0,1.0,9.126774249999926,0.8668496249999862,1.0223419169999488,0.031656333000000814,0,0.0,60.4671,91.0,201364.17303552,20.136417303552,60.409251910656,0.11104444888977795,0.0009525830000711721,163,44,85,0,0.018438208000134182,0.6600258749999739,0.19319929199991748,0.07982766700001775,0.009175708000157101,0.000495708000016748,0.9622185840000839,0.00039404199992532085,0.05972437500008709,0.9999982571399498,0.6556859186612048,11.015960876000008,5.76e-06,6.4e-07,sparse,18.269431000000168,12.993493250000029,117.55286693572998,628.3828125,626.70703125,-1.67578125
10000,CountSketch random projection,7,1020260513,3,3,16.0,4.0,4.0,rho_n_x4,202327,1213380,0.0121338,0.0,1.0,1.0,8.896710167000037,0.8583593749999636,0.9646441250001772,0.03137074999995093,0,0.0,60.6981,93.0,201364.17303552,20.136417303552,60.409251910656,0.11104444888977795,0.0008959580000009737,163,39,82,0,0.017797874999814667,0.6289831250001043,0.17249483299997337,0.07630712499985748,0.00886116700007733,0.00043945900006292504,0.9058496249999735,0.0003974170001583843,0.05839229200000773,0.9999986305171414,0.6574813321681331,10.71970887600014,5.76e-06,6.4e-07,sparse,18.083611999999903,12.657690667000224,117.99103450775146,626.70703125,628.25390625,1.546875
10000,CountSketch random projection,8,1020260514,3,3,16.0,4.0,4.0,rho_n_x4,201881,1211176,0.01211176,0.0,1.0,1.0,8.911484542000153,0.8740159159999621,0.999715249999781,0.03178841699991608,0,0.0,60.5643,89.0,201364.17303552,20.136417303552,60.409251910656,0.11104444888977795,0.0008114999998269923,163,43,80,0,0.017596542000092086,0.6294445410001117,0.18844304200001716,0.09237337500007925,0.00850545899993449,0.0004303340001570177,0.9376755419998517,0.0003972919998886937,0.061637291000124605,0.9999985256631941,0.6564772744914453,10.78521058299998,5.76e-06,6.4e-07,sparse,17.654983000000357,12.644940625000118,117.76187419891357,627.25390625,614.515625,-12.73828125
10000,CountSketch random projection,9,1020260515,3,3,16.0,4.0,4.0,rho_n_x4,200967,1205358,0.01205358,0.0,1.0,1.0,8.894400542000085,0.7874507500000618,0.9306761670000014,0.031318166999881214,0,0.0,60.2901,90.0,201364.17303552,20.136417303552,60.409251910656,0.11104444888977795,0.0007916669999303849,163,41,92,0,0.017149249999874883,0.5910049169999638,0.17203637500006153,0.07869249999998829,0.008008458000176688,0.0004807089999303571,0.8682379589999982,0.0004483339998841984,0.061985375000176646,0.9999984792597358,0.6563230915902954,10.612522960000206,5.76e-06,6.4e-07,sparse,17.736435999999685,12.550720124999998,117.2026777267456,614.515625,617.78125,3.265625
10000,CountSketch random projection,10,1020260516,3,3,16.0,4.0,4.0,rho_n_x4,201113,1206030,0.0120603,0.0,1.0,1.0,8.861739124999986,0.7959496660000696,0.9193793330000517,0.03144929200016122,0,0.0,60.3339,90.0,201364.17303552,20.136417303552,60.409251910656,0.11104444888977795,0.0008563339999909658,163,40,85,0,0.01721870799997305,0.5769337499998528,0.17512508300001173,0.0800986249998914,0.007943457999999737,0.0003803330000664573,0.8586210410001058,0.00036987499993301753,0.060382875000186687,0.9999982599757066,0.6583248812919902,10.57706258200028,5.76e-06,6.4e-07,sparse,17.729855999999927,12.49989033299994,117.28966426849365,617.78125,616.953125,-0.828125
