n,method,reps,n_mean,n_std,K_mean,K_std,rho_n_mean,rho_n_std,a_in_mean,a_in_std,b_out_mean,b_out_std,signal_gap_mean,signal_gap_std,p_in_mean,p_in_std,p_out_mean,p_out_std,num_hyperedges_total_mean,num_hyperedges_total_std,theta_nnz_mean,theta_nnz_std,theta_density_mean,theta_density_std,hypergraph_degree_mean_mean,hypergraph_degree_mean_std,hypergraph_degree_max_mean,hypergraph_degree_max_std,expected_degree_mean_mean,expected_degree_mean_std,candidate_within_fraction_mean,candidate_within_fraction_std,isolated_fraction_mean,isolated_fraction_std,misclassification_mean,misclassification_std,ARI_mean,ARI_std,NMI_mean,NMI_std,generation_wall_sec_mean,generation_wall_sec_std,hypergraph_laplacian_build_wall_sec_mean,hypergraph_laplacian_build_wall_sec_std,eigen_decomposition_wall_sec_mean,eigen_decomposition_wall_sec_std,embedding_normalize_wall_sec_mean,embedding_normalize_wall_sec_std,kmeans_wall_sec_mean,kmeans_wall_sec_std,spectral_clustering_wall_sec_mean,spectral_clustering_wall_sec_std,metric_wall_sec_mean,metric_wall_sec_std,algorithm_total_wall_sec_mean,algorithm_total_wall_sec_std,rp_power_iter_sec_mean,rp_power_iter_sec_std,rp_qr_sec_mean,rp_qr_sec_std,rp_build_core_sec_mean,rp_build_core_sec_std,rs_sample_matrix_wall_sec_mean,rs_sample_matrix_wall_sec_std,rs_sampled_upper_nnz_mean,rs_sampled_upper_nnz_std,cs_initial_multiply_sec_mean,cs_initial_multiply_sec_std,cs_power_iter_sec_mean,cs_power_iter_sec_std,cs_qr_sec_mean,cs_qr_sec_std,cs_build_core_sec_mean,cs_build_core_sec_std,cs_embedding_dim_mean,cs_embedding_dim_std,top_eigenvalue_max_mean,top_eigenvalue_max_std,top_eigenvalue_min_mean,top_eigenvalue_min_std,non_random_spectral_sec_mean,spectral_speedup_vs_non_random
3000,Non-random eigsh,5,3000.0,0.0,6.0,0.0,32.0,0.0,11.414213562373096,0.0,8.585786437626904,0.0,2.8284271247461916,0.0,4.058387044399323e-05,0.0,3.052724066711788e-05,0.0,138721.0,388.4919561586841,797890.0,2517.2004290481123,0.0886544444444444,0.000279688936560915,138.721,0.3884919561586824,186.8,3.6331804249169894,138.48478725267566,0.0,0.0276389661574983,0.0,0.0,0.0,0.812,0.005005552472560375,0.00011288260254010002,0.0006201013169199514,0.00248171032102406,0.000863629892860593,0.9255030417814851,0.04464681253267857,0.1658939917804673,0.013207174043022997,0.10962255802005524,0.007241113337721087,0.00012420001439748788,0.0001075046877758666,0.3443029501941055,0.02157593132029403,0.45405114179011435,0.023187487688252875,0.0021434499882161,0.00019015422035991298,1.5454467417905107,0.04855358051663743,,,,,,,,,,,,,,,,,,,,,0.9999999999999997,6.977643512971218e-16,0.41363391046017206,0.00024086419227115866,0.45405114179011435,1.0
3000,Gaussian RP,5,3000.0,0.0,6.0,0.0,32.0,0.0,11.414213562373096,0.0,8.585786437626904,0.0,2.8284271247461916,0.0,4.058387044399323e-05,0.0,3.052724066711788e-05,0.0,138721.0,388.4919561586841,797890.0,2517.2004290481123,0.0886544444444444,0.000279688936560915,138.721,0.3884919561586824,186.8,3.6331804249169894,138.48478725267566,0.0,0.0276389661574983,0.0,0.0,0.0,0.8143333333333332,0.002538591035287956,-0.00017077012291041643,0.00032923872227540456,0.0020739720472184,0.00046162931890226876,0.9255030417814851,0.04464681253267857,0.1658939917804673,0.013207174043022997,0.033971607987768895,0.0045393042483883655,0.00017591703217472143,8.924379569215779e-05,0.38768396638333796,0.011933539033176845,0.4218327664071694,0.01099396903813365,0.00217366679571564,0.0003762711075499694,1.5132285249652342,0.0659087480412079,0.01766483334358774,0.0006317479063097883,0.00525984161067748,0.003979393168608841,0.00945925842970606,0.0015337327020042983,,,,,,,,,,,,,,,0.9238691287867044,0.009314866925704043,0.3647351495925866,0.00021750276796602647,0.45405114179011435,1.0763771284467896
3000,Random sampling,5,3000.0,0.0,6.0,0.0,32.0,0.0,11.414213562373096,0.0,8.585786437626904,0.0,2.8284271247461916,0.0,4.058387044399323e-05,0.0,3.052724066711788e-05,0.0,138721.0,388.4919561586841,797890.0,2517.2004290481123,0.0886544444444444,0.000279688936560915,138.721,0.3884919561586824,186.8,3.6331804249169894,138.48478725267566,0.0,0.0276389661574983,0.0,0.0,0.0,0.8166,0.0021525179054617542,0.00018561275921496936,0.0002452244047958192,0.00365380108978082,0.0010407934583637761,0.9255030417814851,0.04464681253267857,0.1658939917804673,0.013207174043022997,0.06718333298340437,0.007423117664586541,6.70250039547659e-05,2.279255869143521e-05,0.2856231167912483,0.0457865499340265,0.352875208389014,0.0391297942171737,0.0022435333812608803,0.0005636851624065105,1.4442705083405598,0.08775678514022975,,,,,,,0.01385607481934124,0.0014421779070436158,120180.4,450.8606214785217,,,,,,,,,,,1.420040964285606,0.00556070362113843,1.1953740688240635,0.0014998099287570328,0.45405114179011435,1.286718735110353
3000,CountSketch RP,5,3000.0,0.0,6.0,0.0,32.0,0.0,11.414213562373096,0.0,8.585786437626904,0.0,2.8284271247461916,0.0,4.058387044399323e-05,0.0,3.052724066711788e-05,0.0,138721.0,388.4919561586841,797890.0,2517.2004290481123,0.0886544444444444,0.000279688936560915,138.721,0.3884919561586824,186.8,3.6331804249169894,138.48478725267566,0.0,0.0276389661574983,0.0,0.0,0.0,0.8143333333333332,0.003153481321404079,-4.4577011596439985e-05,0.0005284538740020009,0.00224128286979096,0.0007711237306616191,0.9255030417814851,0.04464681253267857,0.1658939917804673,0.013207174043022997,0.035273041785694605,0.0055301365733615455,0.00020260820165272645,9.607906144083931e-05,0.3378149332012981,0.01742035817005099,0.37329183362890034,0.013248252906681066,0.00234245841857042,0.00029914600454599663,1.464687616750598,0.06533612227850254,,,,,,,,,,,0.00372495800256722,0.00027749447275642405,0.01251237541437146,0.0019139879987548727,0.00665028337389226,0.0030603959630414036,0.011499233637005061,0.003407060356139267,36.0,0.0,0.9193106939379154,0.021437763528988546,0.36453350270865054,0.0003042146862645064,0.45405114179011435,1.2163436241723387
6000,Non-random eigsh,5,6000.0,0.0,6.0,0.0,32.0,0.0,11.414213562373096,0.0,8.585786437626904,0.0,2.8284271247461916,0.0,1.0145967610998308e-05,0.0,7.63181016677947e-06,0.0,277086.4,692.4318016960168,1630790.0,3828.012800396586,0.045299722222222186,0.00010633368889990603,138.5432,0.3462159008480013,184.0,4.47213595499958,138.55721434244012,0.0,0.0277083526369655,0.0,0.0,0.0,0.8173666666666666,0.0035126754602281263,9.242821534737261e-05,0.0002798884301017292,0.00128698356564166,0.00038525398535461816,1.9204751665936783,0.1324568660950165,0.37921445840038354,0.019638993183925084,0.32805164163000883,0.029620446256062145,8.690000977366434e-05,1.798109266789466e-05,0.4041211747797206,0.030312987005401762,0.7322612915653736,0.04673330424336157,0.0036710495827719,0.0005536108633943563,3.031949341413565,0.17910384814302385,,,,,,,,,,,,,,,,,,,,,1.0000000000000002,1.1696925375895549e-15,0.4143329930747665,0.00015306401624854877,0.7322612915653736,1.0
6000,Gaussian RP,5,6000.0,0.0,6.0,0.0,32.0,0.0,11.414213562373096,0.0,8.585786437626904,0.0,2.8284271247461916,0.0,1.0145967610998308e-05,0.0,7.63181016677947e-06,0.0,277086.4,692.4318016960168,1630790.0,3828.012800396586,0.045299722222222186,0.00010633368889990603,138.5432,0.3462159008480013,184.0,4.47213595499958,138.55721434244012,0.0,0.0277083526369655,0.0,0.0,0.0,0.8198000000000001,0.0019804601036683828,-2.661056760048243e-05,0.00025912091856306665,0.00112606180770848,0.00036065531450106704,1.9204751665936783,0.1324568660950165,0.37921445840038354,0.019638993183925084,0.08089561699889598,0.03937136924748163,0.00173558362293986,0.0027818693539563917,0.47759113342035564,0.010244222752708166,0.5602244165958836,0.04342477330253912,0.0038351167924701402,0.0008208698814172117,2.8599119590362534,0.14214907739321267,0.04093778319656844,0.010797197142977317,0.01668280041776592,0.02377566424418935,0.02052037501707668,0.005104451626505965,,,,,,,,,,,,,,,0.8678899101862185,0.02079127392866246,0.3631293191828021,0.00021792734895878461,0.7322612915653736,1.3070856425980952
6000,Random sampling,5,6000.0,0.0,6.0,0.0,32.0,0.0,11.414213562373096,0.0,8.585786437626904,0.0,2.8284271247461916,0.0,1.0145967610998308e-05,0.0,7.63181016677947e-06,0.0,277086.4,692.4318016960168,1630790.0,3828.012800396586,0.045299722222222186,0.00010633368889990603,138.5432,0.3462159008480013,184.0,4.47213595499958,138.55721434244012,0.0,0.0277083526369655,0.0,0.0,0.0,0.8232333333333333,0.001283441553878543,-4.051945314433478e-05,3.1300763636301866e-05,0.00118084327153146,0.00012760779699767943,1.9204751665936783,0.1324568660950165,0.37921445840038354,0.019638993183925084,0.15885010017082093,0.01478279352238347,0.00010510820429771295,4.8558696929713286e-05,0.3677970916032791,0.033374990770406794,0.5267543165944517,0.03621062031128813,0.00380722538102414,0.0003044330739761886,2.8264419249724595,0.12036839904477473,,,,,,,0.028442333196289783,0.0010399171173626203,245518.6,638.2979711702042,,,,,,,,,,,1.4198983649297607,0.003029631797479666,1.195661770520943,0.0004490048059831941,0.7322612915653736,1.390138188709219
6000,CountSketch RP,5,6000.0,0.0,6.0,0.0,32.0,0.0,11.414213562373096,0.0,8.585786437626904,0.0,2.8284271247461916,0.0,1.0145967610998308e-05,0.0,7.63181016677947e-06,0.0,277086.4,692.4318016960168,1630790.0,3828.012800396586,0.045299722222222186,0.00010633368889990603,138.5432,0.3462159008480013,184.0,4.47213595499958,138.55721434244012,0.0,0.0277083526369655,0.0,0.0,0.0,0.8198333333333334,0.0009501461875825927,-4.8573935554839433e-05,7.936070915558877e-05,0.00108384459700634,0.00011225906871366839,1.9204751665936783,0.1324568660950165,0.37921445840038354,0.019638993183925084,0.06570988320745522,0.01519978504461649,0.00039335002657019997,0.00022145693095464345,0.3741463917773217,0.024648610348139692,0.4402512835804373,0.03600352243853012,0.0042464163852855,0.001296203605731333,2.739939250005409,0.14591876642907428,,,,,,,,,,,0.00783030001912258,0.0007483299938572213,0.025333824800327382,0.003764716454465744,0.01070699139963828,0.002872760749924408,0.02013610857538874,0.008045989815356201,36.0,0.0,0.8444873707413889,0.02828450138618465,0.3633228838991391,0.00026861471347625174,0.7322612915653736,1.6632803103039306
9000,Non-random eigsh,5,9000.0,0.0,6.0,0.0,32.0,0.0,11.414213562373096,0.0,8.585786437626904,0.0,2.8284271247461916,0.0,4.50931893822147e-06,0.0,3.3919156296797646e-06,0.0,416267.4,401.6563207519635,2468476.8,2429.2795639859664,0.030475022222222158,2.9991105728209995e-05,138.7558,0.1338854402506416,182.0,2.915475947422649,138.58136121501394,0.0,0.0277314900588717,0.0,0.0,0.0,0.8190222222222221,0.0029010428095283636,0.0002645144158334547,0.0002701071392805378,0.00114303187094598,0.00037014711940948553,2.8839933670125903,0.05828637979166136,0.5862725334009156,0.021316954331818266,0.5490653917659074,0.09278204103038738,0.0001702002016827135,0.000146563135024714,0.469221799983643,0.059653382562055705,1.0184590333839878,0.12954213451746815,0.00546610024757678,0.000735994722491682,4.488723292364739,0.17640511476881554,,,,,,,,,,,,,,,,,,,,,1.0,3.6821932062951477e-16,0.41468665775513064,0.0001342186864587981,1.0184590333839878,1.0
9000,Gaussian RP,5,9000.0,0.0,6.0,0.0,32.0,0.0,11.414213562373096,0.0,8.585786437626904,0.0,2.8284271247461916,0.0,4.50931893822147e-06,0.0,3.3919156296797646e-06,0.0,416267.4,401.6563207519635,2468476.8,2429.2795639859664,0.030475022222222158,2.9991105728209995e-05,138.7558,0.1338854402506416,182.0,2.915475947422649,138.58136121501394,0.0,0.0277314900588717,0.0,0.0,0.0,0.8220666666666666,0.0024889880932610717,7.866885999023011e-05,0.00014730481979465117,0.0008895673040617801,0.00020191033333445,2.8839933670125903,0.05828637979166136,0.5862725334009156,0.021316954331818266,0.11259975819848474,0.010453202312307695,0.00051308337133374,0.0005064688011114411,0.5023464584490285,0.03445557103946248,0.6154607083881274,0.042513723491022136,0.0057733667781576,0.000817159210261695,4.0857252004323525,0.08179045794622339,0.05916028341744088,0.005031062174434984,0.015122041827999023,0.003493411513827162,0.03533771659713232,0.007253398739862008,,,,,,,,,,,,,,,0.8177670713784607,0.027373361908991048,0.36261909896366323,0.0001431728418430657,1.0184590333839878,1.6547913124321139
9000,Random sampling,5,9000.0,0.0,6.0,0.0,32.0,0.0,11.414213562373096,0.0,8.585786437626904,0.0,2.8284271247461916,0.0,4.50931893822147e-06,0.0,3.3919156296797646e-06,0.0,416267.4,401.6563207519635,2468476.8,2429.2795639859664,0.030475022222222158,2.9991105728209995e-05,138.7558,0.1338854402506416,182.0,2.915475947422649,138.58136121501394,0.0,0.0277314900588717,0.0,0.0,0.0,0.8246222222222223,0.00239418018650059,1.2831854781262513e-05,0.00011110170738268978,0.00093837290353136,0.00033964941671698863,2.8839933670125903,0.05828637979166136,0.5862725334009156,0.021316954331818266,0.28950265820603815,0.02990763301724234,0.00015733321197328862,0.00014156669327887068,0.39249640863854435,0.014976206703655466,0.6821582997916267,0.017888409396946282,0.00513854157179588,0.00038622693393806787,4.152422300470062,0.07525273073273069,,,,,,,0.0420893085421994,0.002118183490458173,371826.6,751.0331550604061,,,,,,,,,,,1.4164782693076692,0.0014727779908444865,1.1950152099299278,0.0005482370018585731,1.0184590333839878,1.4929951503853112
9000,CountSketch RP,5,9000.0,0.0,6.0,0.0,32.0,0.0,11.414213562373096,0.0,8.585786437626904,0.0,2.8284271247461916,0.0,4.50931893822147e-06,0.0,3.3919156296797646e-06,0.0,416267.4,401.6563207519635,2468476.8,2429.2795639859664,0.030475022222222158,2.9991105728209995e-05,138.7558,0.1338854402506416,182.0,2.915475947422649,138.58136121501394,0.0,0.0277314900588717,0.0,0.0,0.0,0.8226666666666667,0.0011439589045541259,-2.5449251629472446e-05,0.00015127914811666405,0.00074441031643808,0.00021611405060304275,2.8839933670125903,0.05828637979166136,0.5862725334009156,0.021316954331818266,0.09459146682638668,0.010474823769365146,0.00056201699189836,0.00030647980415660217,0.4053195334039629,0.01876867530369485,0.5004748668288812,0.02667207752348405,0.00475204179529094,0.0008941394417644172,3.970738917635754,0.08415113034123192,,,,,,,,,,,0.011792791401967359,0.0006086370651842791,0.03867365019395942,0.0019342321573251095,0.0122287751641124,0.003002593338867505,0.02990364138968284,0.008233856282608736,36.0,0.0,0.7869376153409616,0.04548073388792468,0.36264097063069556,0.00013544087793562358,1.0184590333839878,2.0349853726665
12000,Non-random eigsh,5,12000.0,0.0,6.0,0.0,32.0,0.0,11.414213562373096,0.0,8.585786437626904,0.0,2.8284271247461916,0.0,2.536491902749577e-06,0.0,1.9079525416948676e-06,0.0,554304.2,829.0926968680865,3299558.4,4923.337364024526,0.022913599999999958,3.4189842805732025e-05,138.57605,0.20727317421701577,187.2,4.086563348340513,138.5934354967981,0.0,0.027743060379774597,0.0,0.0,0.0,0.8234333333333334,0.0008445084040105579,8.037645716884133e-05,0.00010033819476830005,0.00069348123270562,0.0001443381102209993,3.9318142754025756,0.07748101814373635,0.8031875333981588,0.021805069635349575,1.537369608390145,0.055522614749780305,0.00044707523193204,0.0006578787977825998,1.8864995335927233,0.29647501086386174,3.4243178749922665,0.31626435929366514,0.00811665840446946,0.0029626707013383313,8.159318026015535,0.3043278793880266,,,,,,,,,,,,,,,,,,,,,0.9999999999999997,6.181460191301304e-16,0.4149074715183662,0.00010632300012839438,3.4243178749922665,1.0
12000,Gaussian RP,5,12000.0,0.0,6.0,0.0,32.0,0.0,11.414213562373096,0.0,8.585786437626904,0.0,2.8284271247461916,0.0,2.536491902749577e-06,0.0,1.9079525416948676e-06,0.0,554304.2,829.0926968680865,3299558.4,4923.337364024526,0.022913599999999958,3.4189842805732025e-05,138.57605,0.20727317421701577,187.2,4.086563348340513,138.5934354967981,0.0,0.027743060379774597,0.0,0.0,0.0,0.8217500000000001,0.0020849993338661645,0.00014542642890064784,0.00013981215977245103,0.00078055279615616,0.0001933877110550626,3.9318142754025756,0.07748101814373635,0.8031875333981588,0.021805069635349575,0.20065497497562318,0.022814638956812825,0.00044918323401358,0.00010824728964277866,1.8827323415782302,0.20806152332400163,2.0838380084140224,0.22124538342419645,0.01106429980136448,0.0017665016951408262,6.818838308588601,0.1963237328777604,0.12086891683284189,0.01919257444815479,0.023008983372710602,0.004670446644293444,0.052639858378097336,0.013298930600652674,,,,,,,,,,,,,,,0.7600127922810879,0.026342286523235007,0.362258942905434,0.00013070356515021902,3.4243178749922665,1.6432745065430796
12000,Random sampling,5,12000.0,0.0,6.0,0.0,32.0,0.0,11.414213562373096,0.0,8.585786437626904,0.0,2.8284271247461916,0.0,2.536491902749577e-06,0.0,1.9079525416948676e-06,0.0,554304.2,829.0926968680865,3299558.4,4923.337364024526,0.022913599999999958,3.4189842805732025e-05,138.57605,0.20727317421701577,187.2,4.086563348340513,138.5934354967981,0.0,0.027743060379774597,0.0,0.0,0.0,0.8260166666666666,0.0014036163610078453,1.0405459920680068e-05,0.00010299662918678129,0.0007799917926642801,0.0002813432667241447,3.9318142754025756,0.07748101814373635,0.8031875333981588,0.021805069635349575,1.061528799775988,0.11610084294527771,0.00044628360774364,0.0004035189090782574,1.6011067666113377,0.1991719681035653,2.6630846170242877,0.20238277083353837,0.008168641594238541,0.002378316182688646,7.398083658795803,0.24763495474090017,,,,,,,0.08181533359456804,0.012072511535683682,497081.6,1268.5260344194787,,,,,,,,,,,1.4160438003672318,0.003948785753312615,1.1950720432358513,0.0006003673007872579,3.4243178749922665,1.2858464402901983
12000,CountSketch RP,5,12000.0,0.0,6.0,0.0,32.0,0.0,11.414213562373096,0.0,8.585786437626904,0.0,2.8284271247461916,0.0,2.536491902749577e-06,0.0,1.9079525416948676e-06,0.0,554304.2,829.0926968680865,3299558.4,4923.337364024526,0.022913599999999958,3.4189842805732025e-05,138.57605,0.20727317421701577,187.2,4.086563348340513,138.5934354967981,0.0,0.027743060379774597,0.0,0.0,0.0,0.8237500000000001,0.0009128709291752624,-1.6681898124708774e-05,6.935407444289784e-05,0.0005498977750181599,9.295319097334684e-05,3.9318142754025756,0.07748101814373635,0.8031875333981588,0.021805069635349575,0.19379855822771783,0.022868868508828744,0.00100199982989574,0.0009749921920484626,1.1601725663989781,0.14605800425833856,1.3549750334350392,0.16264648426805278,0.00846363340970124,0.003291597353277158,6.089974933257326,0.212103984047344,,,,,,,,,,,0.030153416609391505,0.008313860553177196,0.0923848082311451,0.024275073696547408,0.025683416635729317,0.004751321842570908,0.04285015021450812,0.013082075025263819,36.0,0.0,0.7545136037963561,0.034300778254968634,0.36222016381457883,6.421958951974284e-05,3.4243178749922665,2.5272184287493267
15000,Non-random eigsh,5,15000.0,0.0,6.0,0.0,32.0,0.0,11.414213562373096,0.0,8.585786437626904,0.0,2.8284271247461916,0.0,1.6233548177597291e-06,0.0,1.2210896266847153e-06,0.0,692705.2,729.3203685623934,4132962.0,4392.8396283042375,0.01836871999999996,1.9523731681344e-05,138.54104,0.1458640737124811,189.2,4.38178046004133,138.60068033642776,0.0,0.027750003087284,0.0,0.0,0.0,0.8242266666666666,0.0010128068807910837,7.720502844999172e-05,8.63151240810449e-05,0.0005736929625075,0.00011972757244969657,4.794588625011966,0.060471285132551005,0.9910004165722057,0.022935691778804168,2.1489021664019674,0.3281984925516323,0.00049433361273254,0.00021734882141320156,2.272422358393669,0.29848937951909293,4.421820875187405,0.5369330681507603,0.0110783415846526,0.0027020311399224527,10.20740789999254,0.5457813017879352,,,,,,,,,,,,,,,,,,,,,1.0,2.830524433501838e-16,0.41500454376646456,7.558993158538018e-05,4.421820875187405,1.0
15000,Gaussian RP,5,15000.0,0.0,6.0,0.0,32.0,0.0,11.414213562373096,0.0,8.585786437626904,0.0,2.8284271247461916,0.0,1.6233548177597291e-06,0.0,1.2210896266847153e-06,0.0,692705.2,729.3203685623934,4132962.0,4392.8396283042375,0.01836871999999996,1.9523731681344e-05,138.54104,0.1458640737124811,189.2,4.38178046004133,138.60068033642776,0.0,0.027750003087284,0.0,0.0,0.0,0.8244933333333334,0.0011181333651323446,4.724199989929401e-05,0.00011514136906729142,0.0005314485326648801,0.0001641504791677796,4.794588625011966,0.060471285132551005,0.9910004165722057,0.022935691778804168,0.2519830417819321,0.018575295207614397,0.0008343082387,0.0006232352100821368,2.2130201418185607,0.22524861607195143,2.465839525219053,0.2089437711613377,0.01106087521184232,0.0021787610297125627,8.251426533423365,0.25781371922587554,0.1598768252180889,0.013760662158253044,0.02350597495678808,0.004314525734694734,0.06324737505055959,0.019110422813230048,,,,,,,,,,,,,,,0.7400415339338512,0.0485300021525105,0.3619716660285398,0.00010503729157289073,4.421820875187405,1.7932314045434858
15000,Random sampling,5,15000.0,0.0,6.0,0.0,32.0,0.0,11.414213562373096,0.0,8.585786437626904,0.0,2.8284271247461916,0.0,1.6233548177597291e-06,0.0,1.2210896266847153e-06,0.0,692705.2,729.3203685623934,4132962.0,4392.8396283042375,0.01836871999999996,1.9523731681344e-05,138.54104,0.1458640737124811,189.2,4.38178046004133,138.60068033642776,0.0,0.027750003087284,0.0,0.0,0.0,0.82636,0.0005428320796219299,1.8304733865857792e-05,2.731805515442732e-05,0.00066442597788474,0.00018292824300393504,4.794588625011966,0.060471285132551005,0.9910004165722057,0.022935691778804168,1.679618558404036,0.43903368257923675,0.00019191680476066,0.00010233085760596971,1.7652793415589259,0.09930191879474078,3.4450918417889627,0.4733594833427488,0.00819305819459254,0.0009725165915021962,9.230678858351894,0.44051600716046024,,,,,,,0.09241954181343312,0.014190768517570212,621977.0,362.96143045783805,,,,,,,,,,,1.4152494952380525,0.0006737176768025093,1.195057751531256,0.0002403717509213456,4.421820875187405,1.2835132061069372
15000,CountSketch RP,5,15000.0,0.0,6.0,0.0,32.0,0.0,11.414213562373096,0.0,8.585786437626904,0.0,2.8284271247461916,0.0,1.6233548177597291e-06,0.0,1.2210896266847153e-06,0.0,692705.2,729.3203685623934,4132962.0,4392.8396283042375,0.01836871999999996,1.9523731681344e-05,138.54104,0.1458640737124811,189.2,4.38178046004133,138.60068033642776,0.0,0.027750003087284,0.0,0.0,0.0,0.8243866666666667,0.001099898985260851,1.7466483799956513e-05,0.00014651338322409574,0.0005012454593385401,0.0002083799444760494,4.794588625011966,0.060471285132551005,0.9910004165722057,0.022935691778804168,0.22141707499977198,0.024497302145867515,0.0007258499972522001,0.0004989072208626603,1.2213484416017308,0.1867475736252799,1.4434928416274488,0.20681888799466797,0.009321458381600641,0.00029112111728572386,7.229080408182926,0.27254488350858563,,,,,,,,,,,0.03240065842401232,0.0037461088582498364,0.11735602500848467,0.020170070909380472,0.0206708416109904,0.005232023769772011,0.048939616978168454,0.013187036056293155,36.0,0.0,0.7458786497851515,0.05117148980884948,0.3619089025735927,0.00020406534462478847,4.421820875187405,3.0632786998805446
