K,method,rep,seed,n,m,rho_n,num_hyperedges_total,misclassification_rate,ARI,NMI,generation_wall_sec,zhou_theta_build_wall_sec,spectral_clustering_wall_sec,metric_wall_sec,num_isolated_nodes,isolated_fraction,hypergraph_degree_mean,hypergraph_degree_max,expected_hyperedges_total,expected_hyperedges_per_n,expected_degree_mean,candidate_within_fraction,rs_sample_matrix_wall_sec,rs_eig_wall_sec,rs_original_upper_nnz,rs_sampled_upper_nnz,rs_sampling_probability,rs_sampled_theta_nnz,eigen_decomposition_wall_sec,embedding_normalize_wall_sec,kmeans_wall_sec,top_eigenvalue_max,top_eigenvalue_min,algorithm_total_wall_sec,p_in,p_out,sampling_mode,cpu_time_sec,wall_clock_sec,peak_traced_memory_mb,rss_before_mb,rss_after_mb,rss_delta_mb
2,Random sampling,1,20460428,5000,3,4.0,40210,0.0004,0.99840032,0.9949079524628197,1.1968871660064906,0.08565479202661663,0.21448674995917827,0.021868541021831334,0,0.0,24.126,45.0,39960.009600000005,7.992001920000001,23.976005760000003,0.2498499699939988,0.006928625050932169,0.006225750083103776,124822,87359,0.7,171208,0.013196957996115088,6.754195783287287e-05,0.2012116250116378,1.0589095849873325,0.8696777689804336,1.497018082998693,5.76e-06,6.4e-07,sparse,4.311475,1.8862757500028238,23.061246871948242,257.75,307.9375,50.1875
2,Random sampling,2,20460429,5000,3,4.0,39748,0.0006,0.9976009600961152,0.9927619860305286,1.2271330000367016,0.09039087500423193,0.06178491597529501,0.022353457985445857,0,0.0,23.8488,43.0,39960.009600000005,7.992001920000001,23.976005760000003,0.2498499699939988,0.006355250021442771,0.006744957994669676,123368,86407,0.7,169323,0.013207374955527484,0.00013749999925494194,0.04843391594476998,1.0591792738649994,0.8719206394859437,1.379302665940486,5.76e-06,6.4e-07,sparse,3.6257420000000007,1.7535940839443356,22.788463592529297,305.9375,320.265625,14.328125
2,Random sampling,3,20460430,5000,3,4.0,39799,0.0012,0.9952048007683073,0.9866265052525154,1.198467707959935,0.08398487500380725,0.09171679196879268,0.02363766694907099,0,0.0,23.8794,44.0,39960.009600000005,7.992001920000001,23.976005760000003,0.2498499699939988,0.0056820830795913935,0.006056125042960048,123558,86209,0.7,168941,0.011830833973363042,7.137504871934652e-05,0.07980933296494186,1.0568919568440462,0.8702228640877835,1.3741641249507666,5.76e-06,6.4e-07,sparse,3.971793,1.7334188329987228,22.799567222595215,320.265625,323.828125,3.5625
2,Random sampling,4,20460431,5000,3,4.0,39702,0.0002,0.9991999999680128,0.9974539183766785,1.184819999965839,0.08314758294727653,0.05694733397103846,0.017274249927140772,0,0.0,23.8212,45.0,39960.009600000005,7.992001920000001,23.976005760000003,0.2498499699939988,0.0057069589383900166,0.0036642909981310368,123280,86539,0.7,169562,0.009436042048037052,5.391694139689207e-05,0.047454125015065074,1.0625299551062473,0.873498149952166,1.3249116669176146,5.76e-06,6.4e-07,sparse,3.7447459999999975,1.6690507079474628,22.779200553894043,323.828125,330.453125,6.625
2,Random sampling,5,20460432,5000,3,4.0,40003,0.0006,0.9976009600967296,0.9933127297827482,1.2281329170800745,0.08355241699609905,0.05620849994011223,0.022309083957225084,0,0.0,24.0018,44.0,39960.009600000005,7.992001920000001,23.976005760000003,0.2498499699939988,0.005537082906812429,0.006091791903600097,124164,87026,0.7,170545,0.011667959042824805,5.27920201420784e-05,0.04448433395009488,1.0610705156597766,0.8743540844641169,1.3678904190892354,5.76e-06,6.4e-07,sparse,3.813079000000002,1.719117792090401,22.93742084503174,330.453125,332.28125,1.828125
2,Random sampling,6,20460433,5000,3,4.0,40020,0.0004,0.9984003200002048,0.995307836010281,1.2073426250135526,0.09225374995730817,0.07466816692613065,0.01986474997829646,0,0.0,24.012,43.0,39960.009600000005,7.992001920000001,23.976005760000003,0.2498499699939988,0.00633545801974833,0.006610541953705251,124213,86855,0.7,170180,0.012965874979272485,0.00011429109144955873,0.0615824171109125,1.0609566042697622,0.870831182776591,1.3742589581524953,5.76e-06,6.4e-07,sparse,3.8279449999999997,1.7214419579831883,22.929606437683105,332.28125,334.140625,1.859375
2,Random sampling,7,20460434,5000,3,4.0,39934,0.0002,0.9991999999680128,0.9974539183766785,1.2545879170065746,0.08420620788820088,0.05599841696675867,0.02084987494163215,0,0.0,23.9604,40.0,39960.009600000005,7.992001920000001,23.976005760000003,0.2498499699939988,0.005631083040498197,0.0060829590074718,124018,86965,0.7,170441,0.011753250029869378,5.949998740106821e-05,0.04418233397882432,1.0601848977439854,0.8739627176701656,1.3947892088908702,5.76e-06,6.4e-07,sparse,3.817505999999998,1.7397617499809712,22.91228199005127,334.140625,341.640625,7.5
2,Random sampling,8,20460435,5000,3,4.0,40115,0.0004,0.99840032,0.9949079524628198,1.2041556249605492,0.08505233388859779,0.056746084010228515,0.016648042015731335,0,0.0,24.069,42.0,39960.009600000005,7.992001920000001,23.976005760000003,0.2498499699939988,0.0057269580429419875,0.0060587499756366014,124462,87268,0.7,171063,0.011818457976914942,5.237502045929432e-05,0.044871916994452477,1.0587916476121808,0.8715375990455511,1.3459507088409737,5.76e-06,6.4e-07,sparse,3.7649280000000047,1.6966991249937564,22.998351097106934,341.640625,343.90625,2.265625
2,Random sampling,9,20460436,5000,3,4.0,39993,0.0008,0.9968019202577405,0.9914156666299581,1.2278507919982076,0.08588525000959635,0.06767333403695375,0.017460125032812357,0,0.0,23.9958,44.0,39960.009600000005,7.992001920000001,23.976005760000003,0.2498499699939988,0.00542704202234745,0.0034500419860705733,124139,86933,0.7,170363,0.008929583942517638,5.4416945204138756e-05,0.05868558294605464,1.060654745114871,0.8676293354384162,1.3814056258415803,5.76e-06,6.4e-07,sparse,3.846825999999993,1.7284331250702962,22.924034118652344,343.90625,344.421875,0.515625
2,Random sampling,10,20460437,5000,3,4.0,40147,0.0,1.0,1.0,1.2384807500056922,0.08508920902386308,0.10201091691851616,0.021876291022635996,0,0.0,24.0882,46.0,39960.009600000005,7.992001920000001,23.976005760000003,0.2498499699939988,0.005895292037166655,0.0060681249015033245,124599,87369,0.7,171238,0.012000833987258375,5.6541990488767624e-05,0.08994970901403576,1.0600258215727894,0.8731281681431988,1.4255770440213382,5.76e-06,6.4e-07,sparse,4.099751999999995,1.7788622080115601,23.015893936157227,344.421875,344.46875,0.046875
3,Random sampling,1,20560428,5000,3,4.0,25009,0.0482,0.8605651345324455,0.7938854694548441,0.7967120830435306,0.05253820796497166,0.10691349999979138,0.021856750012375414,0,0.0,15.0054,32.0,25155.864294400002,5.031172858880001,15.093518576640001,0.11097779555911182,0.003874707967042923,0.007342625060118735,79714,55932,0.7,108325,0.011227625072933733,5.7333032600581646e-05,0.09562395804096013,1.0689976214092767,0.8053161268416655,0.9561592071549967,5.76e-06,6.4e-07,sparse,3.524207000000004,1.1874748340342194,14.704951286315918,344.46875,344.609375,0.140625
3,Random sampling,2,20560429,5000,3,4.0,25084,0.0516,0.85117246993581,0.7828303477532127,0.8200502500403672,0.05314695893321186,0.11166104197036475,0.020460041938349605,0,0.0,15.0504,31.0,25155.864294400002,5.031172858880001,15.093518576640001,0.11097779555911182,0.004263375070877373,0.007063457975164056,79919,56142,0.7,108765,0.01136404206044972,0.00017737492453306913,0.10011458396911621,1.0655496222903786,0.7990883670862947,0.9848532099276781,5.76e-06,6.4e-07,sparse,3.4512849999999986,1.23523250001017,14.750519752502441,344.609375,344.6875,0.078125
3,Random sampling,3,20560430,5000,3,4.0,25084,0.0554,0.8406644894639809,0.770439126411896,0.7895511660026386,0.05296866688877344,0.09496841696090996,0.01729541691020131,0,0.0,15.0504,33.0,25155.864294400002,5.031172858880001,15.093518576640001,0.11097779555911182,0.003665416967123747,0.0072260829620063305,79923,56012,0.7,108608,0.010924292029812932,6.324995774775743e-05,0.08397712500300258,1.0604242152615502,0.7880538610936141,0.9374844998819754,5.76e-06,6.4e-07,sparse,3.4041949999999943,1.1958742500282824,14.73967456817627,344.6875,344.828125,0.140625
3,Random sampling,4,20560431,5000,3,4.0,25145,0.0562,0.8385173288305283,0.768440252614319,0.7966304169967771,0.05422233301214874,0.13151229196228087,0.021077707991935313,0,0.0,15.087,30.0,25155.864294400002,5.031172858880001,15.093518576640001,0.11097779555911182,0.004081375082023442,0.007164167007431388,80118,56035,0.7,108579,0.01125741598661989,0.00016229203902184963,0.12008891708683223,1.06209894044463,0.7883058530528014,0.9823613751213998,5.76e-06,6.4e-07,sparse,3.697043999999998,1.2083786249859259,14.767324447631836,344.828125,344.828125,0.0
3,Random sampling,5,20560432,5000,3,4.0,25070,0.0568,0.8367883090775816,0.7658364088210913,0.7874722919659689,0.05795266595669091,0.09953600005246699,0.02178554201964289,0,0.0,15.042,31.0,25155.864294400002,5.031172858880001,15.093518576640001,0.11097779555911182,0.004833791987039149,0.008340458036400378,79874,55945,0.7,108389,0.013216916006058455,6.945803761482239e-05,0.08624600002076477,1.0648747460690866,0.7929327390168817,0.9449573319870979,5.76e-06,6.4e-07,sparse,3.162550000000003,1.1805810000514612,14.728652000427246,344.828125,345.265625,0.4375
3,Random sampling,6,20560433,5000,3,4.0,25039,0.06,0.8280214177365806,0.7560110267860363,0.7953661660430953,0.06162754201795906,0.09607170894742012,0.017261208035051823,0,0.0,15.0234,28.0,25155.864294400002,5.031172858880001,15.093518576640001,0.11097779555911182,0.0039383749244734645,0.00834762491285801,79773,55831,0.7,108183,0.012372042052447796,0.0001324999611824751,0.08356212498620152,1.0635413979706698,0.79223057486083,0.9530603750608861,5.76e-06,6.4e-07,sparse,3.3466899999999953,1.1892942079575732,14.706124305725098,345.265625,345.390625,0.125
3,Random sampling,7,20560434,5000,3,4.0,25016,0.0556,0.8401249275901838,0.7699012762963736,0.803268332965672,0.058024791069328785,0.09995733306277543,0.017071708105504513,0,0.0,15.0096,33.0,25155.864294400002,5.031172858880001,15.093518576640001,0.11097779555911182,0.004728083964437246,0.0075532079208642244,79719,55719,0.7,107953,0.012294042040593922,0.0002858750522136688,0.08736937504727393,1.0634695178825222,0.794564941963212,0.9612424161750823,5.76e-06,6.4e-07,sparse,3.4426149999999964,1.2021232089027762,14.688968658447266,345.390625,345.515625,0.125
3,Random sampling,8,20560435,5000,3,4.0,24975,0.0488,0.8589133020500576,0.7925392232394133,0.7960307500325143,0.05248995905276388,0.13461637496948242,0.018983959103934467,0,0.0,14.985,32.0,25155.864294400002,5.031172858880001,15.093518576640001,0.11097779555911182,0.0037920420290902257,0.007161083049140871,79611,55812,0.7,108125,0.010963874985463917,0.00010770803783088923,0.12354137504007667,1.0654747943516187,0.7962365591891633,0.9831336671486497,5.76e-06,6.4e-07,sparse,3.7663940000000053,1.2165612920653075,14.68523120880127,345.515625,345.640625,0.125
3,Random sampling,9,20560436,5000,3,4.0,25177,0.0578,0.83406751929048,0.7626446454465923,0.8450360409915447,0.057265125098638237,0.1498115829890594,0.03095262497663498,0,0.0,15.1062,30.0,25155.864294400002,5.031172858880001,15.093518576640001,0.11097779555911182,0.004073917050845921,0.02692766604013741,80214,56470,0.7,109417,0.03108679095748812,0.00015216704923659563,0.11856583296321332,1.0683918193381277,0.7937787742038431,1.052105957060121,5.76e-06,6.4e-07,sparse,3.399804000000003,1.3151465840637684,14.812546730041504,345.640625,347.625,1.984375
3,Random sampling,10,20560437,5000,3,4.0,25185,0.046,0.8667538647372943,0.8017802656938627,0.8791939999209717,0.05549558298662305,0.08489716704934835,0.01752558397129178,0,0.0,15.111,32.0,25155.864294400002,5.031172858880001,15.093518576640001,0.11097779555911182,0.0039797499775886536,0.007668499951250851,80220,56324,0.7,109100,0.011713625048287213,7.037492468953133e-05,0.07310945901554078,1.0680100666405843,0.7999836496974875,1.0195830418961123,5.76e-06,6.4e-07,sparse,3.404297999999997,1.2520984160946682,14.803014755249023,347.625,347.640625,0.015625
4,Random sampling,1,20660428,5000,3,4.0,20173,0.325,0.3215399362068657,0.28976327915894806,0.6675158750731498,0.04278674989473075,0.23412008304148912,0.01978283398784697,0,0.0,12.1038,26.0,19976.0096,3.9952019200000004,11.98560576,0.0623875075135075,0.0030529999639838934,0.017010374926030636,65306,45737,0.7,87965,0.020073375082574785,8.837506175041199e-05,0.21395479200873524,1.0675721862902203,0.7778111529637632,0.944419167120941,5.76e-06,6.4e-07,sparse,4.212469999999996,1.1208700840361416,12.059188842773438,347.640625,347.671875,0.03125
4,Random sampling,2,20660429,5000,3,4.0,20245,0.3672,0.26159585716821504,0.2383442353465373,0.6757270829984918,0.0428675829898566,0.32977041602134705,0.015979083022102714,0,0.0,12.147,28.0,19976.0096,3.9952019200000004,11.98560576,0.0623875075135075,0.003203333937563002,0.018783290986903012,65495,45803,0.7,88067,0.02199675003066659,6.620900239795446e-05,0.3077041250653565,1.0682800007534872,0.7753615011161546,1.0483617500867695,5.76e-06,6.4e-07,sparse,4.889150000000001,1.2122824999969453,12.089632034301758,347.671875,347.828125,0.15625
4,Random sampling,3,20660430,5000,3,4.0,20008,0.362,0.2738376792214458,0.25066232769283625,0.6437940830364823,0.042453667032532394,0.2981817920226604,0.015096207964234054,0,0.0,12.0048,28.0,19976.0096,3.9952019200000004,11.98560576,0.0623875075135075,0.003346458077430725,0.020183917018584907,64811,45300,0.7,87098,0.02354170905891806,6.78749056532979e-05,0.27456874994095415,1.0669967817139985,0.7751902752630817,0.9844260839745402,5.76e-06,6.4e-07,sparse,4.601072000000002,1.1489829580532387,11.960382461547852,347.828125,347.828125,0.0
4,Random sampling,4,20660431,5000,3,4.0,19884,0.3776,0.24885295861974224,0.22778587146223483,0.6309698750264943,0.042377457953989506,0.23525400005746633,0.02215083292685449,0,0.0,11.9304,29.0,19976.0096,3.9952019200000004,11.98560576,0.0623875075135075,0.0033067079493775964,0.02096191607415676,64474,45102,0.7,86736,0.024281457997858524,7.225002627819777e-05,0.21089670795481652,1.0652525441502385,0.7791272563276816,0.908597748959437,5.76e-06,6.4e-07,sparse,4.012540999999999,1.0877957090269774,11.898077964782715,347.828125,347.828125,0.0
4,Random sampling,5,20660432,5000,3,4.0,20076,0.355,0.2805328371983583,0.254856375501882,0.6435547079890966,0.04291195794939995,0.22409349994268268,0.02328741701785475,0,0.0,12.0456,25.0,19976.0096,3.9952019200000004,11.98560576,0.0623875075135075,0.0033249580301344395,0.020320790936239064,65040,45540,0.7,87624,0.023656542063690722,0.0001124159898608923,0.20032099995296448,1.0635064034463424,0.775193105764343,0.9105566239450127,5.76e-06,6.4e-07,sparse,3.9218680000000035,1.1075047090416774,12.008016586303711,347.828125,347.84375,0.015625
4,Random sampling,6,20660433,5000,3,4.0,19941,0.4786,0.1639984464000195,0.15186506109819836,0.6350232920376584,0.042302582995034754,0.3968328341143206,0.015086708008311689,0,0.0,11.9646,27.0,19976.0096,3.9952019200000004,11.98560576,0.0623875075135075,0.0031617500353604555,0.020653040963225067,64646,45138,0.7,86806,0.023833165992982686,0.0001377500593662262,0.37285666610114276,1.064432805506497,0.778644701866159,1.0741534571861848,5.76e-06,6.4e-07,sparse,5.20257500000001,1.235354125034064,11.926715850830078,347.84375,347.984375,0.140625
4,Random sampling,7,20660434,5000,3,4.0,20138,0.3472,0.28846921363420547,0.2610570385185408,0.6385917089646682,0.047238417086191475,0.26699695899151266,0.022698250017128885,0,0.0,12.0828,28.0,19976.0096,3.9952019200000004,11.98560576,0.0623875075135075,0.0031295830849558115,0.01987249997910112,65229,45572,0.7,87635,0.02306095906533301,7.687497418373823e-05,0.24385408300440758,1.067163722199394,0.7785027291038439,0.952822043094784,5.76e-06,6.4e-07,sparse,4.443170999999992,1.1311975419521332,12.038816452026367,347.984375,347.984375,0.0
4,Random sampling,8,20660435,5000,3,4.0,19888,0.4578,0.18557936359477678,0.1726276474442205,0.6444500000216067,0.04331783298403025,0.3881532499799505,0.015420750016346574,0,0.0,11.9328,26.0,19976.0096,3.9952019200000004,11.98560576,0.0623875075135075,0.003174625104293227,0.022137708961963654,64467,45090,0.7,86689,0.025366791989654303,6.78749056532979e-05,0.3627147909719497,1.065571779083019,0.7780618142655747,1.0759172908728942,5.76e-06,6.4e-07,sparse,5.249381,1.2436713330680504,11.899551391601562,347.984375,348.046875,0.0625
4,Random sampling,9,20660436,5000,3,4.0,20237,0.3646,0.2657130961973561,0.24246375050828742,0.686335708014667,0.0441929999506101,0.2593211670173332,0.022981125046499074,0,0.0,12.1422,26.0,19976.0096,3.9952019200000004,11.98560576,0.0623875075135075,0.0032382089411839843,0.019699999946169555,65511,45891,0.7,88296,0.022949332953430712,7.229100447148085e-05,0.23629608401097357,1.06471779835425,0.7751124111407154,0.9898464159341529,5.76e-06,6.4e-07,sparse,4.39092500000001,1.177878167014569,12.098430633544922,348.046875,348.0625,0.015625
4,Random sampling,10,20660437,5000,3,4.0,20044,0.383,0.240560110228671,0.21878942668528237,0.6763552919728681,0.04296099999919534,0.30941383296158165,0.01562516705598682,0,0.0,12.0264,25.0,19976.0096,3.9952019200000004,11.98560576,0.0623875075135075,0.0032425420358777046,0.02348545892164111,64936,45355,0.7,87218,0.026739583001472056,6.558292079716921e-05,0.282605207990855,1.0653446066323868,0.7769854141462842,1.0287266658851877,5.76e-06,6.4e-07,sparse,4.717710999999994,1.1921882909955457,11.981880187988281,348.0625,348.0625,0.0
5,Random sampling,1,20760428,5000,3,4.0,17667,0.7482,0.006450546659378835,0.008394868209949675,0.5709856250323355,0.03795420902315527,0.4647370419697836,0.015462083043530583,0,0.0,10.6002,25.0,17579.209600000002,3.51584192,10.547525760000001,0.03990401921920999,0.0029803330544382334,0.025294624967500567,57856,40534,0.7,77570,0.02830674999859184,7.629196625202894e-05,0.4363503750646487,1.0687294744406215,0.7925642968393024,1.0736732510849833,5.76e-06,6.4e-07,sparse,5.5449760000000055,1.2225885830121115,10.712469100952148,348.0625,348.078125,0.015625
5,Random sampling,2,20760429,5000,3,4.0,17588,0.753,0.010317405727998335,0.014036392698052461,0.6055664999876171,0.03795291704591364,0.4691052919952199,0.019187624915502965,1,0.0002,10.5528,23.0,17579.209600000002,3.51584192,10.547525760000001,0.03990401921920999,0.0027734999312087893,0.02661399997305125,57615,40297,0.7,77087,0.02939870802219957,7.516704499721527e-05,0.4396277910564095,1.0696158896684336,0.793890897991268,1.112621083157137,5.76e-06,6.4e-07,sparse,5.600667999999985,1.2705886660842225,10.662997245788574,348.078125,348.078125,0.0
5,Random sampling,3,20760430,5000,3,4.0,17619,0.7708,0.0037618384858140444,0.00605542989939954,0.5963285410543904,0.04056591703556478,0.39636220899410546,0.01564324996434152,0,0.0,10.5714,23.0,17579.209600000002,3.51584192,10.547525760000001,0.03990401921920999,0.0032588340109214187,0.024621125077828765,57731,40518,0.7,77530,0.02796787500847131,0.00010375003330409527,0.36828458309173584,1.0685760679952176,0.7953539777182878,1.0332506662234664,5.76e-06,6.4e-07,sparse,4.927999,1.194066624972038,10.694995880126953,348.078125,348.078125,0.0
5,Random sampling,4,20760431,5000,3,4.0,17528,0.751,0.007776482486419344,0.010948522371367649,0.5890281660249457,0.039693707949481905,0.47804375004488975,0.015229875105433166,0,0.0,10.5168,24.0,17579.209600000002,3.51584192,10.547525760000001,0.03990401921920999,0.0028454590355977416,0.029905708972364664,57445,40426,0.7,77317,0.03279295901302248,8.03329749032855e-05,0.4451668330002576,1.0731813734344293,0.796428998054287,1.106761998962611,5.76e-06,6.4e-07,sparse,5.541050999999982,1.2625830000033602,10.646951675415039,348.078125,348.109375,0.03125
5,Random sampling,5,20760432,5000,3,4.0,17604,0.7664,0.007939397115668403,0.010741466527828798,0.5875306670786813,0.038538332912139595,0.42726658296305686,0.015200166963040829,0,0.0,10.5624,25.0,17579.209600000002,3.51584192,10.547525760000001,0.03990401921920999,0.002812708029523492,0.030399333918467164,57666,40422,0.7,77319,0.0332230000058189,0.00017075007781386375,0.3938692909432575,1.0709826983749577,0.797019280640533,1.0533320410177112,5.76e-06,6.4e-07,sparse,5.249604000000005,1.2020301669836044,10.677227020263672,348.109375,348.109375,0.0
5,Random sampling,6,20760433,5000,3,4.0,17573,0.7642,0.006774427938042228,0.00996266302056249,0.577306583058089,0.038502124953083694,0.5198392499005422,0.014690792071633041,1,0.0002,10.5438,25.0,17579.209600000002,3.51584192,10.547525760000001,0.03990401921920999,0.0028272499330341816,0.04299645789433271,57586,40253,0.7,76991,0.045837959041818976,8.27079638838768e-05,0.4739149999804795,1.0668093953639046,0.7930188433182961,1.135644374997355,5.76e-06,6.4e-07,sparse,5.8147229999999865,1.285247917054221,10.65484619140625,348.109375,349.109375,1.0
5,Random sampling,7,20760434,5000,3,4.0,17422,0.7434,0.00796426779598709,0.010185148124100598,0.5819226250750944,0.03794166608713567,0.47736737492959946,0.01741141697857529,0,0.0,10.4532,27.0,17579.209600000002,3.51584192,10.547525760000001,0.03990401921920999,0.0029732920229434967,0.031054125051014125,57133,40034,0.7,76607,0.034039916936308146,0.00021962495520710945,0.44310420902911574,1.0670061163193578,0.7945988797325974,1.097228042082861,5.76e-06,6.4e-07,sparse,5.614702999999992,1.2415609590243548,10.580724716186523,349.109375,349.109375,0.0
5,Random sampling,8,20760435,5000,3,4.0,17406,0.7666,0.006102697416714507,0.008832296803935264,0.6239317500730976,0.03736104199197143,0.4786950000561774,0.01466104097198695,0,0.0,10.4436,25.0,17579.209600000002,3.51584192,10.547525760000001,0.03990401921920999,0.003003083053044975,0.04321849998086691,57089,39669,0.7,75878,0.0462347500724718,8.7540945969522e-05,0.43236874998547137,1.0640808734414786,0.791843099173817,1.1399838330689818,5.76e-06,6.4e-07,sparse,5.658310999999998,1.2842157919658348,10.550286293029785,349.109375,349.109375,0.0
5,Random sampling,9,20760436,5000,3,4.0,17488,0.7702,0.004267988563362858,0.006411932076792969,0.5895557079929858,0.038128625019453466,0.420213625067845,0.015108791994862258,0,0.0,10.4928,24.0,17579.209600000002,3.51584192,10.547525760000001,0.03990401921920999,0.0029454160248860717,0.029356000013649464,57324,40302,0.7,77094,0.03235770796891302,0.0002092499053105712,0.38764354097656906,1.0708502265458193,0.7958493883071136,1.047894831863232,5.76e-06,6.4e-07,sparse,5.178184000000016,1.194949624943547,10.6253080368042,349.109375,349.125,0.015625
5,Random sampling,10,20760437,5000,3,4.0,17768,0.7742,0.0031248528955561514,0.005375213860613136,0.5762417499208823,0.03786570800002664,0.48404616699554026,0.015299416962079704,0,0.0,10.6608,22.0,17579.209600000002,3.51584192,10.547525760000001,0.03990401921920999,0.002919082995504141,0.022112624952569604,58165,40581,0.7,77648,0.025042499997653067,7.345795165747404e-05,0.4589267910923809,1.0684897792618355,0.7935727472382942,1.0981502069626004,5.76e-06,6.4e-07,sparse,5.710053000000016,1.2428765000076964,10.760809898376465,349.125,349.125,0.0
6,Random sampling,1,20860428,5000,3,4.0,16230,0.8084,0.0012736213625000605,0.0032601400972097003,0.5326438751071692,0.035253459005616605,0.43882454093545675,0.01572491694241762,0,0.0,9.738,23.0,16277.642071040002,3.2555284142080003,9.766585242624002,0.027694498899779957,0.002680624951608479,0.02652800001669675,53581,37465,0.7,71427,0.029219166026450694,8.925003930926323e-05,0.4095119999255985,1.069774065075734,0.8098788972907204,1.0067177501041442,5.76e-06,6.4e-07,sparse,5.257880999999998,1.1397411249345168,9.95032787322998,349.125,349.125,0.0
6,Random sampling,2,20860429,5000,3,4.0,16200,0.8108,0.0013274888472591777,0.003368664019009693,0.5715972919715568,0.035435124998912215,0.41812454198952764,0.014816375100053847,0,0.0,9.72,25.0,16277.642071040002,3.2555284142080003,9.766585242624002,0.027694498899779957,0.0028010410023853183,0.03807516605593264,53485,37581,0.7,71679,0.040887333918362856,8.012494072318077e-05,0.3771534999832511,1.0716615535413523,0.807494675551483,1.0251533758128062,5.76e-06,6.4e-07,sparse,5.221435000000014,1.1588108750293031,9.94600772857666,349.125,349.203125,0.078125
6,Random sampling,3,20860430,5000,3,4.0,16279,0.8012,0.002751557275822176,0.005287434493808027,0.5264864170458168,0.0352345829596743,0.45987016696017236,0.014943375019356608,1,0.0002,9.7674,24.0,16277.642071040002,3.2555284142080003,9.766585242624002,0.027694498899779957,0.0028074169531464577,0.03442133299540728,53730,37605,0.7,71775,0.03724070906173438,7.933401502668858e-05,0.4225464159389958,1.0689371913841856,0.8070807285349525,1.021587459021248,5.76e-06,6.4e-07,sparse,5.445578000000012,1.156614916981198,9.982478141784668,349.203125,349.203125,0.0
6,Random sampling,4,20860431,5000,3,4.0,16339,0.8092,0.0012726745933589305,0.002952264913841116,0.5593588330084458,0.03576987504493445,0.5159357499796897,0.014964999980293214,0,0.0,9.8034,22.0,16277.642071040002,3.2555284142080003,9.766585242624002,0.027694498899779957,0.0029174170922487974,0.031780707999132574,53905,37728,0.7,71932,0.03474549995735288,8.129095658659935e-05,0.48110537498723716,1.0708092447059903,0.8076399097463811,1.1110608739545569,5.76e-06,6.4e-07,sparse,5.892860000000013,1.2508397080237046,10.010294914245605,349.203125,349.203125,0.0
6,Random sampling,5,20860432,5000,3,4.0,16342,0.7968,0.0030202955400264724,0.005214082520610533,0.539757207967341,0.03585695894435048,0.4535030829720199,0.015732625033706427,0,0.0,9.8052,24.0,16277.642071040002,3.2555284142080003,9.766585242624002,0.027694498899779957,0.002602707943879068,0.03441687498707324,53941,37726,0.7,71988,0.03703104192391038,8.499994874000549e-05,0.41638325003441423,1.0681232527315179,0.8039809050674536,1.029113458818756,5.76e-06,6.4e-07,sparse,5.041444999999982,1.1659795410232618,10.017047882080078,349.203125,349.203125,0.0
6,Random sampling,6,20860433,5000,3,4.0,16196,0.8094,0.0022760254666122953,0.004565243146816558,0.5337240420049056,0.0357616669498384,0.44562670891173184,0.014896082924678922,0,0.0,9.7176,23.0,16277.642071040002,3.2555284142080003,9.766585242624002,0.027694498899779957,0.00282775005325675,0.029191458015702665,53481,37504,0.7,71575,0.032061625039204955,8.058303501456976e-05,0.41348083305638283,1.0685022114397251,0.806875128824301,1.0151087500853464,5.76e-06,6.4e-07,sparse,5.376148999999998,1.14914074994158,9.940774917602539,349.203125,349.203125,0.0
6,Random sampling,7,20860434,5000,3,4.0,16096,0.8052,0.002173837505817409,0.0043475975611441215,0.5408732499927282,0.03580308298114687,0.5402997089549899,0.017265833099372685,0,0.0,9.6576,24.0,16277.642071040002,3.2555284142080003,9.766585242624002,0.027694498899779957,0.00308495806530118,0.029229125007987022,53188,37304,0.7,71123,0.03232729190494865,8.19170381873846e-05,0.5078869999852031,1.0715993112733484,0.808139263206997,1.1169725419022143,5.76e-06,6.4e-07,sparse,6.034854000000024,1.2598533340496942,9.884574890136719,349.203125,349.203125,0.0
6,Random sampling,8,20860435,5000,3,4.0,16467,0.8124,0.0015830980257212487,0.003908439750330755,0.5445977910421789,0.0360994579968974,0.5010187500156462,0.014739624923095107,0,0.0,9.8802,23.0,16277.642071040002,3.2555284142080003,9.766585242624002,0.027694498899779957,0.002738625044003129,0.026142625021748245,54296,38053,0.7,72579,0.02889229205902666,7.879198528826237e-05,0.4720441660610959,1.0720087571353247,0.8065500046974485,1.081712499144487,5.76e-06,6.4e-07,sparse,5.702383999999995,1.2193390419706702,10.087958335876465,349.203125,349.203125,0.0
6,Random sampling,9,20860436,5000,3,4.0,16369,0.8092,0.0013279729466485358,0.0034248378704893386,0.5684849589597434,0.036351584014482796,0.5619563329964876,0.01497066707815975,0,0.0,9.8214,24.0,16277.642071040002,3.2555284142080003,9.766585242624002,0.027694498899779957,0.0026597080286592245,0.034201708040200174,54001,37798,0.7,72047,0.03687250008806586,7.77500681579113e-05,0.5250021669780836,1.0720111550143003,0.8078796629703879,1.1667889601085335,5.76e-06,6.4e-07,sparse,6.177114999999986,1.3071424160152674,10.030091285705566,349.203125,349.203125,0.0
6,Random sampling,10,20860437,5000,3,4.0,16245,0.8028,0.0016833877529053133,0.0034942368226435925,0.5590844999533147,0.03594462503679097,0.47165191709063947,0.016676708008162677,0,0.0,9.747,22.0,16277.642071040002,3.2555284142080003,9.766585242624002,0.027694498899779957,0.00267220800742507,0.025502041913568974,53640,37684,0.7,71806,0.028184625087305903,7.595808710902929e-05,0.44338783295825124,1.0773399493796363,0.812084418752359,1.0666775411227718,5.76e-06,6.4e-07,sparse,5.506423999999981,1.210899458033964,9.973036766052246,349.203125,349.21875,0.015625
8,Random sampling,1,21060428,5000,3,4.0,15023,0.8496,0.0011750048630909619,0.0041382158312688495,0.5161235419800505,0.037235917057842016,0.5745580830844119,0.014668041956610978,0,0.0,9.0138,23.0,14984.0096,2.99680192,8.99040576,0.015559414403889181,0.003192167030647397,0.03803716704715043,49978,35024,0.7,66542,0.04124154208693653,9.27910441532731e-05,0.5332198330434039,1.0744603123845937,0.8216383562835035,1.1279136252123863,5.76e-06,6.4e-07,sparse,5.987390000000005,1.2535648749908432,9.362568855285645,349.21875,349.5625,0.34375
8,Random sampling,2,21060429,5000,3,4.0,14952,0.8554,0.0006615277391016346,0.003341546714403055,0.5217961670132354,0.03285795799456537,0.5075402919901535,0.0167285839561373,0,0.0,8.9712,21.0,14984.0096,2.99680192,8.99040576,0.015559414403889181,0.0026997500099241734,0.04398462502285838,49769,34795,0.7,66093,0.04669624997768551,9.220803622156382e-05,0.4607484170701355,1.0705058665089136,0.8217194923213309,1.0621910000918433,5.76e-06,6.4e-07,sparse,5.680079000000006,1.1919645000016317,9.317148208618164,349.5625,349.625,0.0625
8,Random sampling,3,21060430,5000,3,4.0,15098,0.8456,0.0016863842909910843,0.0050326307709183385,0.5152221249882132,0.0329570829635486,0.5542423749575391,0.020176374935545027,1,0.0002,9.0588,22.0,14984.0096,2.99680192,8.99040576,0.015559414403889181,0.0026750840479508042,0.0423208330757916,50192,35096,0.7,66730,0.045008541899733245,9.212503209710121e-05,0.5091375840129331,1.067048693536951,0.8146773999669567,1.1024174588965252,5.76e-06,6.4e-07,sparse,5.915432999999979,1.2397074999753386,9.39820671081543,349.625,349.671875,0.046875
8,Random sampling,4,21060431,5000,3,4.0,14972,0.8582,0.00021803805626143276,0.0028653988348138707,0.5235977079719305,0.033870084094814956,0.537199291982688,0.014593041967600584,1,0.0002,8.9832,23.0,14984.0096,2.99680192,8.99040576,0.015559414403889181,0.002597708022221923,0.034816249972209334,49843,35019,0.7,66522,0.03742612502537668,9.254203177988529e-05,0.4996770420111716,1.0748121207200927,0.8226848640745635,1.0946635011350736,5.76e-06,6.4e-07,sparse,5.806496000000038,1.2318077080417424,9.34402847290039,349.671875,349.828125,0.15625
8,Random sampling,5,21060432,5000,3,4.0,14993,0.8498,0.000914002340935325,0.004159593791550593,0.5151677919784561,0.03366891702171415,0.6059712909627706,0.015381584060378373,2,0.0004,8.9958,22.0,14984.0096,2.99680192,8.99040576,0.015559414403889181,0.0029137079836800694,0.03633912489749491,49899,35032,0.7,66544,0.039265000028535724,9.404204320162535e-05,0.5666088339639828,1.0753330310850637,0.8215230056947601,1.1548045850358903,5.76e-06,6.4e-07,sparse,6.2953469999999925,1.2818897500401363,9.353121757507324,349.828125,349.84375,0.015625
8,Random sampling,6,21060433,5000,3,4.0,14981,0.8554,0.0003631023981853789,0.003112885697287743,0.5331803750013933,0.03247716592159122,0.5758932910393924,0.016706250025890768,0,0.0,8.9886,22.0,14984.0096,2.99680192,8.99040576,0.015559414403889181,0.0025885410141199827,0.04161866696085781,49858,35082,0.7,66621,0.04421762505080551,0.00013354199472814798,0.5315372080076486,1.0780069515357078,0.8226901991459044,1.1415459159761667,5.76e-06,6.4e-07,sparse,6.156145000000038,1.2708845000015572,9.34837532043457,349.84375,349.84375,0.0
8,Random sampling,7,21060434,5000,3,4.0,14774,0.8492,0.001129807624019419,0.004659105961033568,0.519513624953106,0.03236395807471126,0.5624658339656889,0.014832959044724703,0,0.0,8.8644,21.0,14984.0096,2.99680192,8.99040576,0.015559414403889181,0.0025682910345494747,0.03275895898696035,49235,34556,0.7,65630,0.035338208079338074,9.420805145055056e-05,0.5270304169971496,1.0762361993378096,0.8248424223662986,1.1143404161557555,5.76e-06,6.4e-07,sparse,6.1236749999999915,1.2382475410122424,9.230398178100586,349.84375,349.84375,0.0
8,Random sampling,8,21060435,5000,3,4.0,15106,0.8476,0.0011441381210925655,0.004418366979070974,0.5036114999093115,0.034058041987009346,0.5730222499696538,0.01734108303207904,3,0.0006,9.0636,21.0,14984.0096,2.99680192,8.99040576,0.015559414403889181,0.002543875016272068,0.03989208408165723,50216,35178,0.7,66854,0.04244687489699572,0.00020033400505781174,0.5303716249763966,1.0735065879793309,0.8197106978180051,1.110688375774771,5.76e-06,6.4e-07,sparse,6.2248989999999935,1.2429066670592874,9.408539772033691,349.84375,349.84375,0.0
8,Random sampling,9,21060436,5000,3,4.0,14977,0.8514,0.0005424440329019484,0.0034732188689420105,0.5156340000685304,0.03586345806252211,0.5726840839488432,0.014725208980962634,0,0.0,8.9862,22.0,14984.0096,2.99680192,8.99040576,0.015559414403889181,0.003052292042411864,0.04783520894125104,49850,34913,0.7,66292,0.05090279201976955,9.787501767277718e-05,0.5216792500577867,1.0745063543172908,0.8226173853599454,1.1241773752262816,5.76e-06,6.4e-07,sparse,6.101246000000003,1.2602860829792917,9.336669921875,349.84375,349.84375,0.0
8,Random sampling,10,21060437,5000,3,4.0,14955,0.847,0.0015241523998350823,0.004880249868457049,0.5064782500267029,0.03324745793361217,0.5993167910492048,0.01556233293376863,1,0.0002,8.973,22.0,14984.0096,2.99680192,8.99040576,0.015559414403889181,0.0025710000190883875,0.04895866592414677,49773,34846,0.7,66191,0.05154124996624887,0.00022004195488989353,0.5475519589381292,1.071567466012165,0.8197880793155097,1.139038958819583,5.76e-06,6.4e-07,sparse,6.094800999999961,1.268841333920136,9.323176383972168,349.84375,349.875,0.03125
10,Random sampling,1,21260428,5000,3,4.0,14401,0.8756,0.0017130666873538555,0.006569046257300448,0.4980255839182064,0.03227354190312326,0.6104469170095399,0.015955541981384158,2,0.0004,8.6406,20.0,14385.609600000002,2.8771219200000004,8.631365760000001,0.009946046832415702,0.0025149999419227242,0.043050667038187385,48132,33888,0.7,64244,0.04560441698413342,0.0002809170400723815,0.5645577909890562,1.0782665144429853,0.8311830722142145,1.1407422508345917,5.76e-06,6.4e-07,sparse,6.259764000000018,1.2698954170336947,9.108133316040039,349.875,350.0625,0.1875
10,Random sampling,2,21260429,5000,3,4.0,14418,0.8804,0.0001406559209387257,0.004083674921455411,0.4994729169411585,0.03247679094783962,0.5985938330413774,0.01603620802052319,3,0.0006,8.6508,20.0,14385.609600000002,2.8771219200000004,8.631365760000001,0.009946046832415702,0.002479249960742891,0.04661949991714209,48170,33945,0.7,64356,0.04911029199138284,0.00010620802640914917,0.5493737920187414,1.0799681246380721,0.8314504118553482,1.1305399999255314,5.76e-06,6.4e-07,sparse,6.001925000000028,1.2546449999790639,9.1159086227417,350.0625,350.15625,0.09375
10,Random sampling,3,21260430,5000,3,4.0,14192,0.8784,0.00046901679825208146,0.004404620745306972,0.48300616699270904,0.031585165997967124,0.6715677920728922,0.015336791053414345,1,0.0002,8.5152,20.0,14385.609600000002,2.8771219200000004,8.631365760000001,0.009946046832415702,0.0026363329961895943,0.05865324998740107,47509,33233,0.7,62947,0.06130237504839897,0.00010370800737291574,0.6101568749872968,1.0742110085062904,0.8273738347972094,1.1861542910337448,5.76e-06,6.4e-07,sparse,6.729558999999995,1.3067569999257103,8.975761413574219,350.15625,350.15625,0.0
10,Random sampling,4,21260431,5000,3,4.0,14292,0.8776,0.0008276264072594704,0.005098567110734402,0.4745386659633368,0.031475875061005354,0.6758942080195993,0.02310570899862796,1,0.0002,8.5752,20.0,14385.609600000002,2.8771219200000004,8.631365760000001,0.009946046832415702,0.002513458952307701,0.06318541697692126,47802,33451,0.7,63413,0.06573616701643914,0.00012745894491672516,0.6100258339429274,1.0740308663244034,0.8281889574626318,1.1819040009286255,5.76e-06,6.4e-07,sparse,6.763799000000006,1.3333765000570565,9.032439231872559,350.15625,350.171875,0.015625
10,Random sampling,5,21260432,5000,3,4.0,14521,0.8754,0.0008453176216837864,0.0054605607918192835,0.4922727500088513,0.032780666020698845,0.5655786249553785,0.01586029096506536,1,0.0002,8.7126,20.0,14385.609600000002,2.8771219200000004,8.631365760000001,0.009946046832415702,0.002758332993835211,0.03974712500348687,48480,33845,0.7,64150,0.042516999994404614,0.00024312501773238182,0.5228149170288816,1.072573468184731,0.826935940425965,1.0906284580705687,5.76e-06,6.4e-07,sparse,5.9681679999999915,1.2190224169753492,9.149489402770996,350.171875,350.390625,0.21875
10,Random sampling,6,21260433,5000,3,4.0,14325,0.8754,0.0008219864989391937,0.005051489824117746,0.4854297919664532,0.03527679108083248,0.6626969589851797,0.0158621669979766,1,0.0002,8.595,22.0,14385.609600000002,2.8771219200000004,8.631365760000001,0.009946046832415702,0.0038104590494185686,0.06287233403418213,47886,33427,0.7,63345,0.06671020900830626,0.0005230829119682312,0.5954574589850381,1.0726199767450426,0.8252182663738822,1.1833973339525983,5.76e-06,6.4e-07,sparse,6.420828000000029,1.308443707996048,9.043676376342773,350.390625,350.609375,0.21875
10,Random sampling,7,21260434,5000,3,4.0,14439,0.8804,7.085924372300011e-05,0.0037247727316063652,0.5056519170757383,0.037714791018515825,0.6658608749276027,0.015269416966475546,1,0.0002,8.6634,22.0,14385.609600000002,2.8771219200000004,8.631365760000001,0.009946046832415702,0.003762249951250851,0.05929637490771711,48239,33825,0.7,64117,0.06311816594097763,0.00012262503150850534,0.6026157920714468,1.074628470808358,0.8257497471451266,1.209223291138187,5.76e-06,6.4e-07,sparse,6.220991000000026,1.3372490420006216,9.114805221557617,350.609375,350.671875,0.0625
10,Random sampling,8,21260435,5000,3,4.0,14277,0.8762,0.0001601176538894696,0.003810017131810191,0.49301291606388986,0.031784833990968764,0.6286166249774396,0.015870500006712973,2,0.0004,8.5662,23.0,14385.609600000002,2.8771219200000004,8.631365760000001,0.009946046832415702,0.0025895839789882302,0.05588891706429422,47760,33444,0.7,63351,0.05850412498693913,0.00022020901087671518,0.5698870419291779,1.0759016571509759,0.8274965678719961,1.1534091259818524,5.76e-06,6.4e-07,sparse,6.316327999999999,1.2860286659561098,9.023955345153809,350.671875,351.171875,0.5
10,Random sampling,9,21260436,5000,3,4.0,14254,0.875,0.0002605751366211604,0.004146502094808388,0.5111174579942599,0.03392179205548018,0.6573150000767782,0.015384082915261388,0,0.0,8.5524,21.0,14385.609600000002,2.8771219200000004,8.631365760000001,0.009946046832415702,0.002543875016272068,0.04789162497036159,47690,33282,0.7,63056,0.050491082947701216,0.00011004193220287561,0.6067100829677656,1.0718324816513574,0.8287977834919478,1.2023504578974098,5.76e-06,6.4e-07,sparse,6.516098999999997,1.3325371249811724,9.004583358764648,351.171875,351.171875,0.0
10,Random sampling,10,21260437,5000,3,4.0,14496,0.8822,2.2106827925445315e-05,0.003605100984895178,0.5074717499082908,0.034590542083606124,0.7600028750021011,0.016661291010677814,2,0.0004,8.6976,22.0,14385.609600000002,2.8771219200000004,8.631365760000001,0.009946046832415702,0.0026853340677917004,0.05369149998296052,48409,33943,0.7,64438,0.056431874982081354,0.00013216596562415361,0.7034350829198956,1.0709503640890874,0.8225458191461084,1.302061415859498,5.76e-06,6.4e-07,sparse,7.097304000000008,1.4382690000347793,9.15191650390625,351.171875,351.171875,0.0
12,Random sampling,1,21460428,5000,3,4.0,14121,0.895,0.00020972210961332823,0.005575786560662165,0.49999441707041115,0.03171854198444635,0.7592116249725223,0.015353584080003202,1,0.0002,8.4726,22.0,14060.753177600001,2.81215063552,8.43645190656,0.0068986897019259795,0.0028054170543327928,0.0671809579944238,47292,33204,0.7,62876,0.07002833392471075,0.00012212491128593683,0.689057125011459,1.077527855718041,0.828067217096661,1.2909205429023132,5.76e-06,6.4e-07,sparse,7.081346999999994,1.4160440840059891,9.023594856262207,351.171875,351.28125,0.109375
12,Random sampling,2,21460429,5000,3,4.0,13975,0.892,0.0004469333658941834,0.0060372430043582545,0.4763078329851851,0.031077041989192367,0.716240584035404,0.015283667016774416,1,0.0002,8.385,20.0,14060.753177600001,2.81215063552,8.43645190656,0.0068986897019259795,0.0025679580867290497,0.04886874998919666,46855,32879,0.7,62268,0.051448540994897485,0.00011154194362461567,0.6646770419320092,1.0741207905059875,0.8307815219766863,1.2236219998449087,5.76e-06,6.4e-07,sparse,7.023539000000028,1.3423754170071334,8.937983512878418,351.28125,351.40625,0.125
12,Random sampling,3,21460430,5000,3,4.0,13917,0.8932,0.00047251844815123276,0.0059408529623310394,0.49595699994824827,0.03152237494941801,0.6402110420167446,0.01547383307479322,1,0.0002,8.3502,20.0,14060.753177600001,2.81215063552,8.43645190656,0.0068986897019259795,0.00262625003233552,0.056402624933980405,46669,32731,0.7,61983,0.05906258395407349,0.00011512497439980507,0.5810291660018265,1.073094880898585,0.8295294361871914,1.167686249827966,5.76e-06,6.4e-07,sparse,6.5873659999999745,1.2928154589608312,8.903542518615723,351.40625,351.984375,0.578125
12,Random sampling,4,21460431,5000,3,4.0,14156,0.8926,0.0006901483774347487,0.006449324394083601,0.5453784170094877,0.03168083308264613,0.8146518330322579,0.015000959043391049,1,0.0002,8.4936,20.0,14060.753177600001,2.81215063552,8.43645190656,0.0068986897019259795,0.0025790000800043344,0.06497370800934732,47393,33331,0.7,63168,0.0675643750000745,0.00011283392086625099,0.7469710409641266,1.076291983242888,0.8286150925163593,1.3917074999772012,5.76e-06,6.4e-07,sparse,6.470450999999969,1.511609666980803,9.044489860534668,351.984375,352.28125,0.296875
12,Random sampling,5,21460432,5000,3,4.0,14094,0.8936,0.00047717926770715196,0.005725281598198394,0.5007835840806365,0.03102420805953443,0.5801971670007333,0.015402458026073873,3,0.0006,8.4564,20.0,14060.753177600001,2.81215063552,8.43645190656,0.0068986897019259795,0.002414125017821789,0.06311337498482317,47199,33078,0.7,62664,0.06553920800797641,0.00011058407835662365,0.5145440420601517,1.0755905909431498,0.8303772619799984,1.1120016262866557,5.76e-06,6.4e-07,sparse,6.172802999999988,1.2357182499254122,8.999905586242676,352.28125,352.28125,0.0
12,Random sampling,6,21460433,5000,3,4.0,14080,0.8912,0.000631333233588444,0.006660116762264471,0.49177445808891207,0.03513512504287064,0.6384363339748234,0.01607637503184378,2,0.0004,8.448,21.0,14060.753177600001,2.81215063552,8.43645190656,0.0068986897019259795,0.002924207947216928,0.0487163329962641,47165,33055,0.7,62618,0.051653334056027234,0.00011229095980525017,0.5866671670228243,1.0734876953980006,0.8316308662153495,1.1653423751704395,5.76e-06,6.4e-07,sparse,6.508620000000008,1.2891658340813592,8.99346923828125,352.28125,352.28125,0.0
12,Random sampling,7,21460434,5000,3,4.0,14257,0.895,0.00044499917125063267,0.0060853660733247664,0.4884251249022782,0.03150379203725606,0.6789981670444831,0.015204416937194765,0,0.0,8.5542,21.0,14060.753177600001,2.81215063552,8.43645190656,0.0068986897019259795,0.0025665409630164504,0.053026875015348196,47701,33372,0.7,63186,0.0556413340382278,0.00011108303442597389,0.6232424579793587,1.077124022280746,0.8298142604162474,1.1989237919915468,5.76e-06,6.4e-07,sparse,6.8726950000000215,1.3199922090861946,9.085989952087402,352.28125,352.359375,0.078125
12,Random sampling,8,21460435,5000,3,4.0,14146,0.8942,0.0003269505984429798,0.005739767916058627,0.4800471249036491,0.031185250030830503,0.636689875042066,0.014891457976773381,0,0.0,8.4876,23.0,14060.753177600001,2.81215063552,8.43645190656,0.0068986897019259795,0.0025260410038754344,0.057025082991458476,47364,33153,0.7,62728,0.059610707918182015,0.00011091609485447407,0.5769648749846965,1.0777800558824195,0.8290573348530296,1.1479188739322126,5.76e-06,6.4e-07,sparse,6.41677199999998,1.2714224170194939,9.025135040283203,352.359375,352.359375,0.0
12,Random sampling,9,21460436,5000,3,4.0,14010,0.8908,0.0008052616034220595,0.00640370258719465,0.48892612499184906,0.03163320804014802,0.6713930000551045,0.014597416971810162,0,0.0,8.406,23.0,14060.753177600001,2.81215063552,8.43645190656,0.0068986897019259795,0.0025394579861313105,0.06883537501562387,46944,32905,0.7,62312,0.0713870000327006,0.0001140000531449914,0.5998885839944705,1.0744760213096256,0.8298816211521938,1.1919489171123132,5.76e-06,6.4e-07,sparse,6.5250389999999925,1.328808750025928,8.952296257019043,352.359375,352.359375,0.0
12,Random sampling,10,21460437,5000,3,4.0,14183,0.8972,0.00010679233136987523,0.005235033479581132,0.509946541977115,0.03310145903378725,0.723205832997337,0.015326166991144419,0,0.0,8.5098,23.0,14060.753177600001,2.81215063552,8.43645190656,0.0068986897019259795,0.002746167010627687,0.059242208022624254,47479,33145,0.7,62823,0.062021832913160324,0.00011795805767178535,0.6610625840257853,1.0707111997235406,0.8286927582010957,1.2662503760075197,5.76e-06,6.4e-07,sparse,6.818833999999981,1.3902707499219105,9.041861534118652,352.359375,352.421875,0.0625
