n,rep,seed,K,m,num_hyperedges_total,misclassification_rate,ARI,NMI,generation_wall_sec,zhou_laplacian_wall_sec,spectral_clustering_wall_sec,metric_wall_sec,num_isolated_nodes,hypergraph_degree_mean,hypergraph_degree_max,zhou_laplacian_nnz,eigen_decomposition_wall_sec,embedding_normalize_wall_sec,kmeans_wall_sec,algorithm_total_wall_sec,rho_n,p_in,p_out,sampling_mode,cpu_time_sec,wall_clock_sec,peak_traced_memory_mb,rss_before_mb,rss_after_mb,rss_delta_mb
1000,1,1020263427,3,3,1197,0.653,1.3872977393213116e-05,0.0018260059612086404,0.06008490000021993,0.008093300002656179,1.5614954000011494,0.011714100000972394,38,3.591,12.0,8140,0.011723300001904136,9.710000085760839e-05,1.5496659999989788,1.6296646000046167,1.0,3.6e-05,4e-06,sparse,0.609375,1.6474095000012312,0.8205156326293945,204.10546875,206.515625,2.41015625
1000,2,1020263428,3,3,1288,0.503,0.07838180188914762,0.07182532548448338,0.08394009999756236,0.007340100000874372,0.09996330000285525,0.012867199999163859,22,3.864,11.0,8684,0.012591500002599787,0.0001205000007757917,0.08723669999744743,0.19122889999925974,1.0,3.6e-05,4e-06,sparse,0.609375,0.21519769999940763,0.8081455230712891,206.515625,206.8671875,0.3515625
1000,3,1020263429,3,3,1243,0.536,0.09307835133531935,0.08772746323092198,0.06982479999714997,0.0068542000008164905,0.09491340000022319,0.011312800001178402,21,3.729,11.0,8408,0.010276900000462774,7.069999992381781e-05,0.08455520000279648,0.17158180000114953,1.0,3.6e-05,4e-06,sparse,0.5,0.1912971000019752,0.7981338500976562,206.8671875,206.93359375,0.06640625
1000,4,1020263430,3,3,1305,0.52,0.08693533050243962,0.08233099932723006,0.06877289999829372,0.007504299999709474,0.1273196000001917,0.01964129999760189,23,3.915,12.0,8794,0.011987599998974474,7.46000005165115e-05,0.11524569999892265,0.20358509999641683,1.0,3.6e-05,4e-06,sparse,0.578125,0.23585880000246107,0.8148050308227539,206.93359375,206.94140625,0.0078125
1000,5,1020263431,3,3,1246,0.634,0.0026479261460421516,0.02356429933357685,0.07398570000077598,0.008946099998865975,0.09550899999885587,0.012355199996818556,17,3.738,13.0,8432,0.017687399998976616,0.00013449999823933467,0.07767280000189203,0.17842649999874993,1.0,3.6e-05,4e-06,sparse,0.65625,0.19777889999750187,0.7972784042358398,206.94140625,206.953125,0.01171875
1000,6,1020263432,3,3,1278,0.342,0.24553291463848662,0.2155100866106801,0.08664289999796893,0.012231600001541665,0.10392100000171922,0.014993600001616869,20,3.834,10.0,8626,0.015472399998543551,8.739999975659885e-05,0.08835379999800352,0.20278809999581426,1.0,3.6e-05,4e-06,sparse,0.671875,0.22866399999838904,0.8095283508300781,206.953125,207.01953125,0.06640625
1000,7,1020263433,3,3,1241,0.515,0.13608253382909055,0.1348053120634779,0.07125990000349702,0.00934159999815165,0.1072258000021975,0.012965399997483473,24,3.723,12.0,8408,0.017316699999355478,0.00011309999899822287,0.08977990000130376,0.18781120000130613,1.0,3.6e-05,4e-06,sparse,0.625,0.20883280000271043,0.7959527969360352,207.01953125,207.03125,0.01171875
1000,8,1020263434,3,3,1275,0.484,0.09621925373741277,0.08681508246982678,0.08324690000154078,0.007504000001063105,0.10092740000254707,0.012785400002030656,16,3.825,11.0,8598,0.015737699999590404,7.91000020399224e-05,0.08509720000074594,0.19166490000498015,1.0,3.6e-05,4e-06,sparse,0.5625,0.2111533999996027,0.8077154159545898,207.03125,207.03515625,0.00390625
1000,9,1020263435,3,3,1218,0.534,0.04846188704395058,0.044556155459389735,0.07298670000091079,0.008438699998805532,0.11135949999879813,0.011325299998134142,25,3.654,12.0,8278,0.010717999997723382,7.800000093993731e-05,0.1005576999996265,0.19277909999800613,1.0,3.6e-05,4e-06,sparse,0.578125,0.21286690000124509,0.7914676666259766,207.03515625,207.0390625,0.00390625
1000,10,1020263436,3,3,1261,0.574,0.052583650944587154,0.057471038205082765,0.06944260000091163,0.007617100000061328,0.12532639999699313,0.015297199999622535,16,3.783,11.0,8534,0.011977699999988545,0.00012880000213044696,0.1132127999990189,0.20237900000211084,1.0,3.6e-05,4e-06,sparse,0.640625,0.22856049999973038,0.8025379180908203,207.0390625,207.26953125,0.23046875
2000,1,2020266427,3,3,2460,0.507,0.10139610890479506,0.0872339240367891,0.1832003999988956,0.013204599999880884,0.11460040000019944,0.01978379999854951,49,3.69,11.0,16730,0.01550429999770131,8.209999941755086e-05,0.09900869999910356,0.3110000999949989,1.0,9e-06,1e-06,sparse,0.90625,0.3502033000004303,1.5981645584106445,207.62890625,208.84375,1.21484375
2000,2,2020266428,3,3,2538,0.565,0.07019723106630761,0.06823974266089347,0.16072900000290247,0.010965400000713998,0.09803789999932633,0.021282599998812657,45,3.807,12.0,17186,0.014280999999755295,0.00010489999840501696,0.08364570000048843,0.2697260000022652,1.0,9e-06,1e-06,sparse,0.828125,0.3122707000002265,1.6217670440673828,208.84375,209.140625,0.296875
2000,3,2020266429,3,3,2488,0.6145,0.012023257860970886,0.014053390998931657,0.15569830000094953,0.011639399999694433,0.0999164999993809,0.018113199999788776,41,3.732,12.0,16892,0.012468900000385474,0.00011630000153672881,0.08732529999906546,0.26724820000163163,1.0,9e-06,1e-06,sparse,0.8125,0.30445529999997234,1.607217788696289,209.140625,209.171875,0.03125
2000,4,2020266430,3,3,2553,0.413,0.17150007818286264,0.15679198055006197,0.15664970000216272,0.012763900002028095,0.07922959999996237,0.014946499999496154,40,3.8295,12.0,17278,0.015369400000054156,0.00015639999764971435,0.06369600000107312,0.2486354000029678,1.0,9e-06,1e-06,sparse,0.734375,0.27652709999892977,1.6259641647338867,209.171875,209.48046875,0.30859375
2000,5,2020266431,3,3,2521,0.62,0.010524724147611868,0.018833008959575508,0.13315680000232533,0.011183099999470869,0.08408240000062506,0.01447080000070855,33,3.7815,11.0,17078,0.012009599999146303,7.790000017848797e-05,0.07199000000036904,0.22841740000149002,1.0,9e-06,1e-06,sparse,0.6875,0.25974199999836856,1.616917610168457,209.48046875,209.48046875,0.0
2000,6,2020266432,3,3,2502,0.571,0.04233488344461997,0.05150698898525268,0.18002610000257846,0.014309800000773976,0.11300999999730266,0.023239899997861357,41,3.753,12.0,16972,0.01583519999985583,0.00010910000128205866,0.09706020000157878,0.3073404000060691,1.0,9e-06,1e-06,sparse,0.921875,0.3514187000000675,1.6127538681030273,209.48046875,209.48046875,0.0
2000,7,2020266433,3,3,2451,0.646,0.00140554032990497,0.0049181796849868545,0.13353490000008605,0.01165930000206572,0.09460279999984778,0.01952779999919585,52,3.6765,12.0,16656,0.012160999998741318,9.219999992637895e-05,0.0823445999994874,0.23979200000030687,1.0,9e-06,1e-06,sparse,0.8125,0.27746290000141016,1.5982694625854492,209.48046875,209.53125,0.05078125
2000,8,2020266434,3,3,2548,0.557,0.06374010901215808,0.06045954224159402,0.14289110000026994,0.011517899998580106,0.10136419999980717,0.01644289999967441,40,3.822,11.0,17246,0.013811599998007296,9.14999982342124e-05,0.08745570000246516,0.2557677999975567,1.0,9e-06,1e-06,sparse,0.8125,0.28991820000010193,1.6250038146972656,209.53125,209.53125,0.0
2000,9,2020266435,3,3,2511,0.5135,0.11459940851956148,0.12020942625086611,0.16324149999854853,0.011830499999632593,0.11110919999919133,0.019126400002278388,46,3.7665,12.0,17036,0.012900300000183051,9.089999730349518e-05,0.09811330000229646,0.28617649999796413,1.0,9e-06,1e-06,sparse,0.828125,0.32404370000222116,1.613983154296875,209.53125,209.53125,0.0
2000,10,2020266436,3,3,2606,0.522,0.0787550534014777,0.06997243189008423,0.1444072000012966,0.01208770000084769,0.10390190000180155,0.018245800001750467,49,3.909,12.0,17590,0.016894799999136012,9.490000229561701e-05,0.08690640000349958,0.2603910000070755,1.0,9e-06,1e-06,sparse,0.84375,0.29768049999984214,1.6421270370483398,209.53125,209.53125,0.0
3000,1,3020269427,3,3,3694,0.632,0.004099954245393794,0.008219810797113236,0.2048979999999574,0.014406599999347236,0.13558110000303714,0.024969799997052178,82,3.694,12.0,25124,0.013805899998260429,6.630000279983506e-05,0.1217039000002842,0.3548807000006491,1.0,4e-06,4.4444444444444444e-07,sparse,1.1875,0.40147110000179964,2.4035568237304688,209.53125,210.5546875,1.0234375
3000,2,3020269428,3,3,3844,0.637,0.004071277981457352,0.00830114722701475,0.21317180000187363,0.015506299998378381,0.0888623999999254,0.018004999998083804,68,3.844,12.0,26026,0.014135899997199886,8.049999814829789e-05,0.07464070000060019,0.3175351999962004,1.0,4e-06,4.4444444444444444e-07,sparse,0.828125,0.3545970000013767,2.4480390548706055,210.5546875,211.92578125,1.37109375
3000,3,3020269429,3,3,3742,0.469,0.13765539156289325,0.11698488123231442,0.1945384999999078,0.014986800000770018,0.08398279999892111,0.019604000000981614,55,3.742,11.0,25424,0.019785500000580214,8.560000060242601e-05,0.06410669999968377,0.2935031000015442,1.0,4e-06,4.4444444444444444e-07,sparse,0.796875,0.33107079999899724,2.42099666595459,211.92578125,210.9375,-0.98828125
3000,4,3020269430,3,3,3741,0.5853333333333334,0.031022878644537517,0.02554825238203488,0.20483950000198092,0.01674519999869517,0.10363309999956982,0.02120949999880395,75,3.741,11.0,25396,0.014196699998137774,8.800000068731606e-05,0.08934289999888279,0.32521229999838397,1.0,4e-06,4.4444444444444444e-07,sparse,1.015625,0.37425489999804995,2.4175376892089844,210.9375,211.31640625,0.37890625
3000,5,3020269431,3,3,3706,0.6333333333333333,0.0018192770872614927,0.013352678301325138,0.18250620000253548,0.01514110000061919,0.07041319999916595,0.020879000003333203,77,3.706,11.0,25190,0.014086799998040078,8.629999865661375e-05,0.056235099997138605,0.26805549999698997,1.0,4e-06,4.4444444444444444e-07,sparse,0.703125,0.307113599999866,2.408487319946289,211.31640625,211.33203125,0.015625
3000,6,3020269432,3,3,3903,0.5433333333333333,0.06893912720286055,0.07677321590781042,0.20571729999937816,0.01612790000217501,0.08335470000019995,0.01715909999984433,70,3.903,11.0,26360,0.015340300000389107,8.720000187167898e-05,0.06792209999912302,0.305194800002937,1.0,4e-06,4.4444444444444444e-07,sparse,0.8125,0.3411320000013802,2.4637632369995117,211.33203125,211.33984375,0.0078125
3000,7,3020269433,3,3,3698,0.589,0.017365853135574934,0.03657818626589351,0.1951943999993091,0.01495960000102059,0.10081129999889527,0.023373600000923034,73,3.698,12.0,25156,0.014160099999571685,8.150000212481245e-05,0.0865644000004977,0.3109600000025239,1.0,4e-06,4.4444444444444444e-07,sparse,1.046875,0.36129109999819775,2.407179832458496,211.33984375,211.34765625,0.0078125
3000,8,3020269434,3,3,3723,0.5733333333333334,0.03935477972781621,0.04376209703449218,0.1899675999993633,0.014976200000091922,0.09008629999880213,0.022314099998766324,92,3.723,11.0,25294,0.01957889999903273,8.230000094044954e-05,0.070420699998067,0.2950256999974954,1.0,4e-06,4.4444444444444444e-07,sparse,0.90625,0.339750200000708,2.413702964782715,211.34765625,211.40234375,0.0546875
3000,9,3020269435,3,3,3793,0.49166666666666664,0.10997972935557458,0.09733617548051275,0.1947686999992584,0.01719569999841042,0.12792190000254777,0.02097440000216011,72,3.793,12.0,25716,0.023764999998093117,8.819999857223593e-05,0.10406419999708305,0.3398817999914172,1.0,4e-06,4.4444444444444444e-07,sparse,0.984375,0.3866197999996075,2.43373966217041,211.40234375,211.55859375,0.15625
3000,10,3020269436,3,3,3772,0.6186666666666667,0.010695856025130663,0.010175237170318473,0.2080495999980485,0.016724100001738407,0.09628250000241678,0.017637400000239722,76,3.772,13.0,25596,0.016274599998723716,9.669999781181104e-05,0.07990609999978915,0.3210510999961116,1.0,4e-06,4.4444444444444444e-07,sparse,0.9375,0.3574205999975675,2.429450035095215,211.55859375,211.7890625,0.23046875
4000,1,4020272427,3,3,5048,0.66425,-1.6497356932378014e-05,0.00028753432515674,0.2556895000016084,0.02107179999802611,0.06032310000227881,0.02379069999733474,101,3.786,13.0,34242,0.015730299997812835,9.159999899566174e-05,0.04449640000166255,0.33707959999810555,1.0,2.25e-06,2.5e-07,sparse,0.75,0.3857029999999213,3.2443599700927734,211.7890625,212.625,0.8359375
4000,2,4020272428,3,3,4961,0.5425,0.04605493644379467,0.06059887852802487,0.26195150000057765,0.02057029999923543,0.13715349999984028,0.03323180000006687,77,3.72075,12.0,33732,0.02250339999955031,0.00010459999975864775,0.11453989999790792,0.41966969999702997,1.0,2.25e-06,2.5e-07,sparse,1.34375,0.481292399999802,3.220914840698242,212.625,212.16015625,-0.46484375
4000,3,4020272429,3,3,5055,0.6365,0.00484018815854866,0.008864563549913048,0.26218879999942146,0.018394499998976244,0.09144060000107856,0.03126049999991665,92,3.79125,12.0,34300,0.01810250000198721,8.859999798005447e-05,0.07324439999865717,0.37201879999702214,1.0,2.25e-06,2.5e-07,sparse,1.046875,0.4395360999988043,3.2477378845214844,212.16015625,212.79296875,0.6328125
4000,4,4020272430,3,3,5037,0.61125,0.006122122459202579,0.010725987815633697,0.2602541000014753,0.018573400000605034,0.10222470000007888,0.026157500000408618,84,3.77775,14.0,34180,0.017729299997881753,7.469999763998203e-05,0.08441579999998794,0.38104729999759,1.0,2.25e-06,2.5e-07,sparse,1.0625,0.43606740000177524,3.2416601181030273,212.79296875,212.01953125,-0.7734375
4000,5,4020272431,3,3,5022,0.54025,0.04590137635332889,0.05501599100768009,0.2624175999990257,0.019151699998474214,0.11444900000060443,0.027329799999279203,86,3.7665,15.0,34100,0.020801300001039635,8.330000127898529e-05,0.0935598000032769,0.39601370000309544,1.0,2.25e-06,2.5e-07,sparse,1.15625,0.45373450000261073,3.2386302947998047,212.01953125,212.640625,0.62109375
4000,6,4020272432,3,3,5125,0.65625,0.0005543620277810462,0.008514264028197965,0.271438700001454,0.019081999998888932,0.06943010000031791,0.028625499999179738,105,3.84375,12.0,34700,0.015523999998549698,0.00010409999958937988,0.05379739999989397,0.35994619999837596,1.0,2.25e-06,2.5e-07,sparse,0.921875,0.41938560000198777,3.267594337463379,212.640625,211.95703125,-0.68359375
4000,7,4020272433,3,3,5038,0.5445,0.06190270566977912,0.06635960462819372,0.2657538999992539,0.018408700001600664,0.11270019999938086,0.024884900001779897,79,3.7785,12.0,34170,0.02397420000124839,8.789999992586672e-05,0.08863230000133626,0.3968570000033651,1.0,2.25e-06,2.5e-07,sparse,1.15625,0.4507597000010719,3.24169921875,211.95703125,213.33203125,1.375
4000,8,4020272434,3,3,4994,0.635,0.0033253646292251493,0.0030422721563628016,0.27384389999861014,0.018621899998834124,0.09731090000059339,0.024197500002628658,100,3.7455,12.0,33930,0.020266100000299048,7.840000034775585e-05,0.07696189999842318,0.38977219999651425,1.0,2.25e-06,2.5e-07,sparse,0.984375,0.44503590000022086,3.232590675354004,213.33203125,212.6640625,-0.66796875
4000,9,4020272435,3,3,5064,0.64,0.0033984831745504556,0.011815301885921729,0.26808680000249296,0.018955899999127723,0.09268499999961932,0.026278699999238597,99,3.798,11.0,34330,0.018048799996904563,9.159999899566174e-05,0.07453950000126497,0.3797225999987859,1.0,2.25e-06,2.5e-07,sparse,1.0625,0.4333345000013651,3.25067138671875,212.6640625,213.28515625,0.62109375
4000,10,4020272436,3,3,5122,0.63725,0.002479203970566125,0.006296840114405742,0.2683675000007497,0.019918699999834644,0.12143259999720613,0.030527099999744678,90,3.8415,12.0,34690,0.01621510000040871,9.449999924981967e-05,0.1051175999964471,0.40971339999669,1.0,2.25e-06,2.5e-07,sparse,1.34375,0.47515869999915594,3.2684574127197266,213.28515625,213.28515625,0.0
5000,1,5020275427,3,3,6170,0.6022,0.016562188723985096,0.019053076454388695,0.365943699998752,0.02246440000089933,0.10433110000303714,0.037497400000575,112,3.702,13.0,41982,0.019816899999568705,9.890000001178123e-05,0.08441080000193324,0.49273470000116504,1.0,1.44e-06,1.6e-07,sparse,1.265625,0.5623845000009169,4.01707649230957,213.28515625,213.5078125,0.22265625
5000,2,5020275428,3,3,6201,0.6578,0.0004942847423545978,0.004155661062686643,0.3304204000014579,0.023226099998282734,0.09776119999878574,0.03603060000023106,127,3.7206,12.0,42168,0.017422199998691212,0.0001036000030580908,0.08023070000126609,0.451403000002756,1.0,1.44e-06,1.6e-07,sparse,1.234375,0.519524100000126,4.027965545654297,213.5078125,214.2734375,0.765625
5000,3,5020275429,3,3,6349,0.6318,0.00421930246087558,0.022497056016670472,0.42784129999927245,0.02271949999703793,0.11231020000195713,0.03620199999932083,124,3.8094,12.0,43052,0.022983099999692058,0.00010370000018156134,0.08921829999962938,0.5628658999958134,1.0,1.44e-06,1.6e-07,sparse,1.3125,0.6341100999998162,4.070893287658691,214.2734375,214.203125,-0.0703125
5000,4,5020275430,3,3,6310,0.6622,-1.418894741343024e-06,0.0009835731088674398,0.33680570000069565,0.024068400001851842,0.07762899999943329,0.031762099999468774,110,3.786,12.0,42802,0.017599700000573648,0.00012029999925289303,0.05990359999850625,0.4384977000008803,1.0,1.44e-06,1.6e-07,sparse,1.046875,0.5028863999978057,4.059900283813477,214.203125,213.515625,-0.6875
5000,5,5020275431,3,3,6087,0.5976,0.022667866009401655,0.027317314681186314,0.32379490000312217,0.021823099999892293,0.11931660000118427,0.030082100001891376,146,3.6522,13.0,41480,0.023143700000218814,0.00010289999772794545,0.0960653000001912,0.4649299000011524,1.0,1.44e-06,1.6e-07,sparse,1.328125,0.5305203999996593,3.9930248260498047,213.515625,215.0546875,1.5390625
5000,6,5020275432,3,3,6261,0.662,4.2933429557338434e-05,0.0012339936649290986,0.33487030000105733,0.022892200002388563,0.09852750000209198,0.03550990000076126,118,3.7566,12.0,42528,0.017244399998162407,9.76999981503468e-05,0.08118019999892567,0.4562847999986843,1.0,1.44e-06,1.6e-07,sparse,1.328125,0.5356295999990834,4.042779922485352,215.0546875,214.6796875,-0.375
5000,7,5020275433,3,3,6332,0.6488,0.0014396487269900569,0.004836822070580706,0.36034980000113137,0.023368399997707456,0.10962250000011409,0.031000099999801023,110,3.7992,11.0,42932,0.023619600000529317,9.800000043469481e-05,0.085899600002449,0.49333540000225184,1.0,1.44e-06,1.6e-07,sparse,1.25,0.5570316000012099,4.064434051513672,214.6796875,214.671875,-0.0078125
5000,8,5020275434,3,3,6201,0.661,0.00017412341799922945,0.0027521356992637218,0.3350742000002356,0.024425899999187095,0.09038250000230619,0.0317756999975245,145,3.7206,12.0,42176,0.021345799999835435,0.00012910000077681616,0.0689012000002549,0.4498762000002898,1.0,1.44e-06,1.6e-07,sparse,1.21875,0.5150198000010278,4.0284013748168945,214.671875,214.6796875,0.0078125
5000,9,5020275435,3,3,6569,0.5718,0.043317222827648334,0.03731025510198954,0.3815422000006947,0.02770759999839356,0.09400109999842243,0.02666710000266903,103,3.9414,12.0,44362,0.020166999998764368,0.00010299999848939478,0.07372580000082962,0.5032455999971717,1.0,1.44e-06,1.6e-07,sparse,1.125,0.5646206999990682,4.135807991027832,214.6796875,214.484375,-0.1953125
5000,10,5020275436,3,3,6181,0.496,0.0872006793021086,0.0823441447052156,0.32662400000117486,0.02315430000089691,0.10374180000144406,0.03574579999985872,122,3.7086,12.0,42052,0.02753630000006524,0.0001021999996737577,0.07609809999848949,0.45351490000030026,1.0,1.44e-06,1.6e-07,sparse,1.203125,0.5275041999993846,4.019651412963867,214.484375,214.48828125,0.00390625
6000,1,6020278427,3,3,7572,0.6556666666666666,0.00023142547435487165,0.0017804253949366216,0.37607999999818276,0.027021100002457388,0.08642330000293441,0.03822570000193082,125,3.786,12.0,51396,0.022838699998828815,8.81000014487654e-05,0.06349249999766471,0.48952039999858243,1.0,1e-06,1.1111111111111111e-07,sparse,1.265625,0.5669721000012942,4.875953674316406,214.48828125,208.99609375,-5.4921875
6000,2,6020278428,3,3,7550,0.6098333333333333,0.0077941134331049365,0.025074569672417984,0.3949253000027966,0.02781959999992978,0.13162560000273515,0.03826480000134325,140,3.775,15.0,51262,0.030602700000599725,9.610000051907264e-05,0.10092200000144658,0.5543657000052917,1.0,1e-06,1.1111111111111111e-07,sparse,1.46875,0.6329866999985825,4.865843772888184,208.99609375,208.9296875,-0.06640625
6000,3,6020278429,3,3,7565,0.6531666666666667,0.0004061483295609688,0.004450229873761219,0.3805698999967717,0.027567199998884462,0.09545480000087991,0.03421349999916856,140,3.7825,12.0,51334,0.01931689999764785,0.00011450000238255598,0.07601849999991828,0.5035869999956049,1.0,1e-06,1.1111111111111111e-07,sparse,1.265625,0.5742637000003015,4.871301651000977,208.9296875,214.10546875,5.17578125
6000,4,6020278430,3,3,7644,0.6565,0.000610969227570517,0.004869572002074298,0.39130939999813563,0.027549799997359514,0.10381849999976112,0.03756950000024517,125,3.822,12.0,51828,0.019626100001914892,0.00015490000077988952,0.08403259999977308,0.522672799997963,1.0,1e-06,1.1111111111111111e-07,sparse,1.390625,0.6010915999977442,4.896218299865723,214.10546875,214.4921875,0.38671875
6000,5,6020278431,3,3,7473,0.6588333333333334,0.00027066779982931534,0.004533967563740657,0.3941658000003372,0.027258999998593936,0.09647369999947841,0.03679810000176076,130,3.7365,12.0,50794,0.022766800000681542,0.0001832999987527728,0.07351670000207378,0.5178916000004392,1.0,1e-06,1.1111111111111111e-07,sparse,1.390625,0.6081425000011222,4.844017028808594,214.4921875,213.953125,-0.5390625
6000,6,6020278432,3,3,7541,0.6453333333333333,0.0009872142111079308,0.006765685627663573,0.38803870000265306,0.027941700001974823,0.09610739999698126,0.03434460000062245,131,3.7705,14.0,51200,0.020443900000827853,9.990000035031699e-05,0.07555909999791766,0.5120833000037237,1.0,1e-06,1.1111111111111111e-07,sparse,1.265625,0.5824180999989039,4.865139961242676,213.953125,214.109375,0.15625
6000,7,6020278433,3,3,7634,0.6106666666666667,0.014161384868874322,0.011732579400991875,0.39711309999984223,0.028020800000376767,0.0956384999990405,0.03405910000219592,130,3.817,15.0,51778,0.01975040000252193,0.00010580000162008218,0.07577780000065104,0.520767900005012,1.0,1e-06,1.1111111111111111e-07,sparse,1.265625,0.5929806999993161,4.890881538391113,214.109375,214.1171875,0.0078125
6000,8,6020278434,3,3,7579,0.6461666666666667,0.0014358709759456998,0.007700738760075838,0.38600529999894206,0.0275459000004048,0.12407209999946645,0.04112099999838392,138,3.7895,13.0,51422,0.022473699998954544,0.00010889999975915998,0.10145140000167885,0.5375851999997394,1.0,1e-06,1.1111111111111111e-07,sparse,1.46875,0.6174447999983386,4.876265525817871,214.1171875,214.11328125,-0.00390625
6000,9,6020278435,3,3,7622,0.6501666666666667,0.0006451169517055946,0.012956515876494573,0.4299057000025641,0.02862939999977243,0.09601220000331523,0.04359420000037062,128,3.811,13.0,51690,0.02205590000085067,0.00010229999679722823,0.07384889999957522,0.5545421999995597,1.0,1e-06,1.1111111111111111e-07,sparse,1.484375,0.6476024000003235,4.8861894607543945,214.11328125,213.8515625,-0.26171875
6000,10,6020278436,3,3,7752,0.661,0.000225915426526471,0.003710444161493627,0.4062428999968688,0.028402700001606718,0.08086960000218824,0.03625069999907282,136,3.876,14.0,52486,0.020044100001541665,0.00011610000001383014,0.06070380000164732,0.5155096000016783,1.0,1e-06,1.1111111111111111e-07,sparse,1.1875,0.5929852000008395,4.92597770690918,213.8515625,213.84765625,-0.00390625
7000,1,7020281427,3,3,8762,0.6632857142857143,-3.3915556018696204e-06,0.0005133337947003696,0.43700259999968694,0.030186299998604227,0.0796794999987469,0.03954620000149589,173,3.7551428571428573,13.0,59514,0.02081759999782662,0.00011969999832217582,0.0587374999995518,0.5468636999939918,1.0,7.346938775510204e-07,8.16326530612245e-08,sparse,1.328125,0.6367200000022422,5.666064262390137,213.86328125,214.69921875,0.8359375
7000,2,7020281428,3,3,8788,0.6501428571428571,0.000726128592247114,0.004026441730689498,0.46409810000113794,0.030220299999200506,0.10468240000045625,0.036576599999534665,176,3.7662857142857145,15.0,59686,0.024535399999876972,0.00010830000246642157,0.08003380000081961,0.5989959000035014,1.0,7.346938775510204e-07,8.16326530612245e-08,sparse,1.359375,0.6854714999972202,5.671647071838379,214.69921875,214.68359375,-0.015625
7000,3,7020281429,3,3,8799,0.6627142857142857,2.847553530614246e-05,0.0006123936596261879,0.4568065999992541,0.030068200001551304,0.07927170000039041,0.04750840000269818,172,3.771,12.0,59748,0.021464299999934155,0.00010320000001229346,0.0576604000016232,0.5661027000023751,1.0,7.346938775510204e-07,8.16326530612245e-08,sparse,1.359375,0.6632293000002392,5.676510810852051,214.68359375,213.59375,-1.08984375
7000,4,7020281430,3,3,8965,0.6615714285714286,2.9290081840478397e-05,0.001323110261471897,0.462089399999968,0.03235960000165505,0.07490730000063195,0.04415529999823775,153,3.842142857142857,12.0,60760,0.02466450000065379,0.00012479999713832512,0.05011250000097789,0.5693508000003931,1.0,7.346938775510204e-07,8.16326530612245e-08,sparse,1.359375,0.6577366999990772,5.72670841217041,213.59375,214.21875,0.625
7000,5,7020281431,3,3,8798,0.6382857142857142,0.002263815481394989,0.006362325519578497,0.45878799999991315,0.03103679999912856,0.112340799998492,0.038436500002717366,164,3.7705714285714285,12.0,59734,0.03204620000178693,0.000122200002806494,0.08016649999990477,0.6021597000035399,1.0,7.346938775510204e-07,8.16326530612245e-08,sparse,1.40625,0.6900695000003907,5.675370216369629,214.21875,214.046875,-0.171875
7000,6,7020281432,3,3,9003,0.6228571428571429,0.008968344766045697,0.016562413436913784,0.464475400000083,0.031375199996546144,0.11146039999948698,0.04862950000097044,152,3.8584285714285715,12.0,60958,0.02795680000053835,0.00011919999815290794,0.08334319999994477,0.6072697999952652,1.0,7.346938775510204e-07,8.16326530612245e-08,sparse,1.5625,0.7037099000008311,5.735814094543457,214.046875,215.71484375,1.66796875
7000,7,7020281433,3,3,8824,0.6604285714285715,7.769537283556524e-05,0.0037037047406991005,0.4552418999992369,0.03096189999996568,0.08880080000017188,0.04539989999830141,174,3.7817142857142856,14.0,59904,0.02418739999848185,0.00010509999992791563,0.06450319999930798,0.5749994999969203,1.0,7.346938775510204e-07,8.16326530612245e-08,sparse,1.40625,0.6734045000011974,5.683468818664551,215.71484375,216.2578125,0.54296875
7000,8,7020281434,3,3,8876,0.6415714285714286,0.002026348954043009,0.00807750003939187,0.4560395000007702,0.03189159999965341,0.10130250000293017,0.04134139999951003,123,3.804,12.0,60208,0.02134200000000419,0.00011380000069038942,0.07984120000037365,0.5892281000014918,1.0,7.346938775510204e-07,8.16326530612245e-08,sparse,1.4375,0.6734359000001859,5.697816848754883,216.2578125,215.37109375,-0.88671875
7000,9,7020281435,3,3,8929,0.6638571428571428,8.746502817678401e-06,0.0007082560057562682,0.45247590000144555,0.030871300001308555,0.09533599999849685,0.040989599998283666,149,3.8267142857142855,12.0,60542,0.035845900001731934,0.00011690000246744603,0.05936859999928856,0.578678600006242,1.0,7.346938775510204e-07,8.16326530612245e-08,sparse,1.34375,0.6785036000001128,5.715730667114258,215.37109375,215.15234375,-0.21875
7000,10,7020281436,3,3,8636,0.6567142857142857,0.00037644888335730764,0.003681494958349496,0.4476836000030744,0.030092600001808023,0.09727610000118148,0.038702900001226226,167,3.701142857142857,14.0,58784,0.021659500001987908,0.0001202000021294225,0.07549110000036308,0.5750470000093628,1.0,7.346938775510204e-07,8.16326530612245e-08,sparse,1.453125,0.6549597999983234,5.629637718200684,215.15234375,215.0859375,-0.06640625
8000,1,8020284427,3,3,10318,0.642875,0.0014058396562455515,0.00957361072541653,0.5220975000011094,0.037616599998727906,0.1326775000015914,0.043368299997382564,184,3.86925,13.0,69872,0.022903499997482868,0.00015949999942677096,0.10960900000281981,0.6923860999995668,1.0,5.625e-07,6.25e-08,sparse,1.671875,0.7891142999978911,6.566581726074219,215.08984375,209.8359375,-5.25390625
8000,2,8020284428,3,3,9908,0.664625,-1.0348689953798328e-05,0.0001529482070300696,0.5034669000015128,0.036958900000172434,0.10088279999763472,0.04716700000062701,210,3.7155,14.0,67382,0.023034800000459654,0.00012619999688467942,0.07771560000037425,0.6413023999994039,1.0,5.625e-07,6.25e-08,sparse,1.515625,0.7473518000006152,6.445688247680664,209.8359375,209.6796875,-0.15625
8000,3,8020284429,3,3,10049,0.591875,0.029473229367288533,0.028124835777143035,0.5293755999991845,0.034638500001165085,0.1040919999977632,0.04799819999971078,180,3.768375,13.0,68258,0.02261999999973341,0.00012290000086068176,0.08134240000072168,0.6680994000016653,1.0,5.625e-07,6.25e-08,sparse,1.578125,0.7670824000015273,6.488821029663086,209.6796875,209.69140625,0.01171875
8000,4,8020284430,3,3,10157,0.622375,0.012019513747755277,0.011797327539485909,0.5191148000012618,0.03495639999891864,0.11849939999956405,0.03938440000274568,167,3.808875,13.0,68906,0.038246000000071945,0.00012140000035287812,0.08012640000015381,0.672565000000759,1.0,5.625e-07,6.25e-08,sparse,1.59375,0.7627853000012692,6.519604682922363,209.69140625,209.6875,-0.00390625
8000,5,8020284431,3,3,10025,0.664,1.2725512132539814e-06,0.0003575580632872083,0.5195060999976704,0.0359506999993755,0.0939057000032335,0.04294990000198595,169,3.759375,13.0,68112,0.02655120000054012,0.00012659999993047677,0.06719349999912083,0.6493280999966373,1.0,5.625e-07,6.25e-08,sparse,1.53125,0.7532108000013977,6.479365348815918,209.6875,209.578125,-0.109375
8000,6,8020284432,3,3,9867,0.66025,0.00019270787970560241,0.003800638096734538,0.5006274999977904,0.035390600001846906,0.09576409999863245,0.05293320000055246,212,3.700125,12.0,67176,0.02567270000145072,0.00011989999984507449,0.0699648999980127,0.6317755999989458,1.0,5.625e-07,6.25e-08,sparse,1.5,0.7401109000020369,6.432859420776367,209.578125,215.8046875,6.2265625
8000,7,8020284433,3,3,10155,0.65925,7.148209011169989e-05,0.0017598554676410648,0.5307825999989291,0.03409330000067712,0.0935630999993009,0.04296940000131144,186,3.808125,14.0,68886,0.022076099998230347,0.0001388000018778257,0.07134270000096876,0.6584335000006831,1.0,5.625e-07,6.25e-08,sparse,1.515625,0.7522626999998465,6.51773738861084,215.8046875,215.68359375,-0.12109375
8000,8,8020284434,3,3,10148,0.655125,0.00027693255928009324,0.0027047445196719134,0.511618600001384,0.03521489999911864,0.11271009999836679,0.04372660000080941,182,3.8055,14.0,68844,0.02997779999714112,0.00010639999891282059,0.08261969999875873,0.6595373999953154,1.0,5.625e-07,6.25e-08,sparse,1.609375,0.7518789999994624,6.515402793884277,215.68359375,209.6796875,-6.00390625
8000,9,8020284435,3,3,10041,0.644875,0.0016479507233032053,0.00948295835132018,0.5147947000004933,0.03577140000197687,0.10614640000130748,0.054986499999358784,201,3.765375,14.0,68198,0.0234615000008489,0.00010560000009718351,0.08257340000272961,0.6567066000061459,1.0,5.625e-07,6.25e-08,sparse,1.53125,0.7606722000018635,6.482937812805176,209.6796875,209.71875,0.0390625
8000,10,8020284436,3,3,9971,0.665,3.305919411334615e-07,0.0007585954183594847,0.5094561000005342,0.034943000002385816,0.08337839999876451,0.046537400001398055,184,3.739125,14.0,67776,0.036450999999942724,0.00021610000112559646,0.046704299998964416,0.6277705000029528,1.0,5.625e-07,6.25e-08,sparse,1.34375,0.7310213000018848,6.463981628417969,209.71875,216.06640625,6.34765625
9000,1,9020287427,3,3,11373,0.6506666666666666,0.00047436133732074834,0.005614145105050977,0.566224999998667,0.03865859999859822,0.13022170000112965,0.04626819999975851,196,3.791,13.0,77184,0.03685630000109086,0.00014789999841013923,0.09321210000052815,0.7350998999972944,1.0,4.4444444444444444e-07,4.938271604938272e-08,sparse,1.703125,0.8405277999991085,7.319293022155762,216.08984375,210.44921875,-5.640625
9000,2,9020287428,3,3,11407,0.6614444444444444,2.930349044561187e-05,0.0010041651227947314,0.6205733999995573,0.03984889999992447,0.1081573000010394,0.04828500000076019,201,3.8023333333333333,14.0,77412,0.029433499999868218,0.0002105999992636498,0.07850630000029923,0.7685726999989129,1.0,4.4444444444444444e-07,4.938271604938272e-08,sparse,1.65625,0.8803244999980961,7.3298187255859375,210.44921875,210.53125,0.08203125
9000,3,9020287429,3,3,11385,0.6591111111111111,0.00016447549699596267,0.0007765953165120143,0.6011956000002101,0.0397478000013507,0.13661449999926845,0.051185199998144526,220,3.795,13.0,77272,0.029322400001547066,0.00019409999731578864,0.1070899999976973,0.777549899998121,1.0,4.4444444444444444e-07,4.938271604938272e-08,sparse,1.90625,0.8854662000012468,7.323582649230957,210.53125,210.5390625,0.0078125
9000,4,9020287430,3,3,11136,0.6572222222222223,0.00033549940526696523,0.00640970959099686,0.5690060000015364,0.042794299999513896,0.10170059999654768,0.06415589999960503,213,3.712,12.0,75768,0.038229399997362634,0.00024850000045262277,0.06321469999966212,0.7134928999985277,1.0,4.4444444444444444e-07,4.938271604938272e-08,sparse,1.53125,0.8329928999992262,7.249459266662598,210.5390625,210.3671875,-0.171875
9000,5,9020287431,3,3,11202,0.6604444444444444,6.162594735224732e-05,0.001396647283151566,0.578188900002715,0.04051359999721171,0.08732710000185762,0.05333990000144695,225,3.734,13.0,76190,0.024686800003109965,0.0001205000007757917,0.06251440000050934,0.7060242000043218,1.0,4.4444444444444444e-07,4.938271604938272e-08,sparse,1.515625,0.8215538999975251,7.2682952880859375,210.3671875,210.4453125,0.078125
9000,6,9020287432,3,3,11363,0.6601111111111111,7.740973263751599e-05,0.002993180530492999,0.6035700000029465,0.04112170000007609,0.10306250000212458,0.048340299999836134,239,3.7876666666666665,13.0,77134,0.029386400001385482,0.00016820000018924475,0.07350169999699574,0.747748000001593,1.0,4.4444444444444444e-07,4.938271604938272e-08,sparse,1.5625,0.8515608000016073,7.316256523132324,210.4453125,210.58203125,0.13671875
9000,7,9020287433,3,3,11046,0.6575555555555556,0.00022952108605758665,0.004207312539919924,0.573467599999276,0.03989789999832283,0.10801490000085323,0.05411159999857773,220,3.682,16.0,75244,0.04010449999987031,0.00012549999883049168,0.06777960000181338,0.721375099998113,1.0,4.4444444444444444e-07,4.938271604938272e-08,sparse,1.625,0.8383073000004515,7.223407745361328,210.58203125,210.33203125,-0.25
9000,8,9020287434,3,3,11338,0.6645555555555556,8.269451852745914e-06,0.0009325238882173044,0.5979503000016848,0.03976729999703821,0.09138650000022608,0.04513539999970817,223,3.779333333333333,12.0,76988,0.02371059999859426,0.00011870000162161887,0.06755210000119405,0.729099000000133,1.0,4.4444444444444444e-07,4.938271604938272e-08,sparse,1.546875,0.8343327999973553,7.308035850524902,210.33203125,210.69921875,0.3671875
9000,9,9020287435,3,3,11193,0.6598888888888889,5.460920025335336e-05,0.00180414153604605,0.5735291999990295,0.04162649999852874,0.10370260000127018,0.06320699999923818,232,3.731,12.0,76130,0.02868740000121761,0.00021159999960218556,0.0747549000006984,0.7188095999990765,1.0,4.4444444444444444e-07,4.938271604938272e-08,sparse,1.703125,0.8508265000018582,7.265829086303711,210.69921875,210.37109375,-0.328125
9000,10,9020287436,3,3,11180,0.6608888888888889,5.2961686728421365e-05,0.0015710596910515802,0.5742769999997108,0.03983139999763807,0.09383900000102585,0.045247500002005836,212,3.7266666666666666,13.0,76048,0.024584800001321128,0.00019749999773921445,0.06905159999951138,0.7079422999959206,1.0,4.4444444444444444e-07,4.938271604938272e-08,sparse,1.390625,0.80537220000042,7.262751579284668,210.37109375,210.43359375,0.0625
10000,1,10020290427,3,3,12575,0.6625,5.386329993681107e-05,0.0021411329394030176,0.6614564999981667,0.0430253000013181,0.10288149999905727,0.05920899999910034,232,3.7725,14.0,85406,0.04193160000068019,0.00019319999773870222,0.06075159999818425,0.8073581999960879,1.0,3.6e-07,4e-08,sparse,1.640625,0.9323856999981217,8.114363670349121,210.48828125,211.5234375,1.03515625
10000,2,10020290428,3,3,12528,0.6577,0.00022096853537902588,0.005474482650164126,0.6655140000002575,0.044434899999032496,0.1213551999971969,0.058937300000252435,229,3.7584,13.0,85118,0.029812499997206032,0.00014369999917107634,0.0913923000007344,0.8312973999964015,1.0,3.6e-07,4e-08,sparse,1.8125,0.951374800002668,8.100479125976562,211.5234375,211.10546875,-0.41796875
10000,3,10020290429,3,3,12538,0.647,0.001081849479105952,0.006446039498725655,0.6439886000007391,0.043815799999720184,0.12215769999966142,0.052349000001413515,225,3.7614,13.0,85182,0.026558000001386972,0.00012989999959245324,0.09546419999969658,0.8099565000011353,1.0,3.6e-07,4e-08,sparse,1.71875,0.924200599998585,8.104886054992676,211.10546875,211.32421875,0.21875
10000,4,10020290430,3,3,12624,0.6601,0.00015848366966706722,0.003832970413171996,0.63924059999772,0.043713600000046426,0.09901840000020457,0.04936380000071949,218,3.7872,15.0,85704,0.030167099997925106,0.00018449999697622843,0.06866079999963404,0.7819665999923018,1.0,3.6e-07,4e-08,sparse,1.671875,0.8912517000026128,8.129986763000488,211.32421875,211.48046875,0.15625
10000,5,10020290431,3,3,12551,0.6623,4.8235147659037146e-05,0.002109450107576806,0.6328189999985625,0.04580770000029588,0.10891629999969155,0.05988770000112709,230,3.7653,13.0,85258,0.04247820000091451,0.00014009999722475186,0.06629189999875962,0.7875368999957573,1.0,3.6e-07,4e-08,sparse,1.625,0.9122032999985095,8.107854843139648,211.48046875,211.5390625,0.05859375
10000,6,10020290432,3,3,12694,0.6561,0.00032943993209157846,0.00534408125249346,0.6398508000020229,0.045215800000733,0.13743369999792776,0.06446149999828776,225,3.8082,13.0,86130,0.026448299999174196,0.00016760000289650634,0.11081019999983255,0.8224927000046591,1.0,3.6e-07,4e-08,sparse,1.890625,0.9526339000003645,8.150191307067871,211.5390625,211.39453125,-0.14453125
10000,7,10020290433,3,3,12485,0.6592,0.00018922639401023226,0.0062125321309777215,0.6326668000001519,0.042845100000704406,0.11109070000020438,0.0663325999994413,234,3.7455,14.0,84884,0.038412599998991936,0.0001621999981580302,0.07250980000026175,0.786596499998268,1.0,3.6e-07,4e-08,sparse,1.703125,0.9227347999985795,8.088375091552734,211.39453125,211.3359375,-0.05859375
10000,8,10020290434,3,3,12605,0.6621,7.481776153875369e-05,0.001994013015385302,0.6418589999993856,0.04414750000069034,0.09567900000183727,0.06161919999794918,226,3.7815,14.0,85582,0.030314300001919037,0.0001475000026402995,0.06521090000023833,0.7816792000048736,1.0,3.6e-07,4e-08,sparse,1.609375,0.9111785999994026,8.124267578125,211.3359375,211.53125,0.1953125
10000,9,10020290435,3,3,12570,0.6605,4.914774842366133e-05,0.0019243594045308767,0.6466306000002078,0.04295599999750266,0.10892109999986133,0.05746340000041528,253,3.771,13.0,85382,0.02953259999776492,0.000121900000522146,0.07923089999894728,0.7984719999949448,1.0,3.6e-07,4e-08,sparse,1.6875,0.9186737999989418,8.113631248474121,211.53125,211.515625,-0.015625
10000,10,10020290436,3,3,12645,0.6621,3.2291245951131965e-05,0.0006651896491842339,0.6568724000026123,0.04298139999809791,0.12152259999857051,0.050921500002004905,221,3.7935,14.0,85824,0.03123780000169063,0.0001295000001846347,0.09011779999855207,0.8213389000011375,1.0,3.6e-07,4e-08,sparse,1.78125,0.942461300001014,8.138142585754395,211.515625,211.32421875,-0.19140625
