K,rep,method,time_sec,instance_gen_sec,metric_eval_sec,sign_draw_omega_sec,sign_embedding_dim,sign_power_parameter,sign_subspace_iter_sec,sign_reconstruct_sec,sign_build_core_sec,sign_small_eig_sec,sign_lift_sec,sign_kmeans_sec,algo_total_sec,algo_step_sum_sec,algo_other_sec,pipeline_total_sec
2,1,SIGN,0.040453249821439385,0.015847999835386872,0.19130345806479454,5.9499870985746384e-05,12,2,0.008234832901507616,0.006542375078424811,0.0010469581466168165,9.333295747637749e-05,1.4833873137831688e-05,0.024456416023895144,0.040453249821439385,0.040448248852044344,5.000969395041466e-06,0.2476047077216208
2,2,SIGN,0.06370500009506941,0.017412458080798388,0.12882916699163616,0.00010016607120633125,12,2,0.007032457971945405,0.006315500009804964,0.0007847920060157776,9.32919792830944e-05,1.5584053471684456e-05,0.04935533390380442,0.06370500009506941,0.06369712599553168,7.874099537730217e-06,0.20994662516750395
2,3,SIGN,0.07386037497781217,0.02537625003606081,0.2784044579602778,6.437511183321476e-05,12,2,0.01043875003233552,0.007174959173426032,0.0009175408631563187,6.554205901920795e-05,6.458023563027382e-06,0.05518437479622662,0.07386037497781217,0.07385200005955994,8.37491825222969e-06,0.3776410829741508
2,4,SIGN,0.05714262509718537,0.02006220817565918,0.1312178340740502,7.699988782405853e-05,12,2,0.004342125030234456,0.005438457941636443,0.004631208023056388,0.0013262499123811722,8.041039109230042e-06,0.04130879114381969,0.05714262509718537,0.05713187297806144,1.07521191239357e-05,0.20842266734689474
2,5,SIGN,0.06785587500780821,0.019014707999303937,0.16445995797403157,7.479195483028889e-05,12,2,0.009004916995763779,0.009101249976083636,0.00360195804387331,0.0001152500044554472,1.6249949112534523e-05,0.04593116696923971,0.06785587500780821,0.06784558389335871,1.0291114449501038e-05,0.2513305409811437
2,6,SIGN,0.0749675421975553,0.02237337501719594,0.178453833097592,0.0001139170490205288,12,2,0.004983959021046758,0.00536958291195333,0.01483195903711021,8.966703899204731e-05,9.124865755438805e-06,0.049560582963749766,0.0749675421975553,0.07495879288762808,8.749309927225113e-06,0.27579475031234324
2,7,SIGN,0.052572666900232434,0.025409500114619732,0.19740508287213743,6.345915608108044e-05,12,2,0.004269917029887438,0.009232459124177694,0.0025223749689757824,9.366613812744617e-05,1.3832934200763702e-05,0.03636941686272621,0.052572666900232434,0.052565126214176416,7.540686056017876e-06,0.2753872498869896
2,8,SIGN,0.04499716614373028,0.01825983403250575,0.22544787498191,0.00010837521404027939,12,2,0.006393417017534375,0.005329125095158815,0.0027203750796616077,0.00011983304284512997,7.58306123316288e-06,0.030308834044262767,0.04499716614373028,0.04498754255473614,9.623588994145393e-06,0.288704875158146
2,9,SIGN,0.1408021249808371,0.02201845799572766,0.15337858302518725,0.0001309579238295555,12,2,0.007633208995684981,0.006769541185349226,0.001625667093321681,7.179100066423416e-05,6.749993190169334e-06,0.12455358309671283,0.1408021249808371,0.14079149928875268,1.0625692084431648e-05,0.316199166001752
2,10,SIGN,0.07542512519285083,0.014097082894295454,0.10980883310548961,6.212503649294376e-05,12,2,0.007050582906231284,0.010311625199392438,0.002793041057884693,6.125005893409252e-05,6.707850843667984e-06,0.05513333389535546,0.07542512519285083,0.07541866600513458,6.459187716245651e-06,0.1993310411926359
2,11,SIGN,0.0554708749987185,0.017846709117293358,0.15198520803824067,6.212480366230011e-05,12,2,0.00672566588036716,0.0038066250272095203,0.00568962492980063,0.0001016668975353241,1.4709075912833214e-05,0.039064250187948346,0.0554708749987185,0.05546466680243611,6.20819628238678e-06,0.22530279215425253
2,12,SIGN,0.0587629999499768,0.021704333135858178,0.1783582919742912,6.483308970928192e-05,12,2,0.004857874941080809,0.010775832924991846,0.003564500017091632,0.00010516680777072906,1.650000922381878e-05,0.03936983295716345,0.0587629999499768,0.05875454074703157,8.459202945232391e-06,0.2588256250601262
2,13,SIGN,0.039522417122498155,0.02179691707715392,0.1843652909155935,0.0001129580195993185,12,2,0.006257625063881278,0.007580041186884046,0.0018620409537106752,0.00011058291420340538,1.5666941180825233e-05,0.023575334111228585,0.039522417122498155,0.03951424919068813,8.1679318100214e-06,0.24568462511524558
2,14,SIGN,0.04572600009851158,0.022460166830569506,0.15912062488496304,5.991710349917412e-05,12,2,0.004134208895266056,0.004488375037908554,0.0035542079713195562,0.00011533405631780624,1.5666941180825233e-05,0.0333511249627918,0.04572600009851158,0.04571883496828377,7.165130227804184e-06,0.22730679181404412
2,15,SIGN,0.050319290952757,0.022003917023539543,0.15692516695708036,7.337494753301144e-05,12,2,0.004694875096902251,0.008140667108818889,0.005861208075657487,0.00012029195204377174,1.5333062037825584e-05,0.03140554181300104,0.050319290952757,0.05031129205599427,7.998896762728691e-06,0.2292483749333769
2,16,SIGN,0.06565391691401601,0.017844957998022437,0.16066079097799957,7.229205220937729e-05,12,2,0.011719292029738426,0.009450415847823024,0.003119958098977804,9.6459174528718e-05,1.391698606312275e-05,0.04117495892569423,0.06565391691401601,0.0656472931150347,6.623798981308937e-06,0.244159665890038
2,17,SIGN,0.08558412501588464,0.01594424992799759,0.17355637508444488,6.0167163610458374e-05,12,2,0.003834791947156191,0.01109312498010695,0.0039214580319821835,0.0005579160060733557,1.4709075912833214e-05,0.06609591701999307,0.08558412501588464,0.08557808422483504,6.0407910495996475e-06,0.2750847500283271
2,18,SIGN,0.0776933329179883,0.023437832947820425,0.19908262509852648,0.00010812515392899513,12,2,0.006040417123585939,0.007235791999846697,0.000610999995842576,6.870809011161327e-05,7.0410314947366714e-06,0.06361412489786744,0.0776933329179883,0.077685208292678,8.12462531030178e-06,0.3002137909643352
2,19,SIGN,0.054567917017266154,0.018009457970038056,0.1321356249973178,7.462501525878906e-05,12,2,0.00394066609442234,0.0043094169814139605,0.004320499952882528,7.141707465052605e-05,6.541144102811813e-06,0.04183683288283646,0.054567917017266154,0.05455999914556742,7.917871698737144e-06,0.204712999984622
2,20,SIGN,0.06507145799696445,0.022295666858553886,0.17304858309216797,6.258394569158554e-05,12,2,0.004862667061388493,0.00886079203337431,0.0033414161298424006,7.220893166959286e-05,6.959075108170509e-06,0.04785741586238146,0.06507145799696445,0.06506404303945601,7.414957508444786e-06,0.2604157079476863
3,1,SIGN,0.07754558394663036,0.023814915912225842,0.16329916683025658,0.00014720787294209003,13,2,0.006856417050585151,0.007305125007405877,0.0007868329994380474,6.133317947387695e-05,9.00006853044033e-06,0.06237258296459913,0.07754558394663036,0.07753849914297462,7.084803655743599e-06,0.2646596666891128
3,2,SIGN,0.06883858400397003,0.029195833019912243,0.17008320800960064,6.733299233019352e-05,13,2,0.0038204172160476446,0.013020750135183334,0.002664250088855624,6.41669612377882e-05,1.0166782885789871e-05,0.0491845419164747,0.06883858400397003,0.06883162609301507,6.95791095495224e-06,0.2681176250334829
3,3,SIGN,0.05238637491129339,0.02523816702887416,0.18435654207132757,6.700004450976849e-05,13,2,0.004541957983747125,0.008990000002086163,0.0007232078351080418,0.00014712498523294926,2.6207882910966873e-05,0.03788395784795284,0.05238637491129339,0.052379456581547856,6.918329745531082e-06,0.2619810840114951
3,4,SIGN,0.05034466693177819,0.023501832969486713,0.1818146661389619,0.00011837505735456944,13,2,0.005838667042553425,0.007029334083199501,0.0046558750327676535,7.254094816744328e-05,9.37492586672306e-06,0.0326132089830935,0.05034466693177819,0.050337376073002815,7.2908587753772736e-06,0.2556611660402268
3,5,SIGN,0.07347220904193819,0.01889483304694295,0.18003679206594825,8.041691035032272e-05,13,2,0.009148916928097606,0.005684291943907738,0.0009914999827742577,6.462493911385536e-05,9.082956239581108e-06,0.05748525005765259,0.07347220904193819,0.07346408371813595,8.125323802232742e-06,0.2724038341548294
3,6,SIGN,0.06501058302819729,0.019950625021010637,0.11739149992354214,0.0001231660135090351,13,2,0.0038437501061707735,0.00420737499371171,0.0009456658735871315,5.862489342689514e-05,9.37492586672306e-06,0.0558164999820292,0.06501058302819729,0.06500445678830147,6.126239895820618e-06,0.20235270797275007
3,7,SIGN,0.07741695898585021,0.017937917029485106,0.21995562501251698,0.00021195807494223118,13,2,0.010865416843444109,0.0073035419918596745,0.005205790977925062,6.75420742481947e-05,8.667120710015297e-06,0.05374616687186062,0.07741695898585021,0.07740908395498991,7.875030860304832e-06,0.3153105010278523
3,8,SIGN,0.0620408330578357,0.019458375172689557,0.20288787502795458,6.483308970928192e-05,13,2,0.006735916947945952,0.006238457979634404,0.0008809580467641354,0.0001270407810807228,2.0416919142007828e-05,0.047964459052309394,0.0620408330578357,0.0620320828165859,8.750241249799728e-06,0.28438708325847983
3,9,SIGN,0.08372691599652171,0.020501542137935758,0.17410333291627467,6.666709668934345e-05,13,2,0.006800625007599592,0.009113000007346272,0.0009261248633265495,6.466684862971306e-05,8.499948307871819e-06,0.0667412078473717,0.08372691599652171,0.08372079161927104,6.124377250671387e-06,0.27833179105073214
3,10,SIGN,0.09137600008398294,0.025506374891847372,0.17586399987339973,0.0001080839429050684,13,2,0.007021249970421195,0.008001874899491668,0.0019263331778347492,0.00013829092495143414,2.1540792658925056e-05,0.07415000000037253,0.09137600008398294,0.09136737370863557,8.62637534737587e-06,0.29274637484923005
3,11,SIGN,0.07517458405345678,0.015432375017553568,0.13530408404767513,0.00011229119263589382,13,2,0.010407499969005585,0.007734667044132948,0.0011700000613927841,9.866687469184399e-05,2.0208070054650307e-05,0.055624250089749694,0.07517458405345678,0.0751675833016634,7.000751793384552e-06,0.22591104311868548
3,12,SIGN,0.06848054099828005,0.02083624992519617,0.16659554187208414,0.00015012500807642937,13,2,0.006839707959443331,0.005398582899942994,0.0037407921627163887,6.695790216326714e-05,9.041978046298027e-06,0.052264582831412554,0.06848054099828005,0.06846979074180126,1.0750256478786469e-05,0.25591233279556036
3,13,SIGN,0.08016124996356666,0.017654500203207135,0.19031829200685024,7.895799353718758e-05,13,2,0.0084737918805331,0.009265084052458405,0.0028813339304178953,0.00010487507097423077,1.933285966515541e-05,0.05932987481355667,0.08016124996356666,0.08015325060114264,7.999362424015999e-06,0.28813404217362404
3,14,SIGN,0.07404779200442135,0.027838166803121567,0.21135170804336667,0.00010820804163813591,13,2,0.005884667159989476,0.0065865409560501575,0.0019945830572396517,8.141598664224148e-05,9.917188435792923e-06,0.05937550007365644,0.07404779200442135,0.0740408324636519,6.959540769457817e-06,0.3132376668509096
3,15,SIGN,0.08329924987629056,0.021477875066921115,0.2983610830269754,6.683287210762501e-05,13,2,0.004865458933636546,0.006534958956763148,0.002486916957423091,6.624986417591572e-05,9.707873687148094e-06,0.06926383310928941,0.08329924987629056,0.08329395856708288,5.291309207677841e-06,0.40313820797018707
3,16,SIGN,0.0646011249627918,0.020675709005445242,0.31837520794942975,6.616697646677494e-05,13,2,0.005621999967843294,0.0051277498714625835,0.0025980831123888493,9.620888158679008e-05,1.9290950149297714e-05,0.05106516694650054,0.0646011249627918,0.06459466670639813,6.458256393671036e-06,0.4036520419176668
3,17,SIGN,0.06071508303284645,0.02524749981239438,0.2199356670025736,0.00010999990627169609,13,2,0.007771959062665701,0.01032712496817112,0.0009406669996678829,6.837514229118824e-05,8.582836017012596e-06,0.041480291867628694,0.06071508303284645,0.060707000782713294,8.082250133156776e-06,0.30589824984781444
3,18,SIGN,0.06640616711229086,0.018936708103865385,0.20660570892505348,0.00010812492109835148,13,2,0.0073232501745224,0.009361000033095479,0.0015591250266879797,0.00011562509462237358,2.4292152374982834e-05,0.047907957807183266,0.06640616711229086,0.06639937520958483,6.791902706027031e-06,0.2919485841412097
3,19,SIGN,0.07953200000338256,0.02417391585186124,0.15223895898088813,6.737490184605122e-05,13,2,0.008102457970380783,0.0059698340483009815,0.0019070000853389502,0.0001504998654127121,2.5209039449691772e-05,0.06330324988812208,0.07953200000338256,0.07952562579885125,6.374204531311989e-06,0.25594487483613193
3,20,SIGN,0.08009891607798636,0.025937874801456928,0.29362545907497406,0.00012066704221069813,13,2,0.006493333959951997,0.0044672919902950525,0.0024462088476866484,7.341708987951279e-05,1.13749410957098e-05,0.066480791894719,0.08009891607798636,0.08009308576583862,5.830312147736549e-06,0.39966224995441735
4,1,SIGN,0.13937895791605115,0.018727332819253206,0.2928436251822859,0.0008541250135749578,14,2,0.00721625005826354,0.010942667024210095,0.0011477498337626457,0.00010324991308152676,2.0833918824791908e-05,0.11908537498675287,0.13937895791605115,0.13937025074847043,8.707167580723763e-06,0.45094991591759026
4,2,SIGN,0.16169304214417934,0.01842558290809393,0.1826224580872804,7.575005292892456e-05,14,2,0.008990542031824589,0.006940999999642372,0.0020660001318901777,5.75000885874033e-05,1.191697083413601e-05,0.14354404201731086,0.16169304214417934,0.16168675129301846,6.2908511608839035e-06,0.36274108313955367
4,3,SIGN,0.19219620805233717,0.016526041785255075,0.1649035830050707,0.0001296249683946371,14,2,0.018685291055589914,0.008283166913315654,0.0011564171873033047,0.00013841595500707626,2.3209024220705032e-05,0.16377254109829664,0.19219620805233717,0.19218866620212793,7.541850209236145e-06,0.37362583284266293
4,4,SIGN,0.07554874988272786,0.02248904202133417,0.2800772918853909,7.30419997125864e-05,14,2,0.01287854090332985,0.007542249979451299,0.001788583118468523,9.350012987852097e-05,2.595805563032627e-05,0.05313958297483623,0.07554874988272786,0.07554145716130733,7.2927214205265045e-06,0.3781150837894529
4,5,SIGN,0.14443666697479784,0.01843916717916727,0.20922295888885856,7.241684943437576e-05,14,2,0.007343708071857691,0.011647666106000543,0.0008333749137818813,0.00010537495836615562,1.950003206729889e-05,0.12440049997530878,0.14443666697479784,0.14442254090681672,1.4126067981123924e-05,0.3720987930428237
4,6,SIGN,0.09483183384872973,0.02407195884734392,0.19866712507791817,7.229205220937729e-05,14,2,0.008982749888673425,0.005650583887472749,0.0040543340146541595,0.00010416586883366108,1.9290950149297714e-05,0.07594216708093882,0.09483183384872973,0.09482558374293149,6.250105798244476e-06,0.3175709177739918
4,7,SIGN,0.1188207499217242,0.015759540954604745,0.17939925007522106,7.062498480081558e-05,14,2,0.005259959027171135,0.0044293340761214495,0.0006293749902397394,6.9458968937397e-05,9.041046723723412e-06,0.10834729089401662,0.1188207499217242,0.11881508398801088,5.665933713316917e-06,0.31397954095155
4,8,SIGN,0.10383145906962454,0.019310374977067113,0.19045041711069643,8.358410559594631e-05,14,2,0.010055833030492067,0.009689958998933434,0.0011480420362204313,7.308297790586948e-05,1.0416842997074127e-05,0.082761624827981,0.10383145906962454,0.10382254282012582,8.916249498724937e-06,0.3135922511573881
4,9,SIGN,0.125966208986938,0.02059470792300999,0.15587512496858835,7.179193198680878e-05,14,2,0.004174957983195782,0.005522959167137742,0.0023481249809265137,0.00010758312419056892,1.0832911357283592e-05,0.11372200003825128,0.125966208986938,0.12595825013704598,7.958849892020226e-06,0.30243604187853634
4,10,SIGN,0.14264529198408127,0.01537220785394311,0.17563800001516938,7.145805284380913e-05,14,2,0.008588833035901189,0.01058766688220203,0.002109374850988388,6.029196083545685e-05,9.832903742790222e-06,0.12121074995957315,0.14264529198408127,0.1426382076460868,7.084337994456291e-06,0.33365549985319376
4,11,SIGN,0.11452758405357599,0.021047874819487333,0.16463529109023511,7.187505252659321e-05,14,2,0.005493832984939218,0.007145249983295798,0.0018156669102609158,0.00010283314622938633,1.9042054191231728e-05,0.0998719169292599,0.11452758405357599,0.11452041706070304,7.166992872953415e-06,0.30021074996329844
4,12,SIGN,0.13284733309410512,0.022537124808877707,0.1786524171475321,0.00011725001968443394,14,2,0.012163166888058186,0.006942500127479434,0.0015066249761730433,0.0001721670851111412,4.466692917048931e-05,0.11187637504190207,0.13284733309410512,0.1328227510675788,2.45820265263319e-05,0.33403687505051494
4,13,SIGN,0.21232345793396235,0.017524790950119495,0.19805308408103883,6.916699931025505e-05,14,2,0.007694207830354571,0.0072122919373214245,0.000932707916945219,0.00013933307491242886,1.3457844033837318e-05,0.1962531660683453,0.21232345793396235,0.21231433167122304,9.126262739300728e-06,0.4279013329651207
4,14,SIGN,0.14975929213687778,0.024262999882921576,0.2329622081015259,0.00012704194523394108,14,2,0.008835207903757691,0.014506000094115734,0.000987041974440217,6.883405148983002e-05,8.70879739522934e-06,0.1252187080681324,0.14975929213687778,0.14975154283456504,7.749302312731743e-06,0.40698450012132525
4,15,SIGN,0.09189275000244379,0.017032750183716416,0.3199518749024719,7.187505252659321e-05,14,2,0.004398624878376722,0.006026082905009389,0.0017240000888705254,6.533297710120678e-05,8.707866072654724e-06,0.07959287497214973,0.09189275000244379,0.09188749874010682,5.251262336969376e-06,0.4288773750886321
4,16,SIGN,0.2234330829232931,0.021222250070422888,0.24254695791751146,7.075001485645771e-05,14,2,0.005657666129991412,0.006968832807615399,0.0024823748972266912,8.841603994369507e-05,9.833136573433876e-06,0.20814737514592707,0.2234330829232931,0.22342524817213416,7.834751158952713e-06,0.48720229091122746
4,17,SIGN,0.1098021250218153,0.015494665829464793,0.17461970821022987,7.858313620090485e-05,14,2,0.0073080831207334995,0.007608457934111357,0.010815458139404655,0.00010808301158249378,2.0792009308934212e-05,0.08385491580702364,0.1098021250218153,0.10979437315836549,7.751863449811935e-06,0.29991649906150997
4,18,SIGN,0.09076837520115077,0.01638550008647144,0.18633275013417006,6.429199129343033e-05,14,2,0.007025207858532667,0.00750837498344481,0.0017605419270694256,8.262507617473602e-05,9.041978046298027e-06,0.07431208295747638,0.09076837520115077,0.09076216677203774,6.208429113030434e-06,0.29348662542179227
4,19,SIGN,0.07007633405737579,0.023202332900837064,0.15373454219661653,8.55419784784317e-05,14,2,0.006773374974727631,0.004691625013947487,0.0006961249746382236,7.516704499721527e-05,9.124865755438805e-06,0.05773549992591143,0.07007633405737579,0.07006645877845585,9.875278919935226e-06,0.24701320915482938
4,20,SIGN,0.13005525013431907,0.022514875046908855,0.16677133296616375,7.329112850129604e-05,14,2,0.014207957778126001,0.008611124940216541,0.0010199169628322124,0.0001332918182015419,1.3459008187055588e-05,0.10598837514407933,0.13005525013431907,0.13004741678014398,7.83335417509079e-06,0.3193414581473917
5,1,SIGN,0.20455024996772408,0.017162750009447336,0.19997033313848078,8.033402264118195e-05,15,2,0.008744666120037436,0.01016862504184246,0.0018272919114679098,0.00011174986138939857,2.550007775425911e-05,0.18358320812694728,0.20455024996772408,0.20454137516207993,8.874805644154549e-06,0.4216833331156522
5,2,SIGN,0.19063837500289083,0.0163932500872761,0.1622015000320971,0.00013204081915318966,15,2,0.008059917017817497,0.00725554209202528,0.0024626250378787518,8.654198609292507e-05,1.2082979083061218e-05,0.17262270906940103,0.19063837500289083,0.19063145900145173,6.9160014390945435e-06,0.369233125122264
5,3,SIGN,0.2416415410116315,0.02415829082019627,0.21573124988935888,7.66250304877758e-05,15,2,0.014757791068404913,0.006617290899157524,0.0011081669945269823,0.00011024996638298035,3.220885992050171e-05,0.2189306658692658,0.2416415410116315,0.24163299868814647,8.542323485016823e-06,0.48153108172118664
5,4,SIGN,0.21690233401022851,0.018963209120556712,0.2625588751398027,8.79999715834856e-05,15,2,0.007977584144100547,0.007220499916002154,0.001270584063604474,7.704203017055988e-05,3.041699528694153e-05,0.20022966689430177,0.21690233401022851,0.21689379401504993,8.539995178580284e-06,0.4984244182705879
5,5,SIGN,0.203809707891196,0.016749874921515584,0.21389924990944564,0.00013949978165328503,15,2,0.006784416968002915,0.006326708011329174,0.002584042027592659,0.00010566599667072296,3.0374852940440178e-05,0.18782658409327269,0.203809707891196,0.20379729173146188,1.2416159734129906e-05,0.43445883272215724
5,6,SIGN,0.14997891709208488,0.016068541910499334,0.22532316599972546,8.941697888076305e-05,15,2,0.003977041924372315,0.0066491670440882444,0.0027356669306755066,0.00010012509301304817,1.1417083442211151e-05,0.1364032079000026,0.14997891709208488,0.1499660429544747,1.2874137610197067e-05,0.3913706250023097
5,7,SIGN,0.1168533330783248,0.027370375115424395,0.20315491617657244,8.979206904768944e-05,15,2,0.007485207868739963,0.008005999960005283,0.003135666949674487,7.1333022788167e-05,1.0791001841425896e-05,0.09804604109376669,0.1168533330783248,0.1168448319658637,8.501112461090088e-06,0.34737862437032163
5,8,SIGN,0.10339683317579329,0.018026416888460517,0.15103608299978077,0.0001325418706983328,15,2,0.008155083982273936,0.009048790903761983,0.001115000108256936,0.00012995791621506214,3.374996595084667e-05,0.08477345784194767,0.10339683317579329,0.10338858258910477,8.250586688518524e-06,0.2724593330640346
5,9,SIGN,0.22284570802003145,0.02217629086226225,0.1436764169484377,0.00010858406312763691,15,2,0.007181042106822133,0.0057910841424018145,0.0027719999197870493,0.00010508298873901367,2.4541979655623436e-05,0.20685633388347924,0.22284570802003145,0.2228386690840125,7.038936018943787e-06,0.3886984158307314
5,10,SIGN,0.2043184998910874,0.02031762502156198,0.21587399998679757,0.00012162490747869015,15,2,0.009430957958102226,0.007537083933129907,0.003977375105023384,7.337494753301144e-05,1.195794902741909e-05,0.18315516598522663,0.2043184998910874,0.20430754078552127,1.095910556614399e-05,0.44051012489944696
5,11,SIGN,0.13728191703557968,0.017791584134101868,0.18706258293241262,0.0009051668457686901,15,2,0.007205916102975607,0.007358375005424023,0.002953791059553623,0.00011454219929873943,2.6124995201826096e-05,0.1187087909784168,0.13728191703557968,0.1372727071866393,9.209848940372467e-06,0.3421360841020942
5,12,SIGN,0.16679112520068884,0.019616459030658007,0.17538324999623,7.399986498057842e-05,15,2,0.006261457921937108,0.004006125032901764,0.001838665921241045,9.495904669165611e-05,1.354212872684002e-05,0.15449670795351267,0.16679112520068884,0.16678545786999166,5.667330697178841e-06,0.36179083422757685
5,13,SIGN,0.19461050000973046,0.018909791950136423,0.16096500004641712,7.899990305304527e-05,15,2,0.00576512492261827,0.009944749996066093,0.0010586660355329514,0.0001027500256896019,2.6209047064185143e-05,0.177626458927989,0.19461050000973046,0.19460295885801315,7.541151717305183e-06,0.374485292006284
5,14,SIGN,0.16194366686977446,0.02496700012125075,0.20916812494397163,7.637497037649155e-05,15,2,0.011231290875002742,0.007312416099011898,0.0018760000821202993,0.00010249996557831764,2.5958986952900887e-05,0.14131183386780322,0.16194366686977446,0.16193637484684587,7.292022928595543e-06,0.39607879193499684
5,15,SIGN,0.13809745805338025,0.017050459049642086,0.16342324996367097,7.999991066753864e-05,15,2,0.009153208928182721,0.00826375000178814,0.0007076668553054333,6.620818749070168e-05,1.1250143870711327e-05,0.11980929202400148,0.13809745805338025,0.13809137605130672,6.0820020735263824e-06,0.3185711670666933
5,16,SIGN,0.1882115420885384,0.018704208079725504,0.14858604199253023,7.687509059906006e-05,15,2,0.005526750115677714,0.00954395905137062,0.0028801248408854008,8.733314462006092e-05,1.3084150850772858e-05,0.1700766251888126,0.1882115420885384,0.18820475158281624,6.790505722165108e-06,0.35550179216079414
5,17,SIGN,0.2090260840486735,0.02088374993763864,0.19764775014482439,9.008403867483139e-05,15,2,0.007430542027577758,0.011209249962121248,0.0028692500200122595,8.187512867152691e-05,1.1999858543276787e-05,0.1873260831926018,0.2090260840486735,0.2090190842282027,6.9998204708099365e-06,0.42755758413113654
5,18,SIGN,0.22136908303946257,0.01943108392879367,0.19628029107116163,8.479203097522259e-05,15,2,0.00456579215824604,0.008432082831859589,0.0015409169718623161,0.00011445791460573673,2.5667017325758934e-05,0.2065971668343991,0.22136908303946257,0.22136087575927377,8.207280188798904e-06,0.43708045803941786
5,19,SIGN,0.16929845907725394,0.01900375005789101,0.1429532920010388,7.479218766093254e-05,15,2,0.005696167005226016,0.006588959135115147,0.0008349588606506586,6.654183380305767e-05,1.1167023330926895e-05,0.15602016705088317,0.16929845907725394,0.1692927530966699,5.705980584025383e-06,0.33125550113618374
5,20,SIGN,0.256699041929096,0.020587917184457183,0.20417516701854765,8.595804683864117e-05,15,2,0.007845375221222639,0.007188334129750729,0.023537417175248265,9.204098023474216e-05,1.1708121746778488e-05,0.21793029201216996,0.256699041929096,0.25669112568721175,7.916241884231567e-06,0.4814621261321008
6,1,SIGN,0.2447503749281168,0.021764874923974276,0.2602609999012202,8.26660543680191e-05,16,2,0.005036915885284543,0.007160417037084699,0.00053641595877707,0.00010579219087958336,1.4459015801548958e-05,0.2318070000037551,0.2447503749281168,0.24474366614595056,6.7087821662425995e-06,0.5267762497533113
6,2,SIGN,0.2952467920258641,0.01744333398528397,0.2082275829743594,8.370797149837017e-05,16,2,0.007520582992583513,0.010092457989230752,0.0008629169315099716,7.262500002980232e-05,1.158309169113636e-05,0.2765971249900758,0.2952467920258641,0.2952409989666194,5.79305924475193e-06,0.5209177089855075
6,3,SIGN,0.25709374994039536,0.018317624926567078,0.18313966714777052,9.454204700887203e-05,16,2,0.008161417208611965,0.004887209041044116,0.0020665419287979603,0.00010920804925262928,3.3041927963495255e-05,0.24173375009559095,0.25709374994039536,0.25708571029827,8.039642125368118e-06,0.45855104201473296
6,4,SIGN,0.30508079193532467,0.020932750077918172,0.1649805831257254,7.691700011491776e-05,16,2,0.00764037505723536,0.00526695791631937,0.0007584579288959503,7.666600868105888e-05,1.2707896530628204e-05,0.2912426250986755,0.30508079193532467,0.3050747069064528,6.085028871893883e-06,0.49099412513896823
6,5,SIGN,0.2898364579305053,0.01691141608171165,0.18512712488882244,7.754191756248474e-05,16,2,0.004014207981526852,0.008891874924302101,0.0032881249208003283,0.00012133386917412281,3.5667093470692635e-05,0.27340066712349653,0.2898364579305053,0.2898294178303331,7.040100172162056e-06,0.49187499890103936
6,6,SIGN,0.27900824998505414,0.02759125013835728,0.185309249907732,9.020790457725525e-05,16,2,0.0038082499522715807,0.004884208086878061,0.004436042159795761,0.00011424999684095383,2.6583904400467873e-05,0.2656410001218319,0.27900824998505414,0.279000542126596,7.707858458161354e-06,0.4919087500311434
6,7,SIGN,0.2854716668371111,0.016743625048547983,0.13672491698525846,9.529199451208115e-05,16,2,0.0077658339869230986,0.005919416900724173,0.0005726250819861889,0.00013900012709200382,1.733284443616867e-05,0.27095329109579325,0.2854716668371111,0.28546279203146696,8.874805644154549e-06,0.43894020887091756
6,8,SIGN,0.23008224996738136,0.01776358298957348,0.17481970903463662,8.637504652142525e-05,16,2,0.011415000073611736,0.008371042087674141,0.005036332877352834,0.00010775006376206875,2.6416964828968048e-05,0.20503337495028973,0.23008224996738136,0.2300762920640409,5.95790334045887e-06,0.42266554199159145
6,9,SIGN,0.28339808294549584,0.022304499987512827,0.17716745915822685,0.00015225005336105824,16,2,0.006478874944150448,0.007600582903251052,0.0008858749642968178,0.00014175008982419968,3.7458958104252815e-05,0.268092832993716,0.28339808294549584,0.28338962490670383,8.458038792014122e-06,0.4828700420912355
6,10,SIGN,0.2688675420358777,0.01688137510791421,0.166979500092566,0.00017791707068681717,16,2,0.0075799578335136175,0.008161624893546104,0.0029656249098479748,8.099991828203201e-05,1.2833159416913986e-05,0.24988150014542043,0.2688675420358777,0.2688604579307139,7.084105163812637e-06,0.4527284172363579
6,11,SIGN,0.2934614580590278,0.022548750042915344,0.1947817918844521,0.0001408339012414217,16,2,0.009003542130813003,0.008399959187954664,0.0009945828933268785,0.00010866601951420307,3.3167190849781036e-05,0.2747734170407057,0.2934614580590278,0.29345416836440563,7.289694622159004e-06,0.5107919999863952
6,12,SIGN,0.29223966714926064,0.02461925009265542,0.17832858301699162,8.904212154448032e-05,16,2,0.008721041958779097,0.007522040978074074,0.0023301660548895597,7.66250304877758e-05,1.2416858226060867e-05,0.27348179183900356,0.29223966714926064,0.2922331248410046,6.542308256030083e-06,0.4951875002589077
6,13,SIGN,0.21305120899342,0.018574916990473866,0.17443829192779958,0.00013112486340105534,16,2,0.012004625052213669,0.007134875049814582,0.0018270418513566256,0.00011170795187354088,3.591715358197689e-05,0.1917978748679161,0.21305120899342,0.21304316679015756,8.042203262448311e-06,0.40606441791169345
6,14,SIGN,0.32138500013388693,0.02527195797301829,0.17774395900778472,0.00015058298595249653,16,2,0.0159190830308944,0.009896457893773913,0.0030911669600754976,0.00017625000327825546,3.8790982216596603e-05,0.2921030002180487,0.32138500013388693,0.32137533207423985,9.668059647083282e-06,0.52440091711469
6,15,SIGN,0.2846843749284744,0.017456917092204094,0.20036954199895263,9.008287452161312e-05,16,2,0.00871350010856986,0.0054613330867141485,0.0024365419521927834,0.00013833306729793549,3.058300353586674e-05,0.2678073749411851,0.2846843749284744,0.2846777490340173,6.625894457101822e-06,0.5025108340196311
6,16,SIGN,0.29385420796461403,0.020872750086709857,0.20175470784306526,0.00015329103916883469,16,2,0.004201957955956459,0.007684583077207208,0.0005816658958792686,7.366714999079704e-05,1.2625008821487427e-05,0.2811376671306789,0.29385420796461403,0.29384545725770295,8.750706911087036e-06,0.5164816658943892
6,17,SIGN,0.25263762497343123,0.021167000057175756,0.17686070897616446,0.0001338329166173935,16,2,0.008243249962106347,0.006957458099350333,0.002817166969180107,0.00013575004413723946,2.9208138585090637e-05,0.23431245796382427,0.25263762497343123,0.2526291240938008,8.500879630446434e-06,0.45066533400677145
6,18,SIGN,0.2358071249909699,0.024396958062425256,0.16451487503945827,9.204121306538582e-05,16,2,0.005364249926060438,0.007432000013068318,0.001006874954327941,6.962521001696587e-05,1.2875068932771683e-05,0.22182262502610683,0.2358071249909699,0.23580029141157866,6.833579391241074e-06,0.4247189580928534
6,19,SIGN,0.29359795805066824,0.015320250065997243,0.18224749993532896,7.91249331086874e-05,16,2,0.005301959114149213,0.010985916946083307,0.0005199168808758259,7.158401422202587e-05,1.2249918654561043e-05,0.27662104181945324,0.29359795805066824,0.29359179362654686,6.164424121379852e-06,0.49116570805199444
6,20,SIGN,0.251923416974023,0.020232749870046973,0.19440133403986692,8.699996396899223e-05,16,2,0.005775917088612914,0.0078682079911232,0.0028886247891932726,7.254187949001789e-05,1.2707896530628204e-05,0.23521204199641943,0.251923416974023,0.25191704160533845,6.375368684530258e-06,0.4665575008839369
7,1,SIGN,0.2577133330050856,0.0199628749396652,0.211690166965127,8.26660543680191e-05,17,2,0.009567708009853959,0.00809991592541337,0.0022756250109523535,0.00012008403427898884,4.129204899072647e-05,0.23752020904794335,0.2577133330050856,0.25770750013180077,5.832873284816742e-06,0.4893663749098778
7,2,SIGN,0.253437832929194,0.019156958907842636,0.19348937505856156,8.312496356666088e-05,17,2,0.006033625220879912,0.005362041061744094,0.0018828751053661108,0.0005381249357014894,1.770816743373871e-05,0.23951312503777444,0.253437832929194,0.25343062449246645,7.208436727523804e-06,0.4660841668955982
7,3,SIGN,0.2879949158523232,0.020930167054757476,0.22309179115109146,8.479109965264797e-05,17,2,0.0032242501620203257,0.008107125060632825,0.0015539159066975117,0.00016195815987884998,3.937515430152416e-05,0.2748163330834359,0.2879949158523232,0.2879877486266196,7.167225703597069e-06,0.5320168740581721
7,4,SIGN,0.29880062490701675,0.02070083306171,0.1752736249472946,9.791599586606026e-05,17,2,0.007954959059134126,0.005840917117893696,0.0010829169768840075,9.520910680294037e-05,1.850002445280552e-05,0.2837019159924239,0.29880062490701675,0.2987923342734575,8.29063355922699e-06,0.49477508291602135
7,5,SIGN,0.2936072910670191,0.021176875103265047,0.19295183313079178,8.399994112551212e-05,17,2,0.010890500154346228,0.008965292014181614,0.0006985410582274199,0.00010333303362131119,1.6541918739676476e-05,0.27284204098396003,0.2936072910670191,0.2936002491042018,7.041962817311287e-06,0.5077359993010759
7,6,SIGN,0.2847712088841945,0.0232591659296304,0.19950829190202057,9.929202497005463e-05,17,2,0.008372291922569275,0.005468625109642744,0.0007125830743461847,9.320885874330997e-05,1.6249949112534523e-05,0.27000020793639123,0.2847712088841945,0.28476245887577534,8.750008419156075e-06,0.5075386667158455
7,7,SIGN,0.2869881670922041,0.023341791005805135,0.20662791607901454,0.00014341599307954311,17,2,0.007880083052441478,0.007078125141561031,0.0014545000158250332,7.13749323040247e-05,1.5041092410683632e-05,0.2703374580014497,0.2869881670922041,0.2869799982290715,8.168863132596016e-06,0.5169578741770238
7,8,SIGN,0.28696441696956754,0.01937100011855364,0.19135233387351036,8.395779877901077e-05,17,2,0.0049770420882850885,0.008528624894097447,0.0037369171623140574,7.43749551475048e-05,1.4916062355041504e-05,0.2695416668429971,0.28696441696956754,0.2869574998039752,6.917165592312813e-06,0.49768775096163154
7,9,SIGN,0.2962240839842707,0.023104708874598145,0.17528058285824955,8.483394049108028e-05,17,2,0.006741833873093128,0.008503250079229474,0.0011225410271435976,6.862496957182884e-05,1.4666933566331863e-05,0.27968087512999773,0.2962240839842707,0.29621662595309317,7.458031177520752e-06,0.4946093757171184
7,10,SIGN,0.29021620796993375,0.01571279182098806,0.2156309171114117,8.183298632502556e-05,17,2,0.011758374981582165,0.008320458931848407,0.0009374578949064016,6.85409177094698e-05,1.4415942132472992e-05,0.26903020800091326,0.29021620796993375,0.2902112896554172,4.918314516544342e-06,0.5215599169023335
7,11,SIGN,0.2745656669139862,0.017051709117367864,0.2043685419484973,0.0001525420229882002,17,2,0.007870707893744111,0.006788749946281314,0.0013020001351833344,0.00015129102393984795,3.50000336766243e-05,0.2582559168804437,0.2745656669139862,0.2745562079362571,9.458977729082108e-06,0.49598591797985137
7,12,SIGN,0.28212383296340704,0.020402041031047702,0.18932174984365702,8.200015872716904e-05,17,2,0.007018791977316141,0.009424833115190268,0.002178833121433854,0.0001263751182705164,3.650016151368618e-05,0.2632500419858843,0.28212383296340704,0.28211737563833594,6.45732507109642e-06,0.49184762383811176
7,13,SIGN,0.26104529201984406,0.017790375044569373,0.2195360839832574,0.00016170809976756573,17,2,0.007767124800011516,0.009026625193655491,0.0008992920629680157,0.00022062496282160282,4.75000124424696e-05,0.2429145839996636,0.26104529201984406,0.26103745913133025,7.832888513803482e-06,0.49837175104767084
7,14,SIGN,0.27853387501090765,0.019298041006550193,0.20316470810212195,9.6083153039217e-05,17,2,0.0074757919646799564,0.005230624927207828,0.002368208020925522,7.295794785022736e-05,1.4791963621973991e-05,0.2632672500330955,0.27853387501090765,0.2785257080104202,8.167000487446785e-06,0.5009966241195798
7,15,SIGN,0.2790330001153052,0.022749749943614006,0.1877322499640286,8.479086682200432e-05,17,2,0.008566583041101694,0.0069188340567052364,0.0006843330338597298,7.7791977673769e-05,1.5207799151539803e-05,0.26267845812253654,0.2790330001153052,0.2790259988978505,7.00121745467186e-06,0.4895150000229478
7,16,SIGN,0.27046904107555747,0.018779416102916002,0.17716358415782452,9.433389641344547e-05,17,2,0.006785250036045909,0.009692125022411346,0.004646583925932646,0.0001568750012665987,3.650016151368618e-05,0.24904804211109877,0.27046904107555747,0.2704597101546824,9.33092087507248e-06,0.466412041336298
7,17,SIGN,0.23987250006757677,0.019628165988251567,0.17372154095210135,9.15410928428173e-05,17,2,0.007971083046868443,0.007645417004823685,0.0030690841376781464,0.00011129188351333141,1.5582889318466187e-05,0.22096104198135436,0.23987250006757677,0.23986504203639925,7.458031177520752e-06,0.4332222070079297
7,18,SIGN,0.2862513340078294,0.02113649994134903,0.20111245894804597,0.00014641694724559784,17,2,0.005183875095099211,0.004760999931022525,0.000945208827033639,6.141699850559235e-05,1.4750054106116295e-05,0.27513233316130936,0.2862513340078294,0.28624500101432204,6.332993507385254e-06,0.5085002928972244
7,19,SIGN,0.20866804104298353,0.0204989998601377,0.20132462494075298,0.00011520786210894585,17,2,0.00874633388593793,0.005343541037291288,0.005815957905724645,7.654097862541676e-05,1.6709091141819954e-05,0.18854383402504027,0.20866804104298353,0.2086581247858703,9.916257113218307e-06,0.4304916658438742
7,20,SIGN,0.2574249159079045,0.020418167114257812,0.16110149980522692,0.00014791591092944145,17,2,0.013451875187456608,0.006270333891734481,0.0019692908972501755,7.641687989234924e-05,1.6666948795318604e-05,0.2354858338367194,0.2574249159079045,0.25741833355277777,6.582355126738548e-06,0.43894458282738924
8,1,SIGN,0.2925085420720279,0.020631375024095178,0.18814012501388788,8.691614493727684e-05,18,2,0.012116708094254136,0.008774250047281384,0.0006029577925801277,7.716682739555836e-05,1.7999904230237007e-05,0.27082662493921816,0.2925085420720279,0.2925026237498969,5.918322131037712e-06,0.501280042110011
8,2,SIGN,0.298192041227594,0.021544083021581173,0.18146420805715024,9.391619823873043e-05,18,2,0.009468666044995189,0.008143250131979585,0.002546333009377122,0.00015658303163945675,3.3291056752204895e-05,0.27774145803414285,0.298192041227594,0.29818349750712514,8.543720468878746e-06,0.5012003323063254
8,3,SIGN,0.2958949999883771,0.022828042041510344,0.2025760831311345,0.00010708300396800041,18,2,0.0066576250828802586,0.005978333996608853,0.002576791914179921,9.958306327462196e-05,1.5709083527326584e-05,0.2804514579474926,0.2958949999883771,0.2958865840919316,8.415896445512772e-06,0.521299125161022
8,4,SIGN,0.2829239589627832,0.020869625033810735,0.19847350008785725,8.7750144302845e-05,18,2,0.005930208833888173,0.004523749928921461,0.0016472910065203905,8.645793423056602e-05,1.5208031982183456e-05,0.27062687487341464,0.2829239589627832,0.28291754075326025,6.41820952296257e-06,0.5022670840844512
8,5,SIGN,0.2405943339690566,0.02408187510445714,0.2115939159411937,0.00015658303163945675,18,2,0.007460624910891056,0.004447416169568896,0.0032930001616477966,0.0001216670498251915,3.258301876485348e-05,0.22507483302615583,0.2405943339690566,0.24058670736849308,7.6266005635261536e-06,0.47627012501470745
8,6,SIGN,0.29287770786322653,0.015110832871869206,0.22872983291745186,0.00011379201896488667,18,2,0.0076008751057088375,0.004982250044122338,0.0012914161197841167,0.00013154186308383942,4.441593773663044e-05,0.2787042921409011,0.29287770786322653,0.29286858323030174,9.12463292479515e-06,0.5367183736525476
8,7,SIGN,0.2929445840418339,0.018508957931771874,0.19082041690126061,0.0001489589922130108,18,2,0.00831170892342925,0.008433167124167085,0.0011071250773966312,0.0001329157967120409,3.6499928683042526e-05,0.2747653329279274,0.2929445840418339,0.29293570877052844,8.875271305441856e-06,0.5022739588748664
8,8,SIGN,0.2659247920382768,0.020096000051125884,0.17993237497285008,9.158416651189327e-05,18,2,0.01035016612149775,0.005518791964277625,0.0023962499108165503,0.00012083398178219795,3.337510861456394e-05,0.24740733299404383,0.2659247920382768,0.2659183342475444,6.457790732383728e-06,0.46595316706225276
8,9,SIGN,0.26101604220457375,0.023313333047553897,0.18815120798535645,0.00010029086843132973,18,2,0.003413582919165492,0.00884445896372199,0.0016404581256210804,0.00012120814062654972,3.987504169344902e-05,0.24684870801866055,0.26101604220457375,0.26100858207792044,7.460126653313637e-06,0.4724805832374841
8,10,SIGN,0.29719237494282424,0.02024570805951953,0.20142345782369375,8.754199370741844e-05,18,2,0.006999207893386483,0.006780500058084726,0.000655332813039422,6.524985656142235e-05,1.3375189155340195e-05,0.2825849577784538,0.29719237494282424,0.29718616558238864,6.209360435605049e-06,0.5188615408260375
8,11,SIGN,0.21449916693381965,0.018557541072368622,0.191576458979398,0.00010295910760760307,18,2,0.008431083057075739,0.006063499953597784,0.002460791962221265,8.020899258553982e-05,1.3707904145121574e-05,0.19733562506735325,0.21449916693381965,0.2144878760445863,1.1290889233350754e-05,0.4246331669855863
8,12,SIGN,0.27731883293017745,0.02006016601808369,0.19292812515050173,9.858398698270321e-05,18,2,0.0039042499847710133,0.007067458936944604,0.001170292031019926,8.262507617473602e-05,1.4749821275472641e-05,0.2649749999400228,0.27731883293017745,0.2773129597771913,5.873152986168861e-06,0.49030712409876287
8,13,SIGN,0.29086850001476705,0.018540291115641594,0.25042937509715557,9.16249118745327e-05,18,2,0.01049525011330843,0.007189624942839146,0.001472249859943986,0.00012520793825387955,4.0416838601231575e-05,0.2714463749434799,0.29086850001476705,0.2908607495483011,7.750466465950012e-06,0.5598381662275642
8,14,SIGN,0.30012079095467925,0.02275437512435019,0.20788195892237127,8.708285167813301e-05,18,2,0.00640529184602201,0.0049291669856756926,0.0029703339096158743,0.0001674999948590994,5.1167095080018044e-05,0.28550233296118677,0.30012079095467925,0.3001128756441176,7.915310561656952e-06,0.5307571250014007
8,15,SIGN,0.29524058289825916,0.016996166203171015,0.2104764999821782,9.008403867483139e-05,18,2,0.008147458080202341,0.006092459196224809,0.001481083920225501,0.00010799989104270935,1.5666009858250618e-05,0.27929874998517334,0.29524058289825916,0.2952335011214018,7.081776857376099e-06,0.5227132490836084
8,16,SIGN,0.2704732909332961,0.021557792089879513,0.16190141602419317,0.00010537495836615562,18,2,0.004580459091812372,0.004308666102588177,0.0015802090056240559,0.0004454581066966057,3.470899537205696e-05,0.2594109168276191,0.2704732909332961,0.2704657930880785,7.497845217585564e-06,0.45393249904736876
8,17,SIGN,0.28456154093146324,0.01866020797751844,0.21106166602112353,9.699980728328228e-05,18,2,0.011698458110913634,0.00413066684268415,0.00392379192635417,0.0001216670498251915,4.0082959458231926e-05,0.2645426250528544,0.28456154093146324,0.2845542917493731,7.249182090163231e-06,0.5142834149301052
8,18,SIGN,0.23386691603809595,0.02111624996177852,0.2088202501181513,0.00015870784409344196,18,2,0.007937249960377812,0.00935570802539587,0.0007765830960124731,0.00012145796790719032,4.091695882380009e-05,0.21546816593036056,0.23386691603809595,0.23385878978297114,8.126255124807358e-06,0.4638034161180258
8,19,SIGN,0.3013010839931667,0.01428670808672905,0.17089712503366172,9.233294986188412e-05,18,2,0.005597666837275028,0.009461957961320877,0.005074708955362439,8.645793423056602e-05,1.4958903193473816e-05,0.2809655829332769,0.3013010839931667,0.30129366647452116,7.417518645524979e-06,0.48648491711355746
8,20,SIGN,0.30595033313147724,0.01955045899376273,0.20211066701449454,8.841580711305141e-05,18,2,0.012725124834105372,0.007103708107024431,0.001320833107456565,0.0001580000389367342,3.958307206630707e-05,0.2845060830004513,0.30595033313147724,0.3059417479671538,8.585164323449135e-06,0.5276114591397345
