n,rep,seed,K,m,num_hyperedges_total,misclassification_rate,ARI,NMI,generation_wall_sec,zhou_laplacian_wall_sec,spectral_clustering_wall_sec,metric_wall_sec,num_isolated_nodes,hypergraph_degree_mean,hypergraph_degree_max,zhou_theta_nnz,eigen_decomposition_wall_sec,embedding_normalize_wall_sec,kmeans_wall_sec,algorithm_total_wall_sec,rho_n,p_in,p_out,sampling_mode,cpu_time_sec,wall_clock_sec,peak_traced_memory_mb,rss_before_mb,rss_after_mb,rss_delta_mb,rho_label,rho_schedule_value
1000,1,1020263427,3,3,1197,0.653,1.3872977393213116e-05,0.0018260059612086404,0.029789958032779396,0.005299624986946583,0.27694354206323624,0.009657833958044648,38,3.591,12.0,8102,0.002962165977805853,4.8708985559642315e-05,0.2739270000020042,0.3120274579850957,1.0,3.6e-05,4e-06,sparse,1.9605730000000001,0.3240860829828307,0.9933605194091797,222.828125,226.0625,3.234375,rho_1,1.0
1000,2,1020263428,3,3,1288,0.501,0.07884250080445844,0.07362922872721298,0.06026454095263034,0.006166541948914528,0.049306832952424884,0.004211042076349258,22,3.864,11.0,8662,0.0036327920388430357,3.4958007745444775e-05,0.045635958085767925,0.11573479103390127,1.0,3.6e-05,4e-06,sparse,1.0071629999999994,0.12285354197956622,0.8981971740722656,226.0625,225.484375,-0.578125,rho_1,1.0
1000,3,1020263429,3,3,1243,0.547,0.08909011616455947,0.08168698204176915,0.04897941695526242,0.008158750017173588,0.053798333974555135,0.004182916018180549,21,3.729,11.0,8387,0.0025275839725509286,3.583298530429602e-05,0.051232292084023356,0.11093387601431459,1.0,3.6e-05,4e-06,sparse,1.0146179999999996,0.11800641589798033,0.8850688934326172,225.484375,226.078125,0.59375,rho_1,1.0
1000,4,1020263430,3,3,1305,0.522,0.08500559979544929,0.07859157880381161,0.047710707993246615,0.006496957968920469,0.05634095903951675,0.0043629169231280684,23,3.915,12.0,8771,0.003800541046075523,3.424996975809336e-05,0.05250274995341897,0.11054520693141967,1.0,3.6e-05,4e-06,sparse,1.1214589999999998,0.11942629190161824,0.9060468673706055,226.078125,226.546875,0.46875,rho_1,1.0
1000,5,1020263431,3,3,1246,0.634,0.0026479261460421516,0.02356429933357685,0.04160654195584357,0.008792457985691726,0.04290100000798702,0.004094959003850818,17,3.738,13.0,8415,0.003885959042236209,5.258305463939905e-05,0.03895941597875208,0.09329695801716298,1.0,3.6e-05,4e-06,sparse,0.930828,0.1005792081123218,0.8848438262939453,226.546875,227.25,0.703125,rho_1,1.0
2000,1,2020266427,3,3,2460,0.5025,0.10329778564385375,0.0909268209828237,0.07656520791351795,0.011832832940854132,0.20535266702063382,0.006512666936032474,49,3.69,11.0,16681,0.0059148750733584166,5.595793481916189e-05,0.19937883398961276,0.2937477078521624,1.0,9e-06,1e-06,sparse,2.719939,0.30617479200009257,1.7724189758300781,227.25,229.109375,1.859375,rho_1,1.0
2000,2,2020266428,3,3,2538,0.5635,0.0711301905419137,0.07314153084761743,0.07585237501189113,0.006505292025394738,0.1335319170029834,0.0061304590199142694,45,3.807,12.0,17141,0.0049743750132620335,3.691599704325199e-05,0.1285179170081392,0.21588687505573034,1.0,9e-06,1e-06,sparse,2.1153139999999997,0.22843779192771763,1.8004608154296875,229.109375,229.890625,0.78125,rho_1,1.0
2000,3,2020266429,3,3,2488,0.6145,0.012023257860970886,0.014053390998931657,0.09690570796374232,0.009731875034049153,0.1576768330996856,0.006079917075112462,41,3.732,12.0,16851,0.00356887502130121,4.1334074921905994e-05,0.15406366693787277,0.26431145903188735,1.0,9e-06,1e-06,sparse,2.5589569999999995,0.2785207920242101,1.7824363708496094,229.890625,230.359375,0.46875,rho_1,1.0
2000,4,2020266430,3,3,2553,0.417,0.16715936343427729,0.1514628373976116,0.07658445788547397,0.006373542011715472,0.10733775002881885,0.009096791967749596,40,3.8295,12.0,17238,0.005025250022299588,3.654195461422205e-05,0.10227316699456424,0.19029295886866748,1.0,9e-06,1e-06,sparse,1.8524460000000005,0.21005879098083824,1.8059825897216797,230.359375,230.703125,0.34375,rho_1,1.0
2000,5,2020266431,3,3,2521,0.6,0.023812101758442367,0.02883163480637034,0.09086162503808737,0.006340917083434761,0.1538197920890525,0.0072648749919608235,33,3.7815,11.0,17045,0.005059374962002039,8.179200813174248e-05,0.14867475000210106,0.251018459093757,1.0,9e-06,1e-06,sparse,2.442640000000001,0.2667833330342546,1.7945823669433594,230.703125,230.8125,0.109375,rho_1,1.0
3000,1,3020269427,3,3,3694,0.6366666666666667,0.002698836893385203,0.007129103884986016,0.11952275002840906,0.008805125020444393,0.2408667909912765,0.01013679092284292,82,3.694,12.0,25042,0.008019707980565727,5.870894528925419e-05,0.2327846670523286,0.369190959027037,1.0,4e-06,4.4444444444444444e-07,sparse,3.500195999999999,0.3910304579185322,2.665886878967285,230.8125,231.984375,1.171875,rho_1,1.0
3000,2,3020269428,3,3,3844,0.6216666666666667,0.00682810274869095,0.010761866364834992,0.10497570806182921,0.010308624943718314,0.21254820795729756,0.009204791043885052,68,3.844,12.0,25958,0.004820042056962848,0.00010770803783088923,0.20761616597883403,0.3278282490791753,1.0,4e-06,4.4444444444444444e-07,sparse,3.1572889999999987,0.3488095410866663,2.720447540283203,231.984375,232.84375,0.859375,rho_1,1.0
3000,3,3020269429,3,3,3742,0.4656666666666667,0.13799572322162473,0.11768632266733997,0.10975595796480775,0.008464499958790839,0.1849138329271227,0.011124458047561347,55,3.742,11.0,25369,0.009306624997407198,6.312492769211531e-05,0.17553983302786946,0.30313004087656736,1.0,4e-06,4.4444444444444444e-07,sparse,2.9638440000000017,0.32710204110480845,2.686372756958008,232.84375,233.640625,0.796875,rho_1,1.0
3000,4,3020269430,3,3,3741,0.5806666666666667,0.03200316879908046,0.026431929452659236,0.11092291702516377,0.008678833022713661,0.2860384579980746,0.008403874933719635,75,3.741,11.0,25321,0.005967292003333569,8.50829528644681e-05,0.27998333401046693,0.4056374590145424,1.0,4e-06,4.4444444444444444e-07,sparse,3.8887180000000043,0.421951541909948,2.682270050048828,233.640625,234.03125,0.390625,rho_1,1.0
3000,5,3020269431,3,3,3706,0.6553333333333333,0.0005022200521371281,0.008673767931072017,0.09516979102045298,0.008332791971042752,0.15092016698326916,0.009082666016183794,77,3.706,11.0,25113,0.005548416986130178,4.0375045500695705e-05,0.145328790997155,0.2544201660202816,1.0,4e-06,4.4444444444444444e-07,sparse,2.591085999999997,0.2725297500146553,2.671476364135742,234.03125,234.640625,0.609375,rho_1,1.0
4000,1,4020272427,3,3,5048,0.66125,0.00010939196504482851,0.001961374314415326,0.15011425002012402,0.010470332927070558,0.2785428330535069,0.01070616696961224,101,3.786,13.0,34141,0.006931291078217328,4.654098302125931e-05,0.27156208408996463,0.4391244990983978,1.0,2.25e-06,2.5e-07,sparse,4.161010999999995,0.4606935840565711,3.6035099029541016,234.640625,236.328125,1.6875,rho_1,1.0
4000,2,4020272428,3,3,4961,0.54125,0.0569134633268466,0.06510361892185988,0.1310225409688428,0.0103407499846071,0.2562863330822438,0.013224457972683012,77,3.72075,12.0,33655,0.00951291702222079,4.5874970965087414e-05,0.24672487494535744,0.3976469578919932,1.0,2.25e-06,2.5e-07,sparse,4.0294039999999995,0.42131412506569177,3.5735387802124023,236.328125,236.53125,0.203125,rho_1,1.0
4000,3,4020272429,3,3,5055,0.618,0.010760601438830507,0.01664689785061414,0.13257054204586893,0.010696750017814338,0.32571370794903487,0.010456542018800974,92,3.79125,12.0,34208,0.009434207924641669,4.5625027269124985e-05,0.3162311250343919,0.46897825004998595,1.0,2.25e-06,2.5e-07,sparse,4.427366000000006,0.4903132499894127,3.6070709228515625,236.53125,237.234375,0.703125,rho_1,1.0
4000,4,4020272430,3,3,5037,0.59575,0.01233581593993779,0.015989390125224306,0.13572783302515745,0.012297916924580932,0.2725546669680625,0.011244625085964799,84,3.77775,14.0,34096,0.008188874926418066,6.008404307067394e-05,0.26430141692981124,0.42057612584903836,1.0,2.25e-06,2.5e-07,sparse,3.9666090000000054,0.44413779105525464,3.599360466003418,237.234375,238.0625,0.828125,rho_1,1.0
4000,5,4020272431,3,3,5022,0.543,0.054060487429833305,0.056775526417614394,0.13670191599521786,0.010667624999769032,0.2902462499914691,0.010494375019334257,86,3.7665,15.0,34014,0.00823604199104011,0.00012016703840345144,0.28188725002110004,0.4376130000455305,1.0,2.25e-06,2.5e-07,sparse,4.024283000000004,0.4592772079631686,3.5952911376953125,238.0625,238.71875,0.65625,rho_1,1.0
5000,1,5020275427,3,3,6170,0.6286,0.004308313872548073,0.015062986644628054,0.16980095906183124,0.012750208959914744,0.1789393340004608,0.014684999943710864,112,3.702,13.0,41870,0.006659582955762744,5.0458009354770184e-05,0.17222670803312212,0.3614879170199856,1.0,1.44e-06,1.6e-07,sparse,3.031321999999996,0.39269608294125646,4.45703125,238.71875,240.140625,1.421875,rho_1,1.0
5000,2,5020275428,3,3,6201,0.6578,0.0004942847423545978,0.004155661062686643,0.17261412495281547,0.012405375018715858,0.19959662505425513,0.01644804107490927,127,3.7206,12.0,42041,0.007017583004198968,6.216694600880146e-05,0.1925138330552727,0.3846130829770118,1.0,1.44e-06,1.6e-07,sparse,3.118619999999993,0.4175756669137627,4.468812942504883,240.140625,241.296875,1.15625,rho_1,1.0
5000,3,5020275429,3,3,6349,0.594,0.0244054099437466,0.04615651317559533,0.17382862500380725,0.012672125012613833,0.26630195905454457,0.012782417004927993,124,3.8094,12.0,42928,0.00959645805414766,5.745794624090195e-05,0.25664525001775473,0.4527999160345644,1.0,1.44e-06,1.6e-07,sparse,3.7649079999999913,0.47921758296433836,4.521656036376953,241.296875,243.5625,2.265625,rho_1,1.0
5000,4,5020275430,3,3,6310,0.662,6.694316417517516e-06,0.0006604857695216328,0.1677305829944089,0.012762791942805052,0.19329862506128848,0.01278583297971636,110,3.786,12.0,42692,0.008125666063278913,6.087496876716614e-05,0.18510916701052338,0.3737890829797834,1.0,1.44e-06,1.6e-07,sparse,3.442085999999989,0.40644454094581306,4.508357048034668,243.5625,243.75,0.1875,rho_1,1.0
5000,5,5020275431,3,3,6087,0.5836,0.029418800558809632,0.024901729405948234,0.16912295809015632,0.012182040954940021,0.24672575003933161,0.01708279107697308,146,3.6522,13.0,41334,0.0095497079892084,6.954104173928499e-05,0.23710254090838134,0.42802678898442537,1.0,1.44e-06,1.6e-07,sparse,3.7360539999999958,0.4642302090069279,4.425683975219727,243.75,244.109375,0.359375,rho_1,1.0
6000,1,6020278427,3,3,7572,0.6511666666666667,0.00043974493241937413,0.0027459152508564227,0.1934007079107687,0.014810250024311244,0.32974620803724974,0.01502633304335177,125,3.786,12.0,51271,0.011437042034231126,6.695801857858896e-05,0.3182391250738874,0.537954083061777,1.0,1e-06,1.1111111111111111e-07,sparse,4.397423000000003,0.5695868339389563,5.415693283081055,244.109375,247.953125,3.84375,rho_1,1.0
6000,2,6020278428,3,3,7550,0.6048333333333333,0.013215911970746492,0.02346599188545365,0.19405370799358934,0.015269958064891398,0.2979811249533668,0.015380332944914699,140,3.775,15.0,51122,0.016967917094007134,8.612498641014099e-05,0.28092375001870096,0.507301458157599,1.0,1e-06,1.1111111111111111e-07,sparse,4.127682000000007,0.5405685000587255,5.403369903564453,247.953125,249.0625,1.109375,rho_1,1.0
6000,3,6020278429,3,3,7565,0.6575,0.00026844445947781713,0.005937046760106841,0.21905945800244808,0.015251708100549877,0.1694705419940874,0.01665587502066046,140,3.7825,12.0,51194,0.009775374899618328,6.333400961011648e-05,0.159628750057891,0.4037786250701174,1.0,1e-06,1.1111111111111111e-07,sparse,2.885992999999999,0.44437300006393343,5.4092607498168945,249.0625,250.078125,1.015625,rho_1,1.0
6000,4,6020278430,3,3,7644,0.6503333333333333,0.0011257632782348897,0.005929860190818796,0.20597370900213718,0.01511733396910131,0.3176289169350639,0.015363042009994388,125,3.822,12.0,51703,0.009876291966065764,0.00012425007298588753,0.30762404203414917,0.5387156270444393,1.0,1e-06,1.1111111111111111e-07,sparse,4.181460000000001,0.5714600420324132,5.440113067626953,250.078125,251.046875,0.96875,rho_1,1.0
6000,5,6020278431,3,3,7473,0.6588333333333334,0.00027066779982931534,0.004533967563740657,0.1973071669926867,0.014679416082799435,0.1803687500068918,0.020153791061602533,130,3.7365,12.0,50664,0.007978540961630642,7.299997378140688e-05,0.17231425002682954,0.3923523740377277,1.0,1e-06,1.1111111111111111e-07,sparse,3.2567140000000023,0.43325958400964737,5.376142501831055,251.046875,251.109375,0.0625,rho_1,1.0
7000,1,7020281427,3,3,8762,0.6632857142857143,-3.3915556018696204e-06,0.0005133337947003696,0.2346555000403896,0.01631475007161498,0.2127612920012325,0.02305008308030665,173,3.7551428571428573,13.0,59341,0.0072409589774906635,6.404099985957146e-05,0.20545354101341218,0.463728791102767,1.0,7.346938775510204e-07,8.16326530612245e-08,sparse,3.618733000000006,0.50840725004673,6.290592193603516,251.109375,253.859375,2.75,rho_1,1.0
7000,2,7020281428,3,3,8788,0.6228571428571429,0.006556807785868248,0.01623320759027195,0.22315675008576363,0.016579457907937467,0.2901527499780059,0.016995250014588237,176,3.7662857142857145,15.0,59510,0.01275020802859217,6.641692016273737e-05,0.2773330829804763,0.5298859159229323,1.0,7.346938775510204e-07,8.16326530612245e-08,sparse,4.188338999999999,0.5656756670214236,6.298151969909668,253.859375,254.578125,0.71875,rho_1,1.0
7000,3,7020281429,3,3,8799,0.6618571428571428,9.867210170688629e-05,0.0023099728349389916,0.2278662919998169,0.01651625009253621,0.227535416954197,0.019617290934547782,172,3.771,12.0,59576,0.008876082953065634,6.270792800933123e-05,0.2185937500325963,0.47191508300602436,1.0,7.346938775510204e-07,8.16326530612245e-08,sparse,3.816175000000001,0.5110866250470281,6.303075790405273,254.578125,254.734375,0.15625,rho_1,1.0
7000,4,7020281430,3,3,8965,0.661,3.639425684836642e-05,0.0016554977195305622,0.23151399998459965,0.01700600003823638,0.253361624898389,0.017713499953970313,153,3.842142857142857,12.0,60607,0.011098541901446879,0.0001391660189256072,0.24212087492924184,0.5018785828724504,1.0,7.346938775510204e-07,8.16326530612245e-08,sparse,3.9616460000000018,0.5394958340330049,6.365163803100586,254.734375,255.140625,0.40625,rho_1,1.0
7000,5,7020281431,3,3,8798,0.6255714285714286,0.005692281559288044,0.009686989753230272,0.22869224997702986,0.016753750038333237,0.28652662492822856,0.016878416994586587,164,3.7705714285714285,12.0,59570,0.016912917024455965,7.150007877498865e-05,0.26953841594513506,0.5319688330637291,1.0,7.346938775510204e-07,8.16326530612245e-08,sparse,4.041751000000005,0.5686401249840856,6.301570892333984,255.140625,257.328125,2.1875,rho_1,1.0
8000,1,8020284427,3,3,10318,0.627625,0.006899691186144282,0.01709492729205204,0.28112787508871406,0.01908716605976224,0.2831875419942662,0.020057542016729712,184,3.86925,13.0,69688,0.012320415931753814,6.433296948671341e-05,0.27080016606487334,0.5833999561145902,1.0,5.625e-07,6.25e-08,sparse,4.0279469999999975,0.6263863749336451,7.301699638366699,257.328125,257.65625,0.328125,rho_1,1.0
8000,2,8020284428,3,3,9908,0.664625,-1.0348689953798328e-05,0.0001529482070300696,0.2635872500250116,0.019347958033904433,0.19928279193118215,0.0243669580668211,210,3.7155,14.0,67172,0.010566457989625633,7.516704499721527e-05,0.18863679200876504,0.4822136251023039,1.0,5.625e-07,6.25e-08,sparse,3.4141360000000134,0.5335439579794183,7.151541709899902,257.65625,257.65625,0.0,rho_1,1.0
8000,3,8020284429,3,3,10049,0.6,0.024184794533720105,0.02626951634686156,0.26565383293200284,0.018502374994568527,0.3912759170634672,0.019316624966450036,180,3.768375,13.0,68078,0.012192416936159134,6.616709288209677e-05,0.3790147500112653,0.6754295419668779,1.0,5.625e-07,6.25e-08,sparse,4.777997999999997,0.7166158329928294,7.205278396606445,257.65625,257.65625,0.0,rho_1,1.0
8000,4,8020284430,3,3,10157,0.627875,0.006927980303277049,0.010995648942866348,0.2619023750303313,0.018372667022049427,0.30711116699967533,0.019231374957598746,167,3.808875,13.0,68739,0.020906000048853457,9.9916011095047e-05,0.2861023750156164,0.5873833331279457,1.0,5.625e-07,6.25e-08,sparse,4.4194809999999904,0.6281284999568015,7.243587493896484,257.65625,259.859375,2.203125,rho_1,1.0
8000,5,8020284431,3,3,10025,0.664,1.2725512132539814e-06,0.0003575580632872083,0.260339375003241,0.01866929093375802,0.2063575000502169,0.01954045903403312,169,3.759375,13.0,67943,0.010147500084713101,7.53339845687151e-05,0.1961320829577744,0.48536358296405524,1.0,5.625e-07,6.25e-08,sparse,3.4435410000000104,0.5301757919369265,7.193992614746094,259.859375,259.9375,0.078125,rho_1,1.0
9000,1,9020287427,3,3,11373,0.6341111111111111,0.002761103936988012,0.010778573495200451,0.30202745890710503,0.021708333981223404,0.3274414170300588,0.021796250017359853,196,3.791,13.0,76988,0.02628720796201378,9.44170169532299e-05,0.3010567920282483,0.6511742098955438,1.0,4.4444444444444444e-07,4.938271604938272e-08,sparse,4.125334000000009,0.698908333084546,8.130556106567383,259.9375,254.78125,-5.15625,rho_1,1.0
9000,2,9020287428,3,3,11407,0.6614444444444444,2.930349044561187e-05,0.0010041651227947314,0.3040887500392273,0.022915375069715083,0.2094612920191139,0.03128929098602384,201,3.8023333333333333,14.0,77211,0.012007458019070327,7.499998901039362e-05,0.1973758339881897,0.5364624171052128,1.0,4.4444444444444444e-07,4.938271604938272e-08,sparse,3.605538999999993,0.5999368339544162,8.141801834106445,254.78125,257.140625,2.359375,rho_1,1.0
9000,3,9020287429,3,3,11385,0.6384444444444445,0.0035907589219028122,0.005223341446188533,0.2973249589558691,0.02165795909240842,0.37185495905578136,0.02313170803245157,220,3.795,13.0,77052,0.017486084019765258,0.00024058297276496887,0.3541248750407249,0.6908344600815326,1.0,4.4444444444444444e-07,4.938271604938272e-08,sparse,4.457628,0.739883792004548,8.134724617004395,257.140625,258.078125,0.9375,rho_1,1.0
9000,4,9020287430,3,3,11136,0.6572222222222223,0.00033549940526696523,0.00640970959099686,0.2870117499260232,0.020586457918398082,0.15306008304469287,0.031170208007097244,213,3.712,12.0,75555,0.014459374942816794,7.204106077551842e-05,0.1385258750524372,0.46065549890045077,1.0,4.4444444444444444e-07,4.938271604938272e-08,sparse,3.1603230000000053,0.5264277079841122,8.043865203857422,258.078125,258.078125,0.0,rho_1,1.0
9000,5,9020287431,3,3,11202,0.6554444444444445,0.0003553170238526295,0.0034449031913800915,0.3105658330023289,0.020701083005405962,0.2614012910053134,0.026953250053338706,225,3.734,13.0,75965,0.014296083012595773,6.433308590203524e-05,0.24703804205637425,0.5926653741626069,1.0,4.4444444444444444e-07,4.938271604938272e-08,sparse,3.881725000000017,0.6433535419637337,8.067099571228027,258.078125,259.890625,1.8125,rho_1,1.0
10000,1,10020290427,3,3,12575,0.6625,5.386329993681107e-05,0.0021411329394030176,0.3245921250199899,0.022680666064843535,0.12845320906490088,0.034430333063937724,232,3.7725,14.0,85174,0.016559542040340602,7.983401883393526e-05,0.11181108397431672,0.4757232511183247,1.0,3.6e-07,4e-08,sparse,2.901877000000013,0.5404377920785919,9.011674880981445,259.890625,261.515625,1.625,rho_1,1.0
10000,2,10020290428,3,3,12528,0.6577,0.00022096853537902588,0.005474482650164126,0.3426960420329124,0.023408291046507657,0.2195231249788776,0.034606667002663016,229,3.7584,13.0,84889,0.010988582973368466,7.883296348154545e-05,0.20845158398151398,0.585623332997784,1.0,3.6e-07,4e-08,sparse,3.662708000000009,0.656110665993765,8.994037628173828,261.515625,261.75,0.234375,rho_1,1.0
10000,3,10020290429,3,3,12538,0.647,0.001081849479105952,0.006446039498725655,0.32968316704500467,0.024773291079327464,0.27171612496022135,0.028610167093575,225,3.7614,13.0,84957,0.01472629199270159,0.00016562500968575478,0.256819500005804,0.6261678751325235,1.0,3.6e-07,4e-08,sparse,3.917214999999999,0.6846180829452351,8.998520851135254,261.75,262.5625,0.8125,rho_1,1.0
10000,4,10020290430,3,3,12624,0.6601,0.00015848366966706722,0.003832970413171996,0.32761870801914483,0.02391416602768004,0.18802500003948808,0.0378551670582965,218,3.7872,15.0,85486,0.014658167026937008,0.0001662920694798231,0.17319558397866786,0.5395529171219096,1.0,3.6e-07,4e-08,sparse,3.4707710000000134,0.6131982909282669,9.030279159545898,262.5625,266.359375,3.796875,rho_1,1.0
10000,5,10020290431,3,3,12551,0.6623,4.8235147659037146e-05,0.002109450107576806,0.32549524994101375,0.02323362499009818,0.13658900000154972,0.023190125008113682,230,3.7653,13.0,85028,0.0165640419581905,7.30839092284441e-05,0.11994899995625019,0.48531500075478107,1.0,3.6e-07,4e-08,sparse,2.727291000000008,0.539790750015527,9.002845764160156,266.359375,266.5,0.140625,rho_1,1.0
1000,1,1020263427,3,3,8759,0.002,0.9940030362131663,0.9876058551993107,0.24398799997288734,0.01630395802203566,0.03192229091655463,0.00453820894472301,0,26.277,43.0,51638,0.0020965839503332973,2.954190131276846e-05,0.029792790999636054,0.2922108748462051,6.907755278982137,0.00024867919004335694,2.763102111592855e-05,sparse,1.731628999999998,0.32056374999228865,4.238030433654785,266.5,266.5,0.0,rho_log_n,6.907755278982137
1000,2,1020263428,3,3,8507,0.001,0.996996990984967,0.9938015906454756,0.25628716603387147,0.016563249984756112,0.03897604194935411,0.004100708058103919,0,25.521,43.0,50166,0.0012832909123972058,3.187509719282389e-05,0.037657166947610676,0.3118227489758283,6.907755278982137,0.00024867919004335694,2.763102111592855e-05,sparse,2.2314680000000067,0.3397573339752853,4.115307807922363,266.5,266.515625,0.015625,rho_log_n,6.907755278982137
1000,3,1020263429,3,3,8772,0.0,1.0,1.0,0.2664083340205252,0.01708145800512284,0.03223079105373472,0.004730707965791225,0,26.316,46.0,51686,0.002245957963168621,3.8375030271708965e-05,0.02994283300358802,0.3157169580226764,6.907755278982137,0.00024867919004335694,2.763102111592855e-05,sparse,2.206132999999994,0.34301079099532217,4.237903594970703,266.515625,266.515625,0.0,rho_log_n,6.907755278982137
1000,4,1020263430,3,3,8454,0.002,0.9940030362131663,0.9876058551993109,0.25876920798327774,0.016139707993716,0.035348957986570895,0.004358499892987311,0,25.362,45.0,50020,0.0021423749858513474,3.0667055398225784e-05,0.03317283291835338,0.3102547909365967,6.907755278982137,0.00024867919004335694,2.763102111592855e-05,sparse,2.0955730000000017,0.33612933300901204,4.100069046020508,266.515625,266.515625,0.0,rho_log_n,6.907755278982137
1000,5,1020263431,3,3,8734,0.002,0.9939940000962764,0.987603151547432,0.26179050002247095,0.017117416951805353,0.03295650007203221,0.005859958007931709,0,26.202,41.0,51542,0.0022679170360788703,3.483297768980265e-05,0.03065091697499156,0.31186158396303654,6.907755278982137,0.00024867919004335694,2.763102111592855e-05,sparse,2.200540999999987,0.3400172080146149,4.224756240844727,266.515625,266.515625,0.0,rho_log_n,6.907755278982137
2000,1,2020266427,3,3,19154,0.001,0.997000001506756,0.9931713431656936,0.5415402919752523,0.03484504099469632,0.035946583026088774,0.010114207980223,0,28.731,48.0,114642,0.002213625004515052,4.191603511571884e-05,0.03368824999779463,0.612329124007374,7.600902459542082,6.840812213587874e-05,7.6009024595420825e-06,sparse,2.851699999999994,0.6800318330060691,9.559087753295898,266.515625,268.671875,2.15625,rho_log_n,7.600902459542082
2000,2,2020266428,3,3,19260,0.0005,0.998500000753378,0.9965856718389802,0.5190245829289779,0.034015333047136664,0.03921237506438047,0.00831683399155736,0,28.89,45.0,115180,0.002272374927997589,4.5208027586340904e-05,0.03689112490974367,0.5922486238414422,7.600902459542082,6.840812213587874e-05,7.6009024595420825e-06,sparse,2.3786130000000014,0.6626166249625385,9.601818084716797,268.671875,269.140625,0.46875,rho_log_n,7.600902459542082
2000,3,2020266429,3,3,19165,0.002,0.9940022642882489,0.9869736004059662,0.520214542048052,0.03383304097224027,0.04996687499806285,0.009916375041939318,0,28.7475,45.0,114668,0.0038296669954434037,4.700000863522291e-05,0.04608737491071224,0.6040116249350831,7.600902459542082,6.840812213587874e-05,7.6009024595420825e-06,sparse,2.617494999999991,0.6745627919444814,9.554763793945312,269.140625,269.140625,0.0,rho_log_n,7.600902459542082
2000,4,2020266430,3,3,19110,0.001,0.9970011265043625,0.9931716871806343,0.5138397919945419,0.03365037508774549,0.048821000033058226,0.006286666030064225,0,28.665,54.0,114346,0.003533791983500123,3.945804201066494e-05,0.04524499992839992,0.5963084170361981,7.600902459542082,6.840812213587874e-05,7.6009024595420825e-06,sparse,2.471948999999995,0.6512438340578228,9.531695365905762,269.140625,269.40625,0.265625,rho_log_n,7.600902459542082
2000,5,2020266431,3,3,18985,0.001,0.9970022515028151,0.9931720306795767,0.5189690419938415,0.033016375033184886,0.04513058299198747,0.006391500006429851,0,28.4775,47.0,113610,0.003511750022880733,6.958399899303913e-05,0.04154604102950543,0.5971127920784056,7.600902459542082,6.840812213587874e-05,7.6009024595420825e-06,sparse,2.585996999999992,0.6549075420480222,9.470266342163086,269.40625,269.6875,0.28125,rho_log_n,7.600902459542082
3000,1,3020269427,3,3,30084,0.0003333333333333333,0.9989998331666945,0.9976006833367455,0.8279467499814928,0.05454941699281335,0.06478983396664262,0.012019166024401784,0,30.084,49.0,180974,0.005698916967958212,8.558400440961123e-05,0.05900216696318239,0.9472828349098563,8.006367567650246,3.2025470270600984e-05,3.5583855856223314e-06,sparse,3.2887560000000065,1.0524003329919651,15.157632827758789,269.6875,277.1875,7.5,rho_log_n,8.006367567650246
3000,2,3020269428,3,3,30283,0.0016666666666666668,0.9950031751779104,0.9890037081165618,0.8073672499740496,0.0535767920082435,0.07602595805656165,0.011249458999373019,0,30.283,50.0,182014,0.003057124908082187,4.716601688414812e-05,0.07291758304927498,0.9369659159565344,8.006367567650246,3.2025470270600984e-05,3.5583855856223314e-06,sparse,2.9862210000000005,1.0369862919906154,15.244033813476562,276.1875,279.734375,3.546875,rho_log_n,8.006367567650246
3000,3,3020269429,3,3,30196,0.0,1.0,1.0,0.7924917920026928,0.05232720903586596,0.08972716704010963,0.014173875097185373,0,30.196,53.0,181678,0.005011416040360928,4.7915964387357235e-05,0.0846639999654144,0.9345423330087215,8.006367567650246,3.2025470270600984e-05,3.5583855856223314e-06,sparse,3.0019589999999994,1.0303725419798866,15.216068267822266,279.734375,282.296875,2.5625,rho_log_n,8.006367567650246
3000,4,3020269430,3,3,30278,0.0003333333333333333,0.9989998331666945,0.9976006833367455,0.78026970801875,0.05351112491916865,0.06186866690404713,0.01140925008803606,0,30.278,50.0,182106,0.002998082898557186,4.783307667821646e-05,0.05882016709074378,0.8956469160038978,8.006367567650246,3.2025470270600984e-05,3.5583855856223314e-06,sparse,2.806758000000002,1.0037540829507634,15.256579399108887,282.296875,286.671875,4.375,rho_log_n,8.006367567650246
3000,5,3020269431,3,3,30027,0.0006666666666666666,0.9979991666680852,0.9952012136631723,0.8077782079344615,0.05534262501168996,0.05833508400246501,0.014242416946217418,0,30.027,51.0,180578,0.005236041033640504,5.066709127277136e-05,0.0530439589638263,0.9214515000348911,8.006367567650246,3.2025470270600984e-05,3.5583855856223314e-06,sparse,2.951221000000004,1.0685365840326995,15.13241958618164,286.671875,288.96875,2.296875,rho_log_n,8.006367567650246
4000,1,4020272427,3,3,41561,0.0005,0.9985007508445467,0.9965856732033885,1.0855786659521982,0.07130979199428111,0.05568674998357892,0.012832417036406696,0,31.17075,51.0,250574,0.006526250042952597,4.825007636100054e-05,0.049109291983768344,1.2125722500495613,8.294049640102028,1.8661611690229562e-05,2.0735124100255068e-06,sparse,2.9354359999999815,1.3273894999874756,21.041322708129883,288.96875,295.078125,6.109375,rho_log_n,8.294049640102028
4000,2,4020272428,3,3,41789,0.00025,0.9992500938204385,0.9981351045139838,1.0895507499808446,0.09256900008767843,0.06578587496187538,0.0159932920942083,0,31.34175,54.0,252014,0.007663291995413601,0.00036916695535182953,0.05774850002489984,1.2479007090441883,8.294049640102028,1.8661611690229562e-05,2.0735124100255068e-06,sparse,3.522786999999994,1.4334292500279844,21.15861701965332,294.078125,301.453125,7.375,rho_log_n,8.294049640102028
4000,3,4020272429,3,3,41922,0.0005,0.9985001875000586,0.9962702093463284,1.1945048340130597,0.07407629198860377,0.05846570897847414,0.01584087498486042,0,31.4415,53.0,252782,0.006680290913209319,5.083403084427118e-05,0.05173041601665318,1.3270426669623703,8.294049640102028,1.8661611690229562e-05,2.0735124100255068e-06,sparse,3.265814000000006,1.4942060830071568,21.22433853149414,301.453125,308.671875,7.21875,rho_log_n,8.294049640102028
4000,4,4020272430,3,3,41422,0.00025,0.9992500938204385,0.9981351045139839,1.0715342500479892,0.07079074997454882,0.08206320798490196,0.010695457924157381,0,31.0665,51.0,249798,0.003965416923165321,4.912493750452995e-05,0.07804579194635153,1.2243853338295594,8.294049640102028,1.8661611690229562e-05,2.0735124100255068e-06,sparse,3.2166799999999967,1.359342333045788,20.97654914855957,308.671875,310.84375,2.171875,rho_log_n,8.294049640102028
4000,5,4020272431,3,3,41456,0.0,1.0,1.0,1.0718529999721795,0.07018670893739909,0.05798074998892844,0.015004790970124304,0,31.092,52.0,250006,0.003935000044293702,4.4874963350594044e-05,0.05399545805994421,1.2000150419771671,8.294049640102028,1.8661611690229562e-05,2.0735124100255068e-06,sparse,3.262561000000005,1.3449615829158574,20.99342918395996,310.84375,312.859375,2.015625,rho_log_n,8.294049640102028
5000,1,5020275427,3,3,53512,0.0006,0.9982000003605185,0.9954023000425996,1.4027866669930518,0.09799945796839893,0.0773825830547139,0.016296333051286638,0,32.1072,53.0,323290,0.008753000060096383,7.645797450095415e-05,0.06854900007601827,1.5781645830720663,8.517193191416238,1.2264758195639383e-05,1.362750910626598e-06,sparse,4.132021000000009,1.7717417089734226,27.177265167236328,312.859375,320.640625,7.78125,rho_log_n,8.517193191416238
5000,2,5020275428,3,3,53669,0.0004,0.9988003602402016,0.9971872389132873,1.3641558330273256,0.09346070804167539,0.06961820798460394,0.02099366602487862,0,32.2014,58.0,324034,0.008744374965317547,0.0003536660224199295,0.06051429104991257,1.527228873106651,8.517193191416238,1.2264758195639383e-05,1.362750910626598e-06,sparse,3.6075779999999895,1.7055742091033608,27.243757247924805,320.640625,321.21875,0.578125,rho_log_n,8.517193191416238
5000,3,5020275429,3,3,53594,0.0008,0.9976003606246768,0.9941221053121848,1.4183054170571268,0.09907016693614423,0.06282016693148762,0.018623749958351254,0,32.1564,53.0,323736,0.009381708921864629,7.629208266735077e-05,0.053358708042651415,1.5801922930404544,8.517193191416238,1.2264758195639383e-05,1.362750910626598e-06,sparse,3.6679550000000063,1.8086766250198707,27.220712661743164,321.21875,322.21875,1.0,rho_log_n,8.517193191416238
5000,4,5020275430,3,3,53593,0.0004,0.9988000000961729,0.9969348669751001,1.3649493750417605,0.10454829095397145,0.08733370900154114,0.014167833025567234,0,32.1558,56.0,323668,0.008290958008728921,5.437491927295923e-05,0.07898541598115116,1.556828414904885,8.517193191416238,1.2264758195639383e-05,1.362750910626598e-06,sparse,3.979331000000002,1.738368249963969,27.214466094970703,322.21875,324.421875,2.203125,rho_log_n,8.517193191416238
5000,5,5020275431,3,3,53232,0.0006,0.9982000003605185,0.9954023000425996,1.3792748750420287,0.09814920800272375,0.055462250020354986,0.01827333401888609,0,31.9392,58.0,321456,0.005051499931141734,6.916606798768044e-05,0.0503373749088496,1.5328821239527315,8.517193191416238,1.2264758195639383e-05,1.362750910626598e-06,sparse,3.704083999999966,1.7284420420182869,27.028318405151367,324.421875,328.0,3.578125,rho_log_n,8.517193191416238
6000,1,6020278427,3,3,65541,0.0003333333333333333,0.9990001666666667,0.9973904495982251,1.6777862090384588,0.11577454197686166,0.06716962496284395,0.01945979194715619,0,32.7705,55.0,396158,0.010077124927192926,5.7458062656223774e-05,0.05703254195395857,1.8607278759591281,8.699514748210191,8.699514748210191e-06,9.666127498011324e-07,sparse,4.279450999999995,2.077780459076166,33.33639621734619,328.0,345.4375,17.4375,rho_log_n,8.699514748210191
6000,2,6020278428,3,3,66103,0.00016666666666666666,0.9994999583125017,0.9986951868229895,1.7115354579873383,0.12114537495654076,0.06950012501329184,0.01906866696663201,0,33.0515,53.0,399552,0.010331708006560802,7.458392065018415e-05,0.0590901660034433,1.9021772908745334,8.699514748210191,8.699514748210191e-06,9.666127498011324e-07,sparse,4.269486000000029,2.13048283290118,33.6201171875,344.4375,357.765625,13.328125,rho_log_n,8.699514748210191
6000,3,6020278429,3,3,65594,0.0,1.0,1.0,1.6959716249257326,0.11675987497437745,0.06558833399321884,0.014869417063891888,0,32.797,57.0,396338,0.01018466695677489,7.149996235966682e-05,0.05532875005155802,1.8783164168708026,8.699514748210191,8.699514748210191e-06,9.666127498011324e-07,sparse,4.179038999999989,2.0784449580824003,33.35615634918213,357.765625,345.59375,-12.171875,rho_log_n,8.699514748210191
6000,4,6020278430,3,3,65768,0.0003333333333333333,0.9990000416666858,0.9973904115726164,1.7008655830286443,0.12035379104781896,0.0791862909682095,0.023162415949627757,0,32.884,59.0,397502,0.006427791086025536,8.400005754083395e-05,0.07267091702669859,1.9004020822467282,8.699514748210191,8.699514748210191e-06,9.666127498011324e-07,sparse,4.37584099999998,2.1486807499313727,33.45051670074463,345.59375,346.171875,0.578125,rho_log_n,8.699514748210191
6000,5,6020278431,3,3,65506,0.0003333333333333333,0.9989997916667552,0.9973903355403931,1.672853833064437,0.17093570798169822,0.09885100007522851,0.02708654198795557,0,32.753,55.0,395948,0.010850708931684494,6.791704799979925e-05,0.08792883309070021,1.9426370001165196,8.699514748210191,8.699514748210191e-06,9.666127498011324e-07,sparse,3.692467000000022,2.1919876250904053,33.312238693237305,346.171875,322.65625,-23.515625,rho_log_n,8.699514748210191
7000,1,7020281427,3,3,77647,0.0005714285714285715,0.9982858370498225,0.9956264590243986,2.02582529198844,0.14084691694006324,0.06818229192867875,0.024871500092558563,0,33.27728571428572,57.0,469678,0.01205408398527652,7.670896593481302e-05,0.05604708299506456,2.234850084874779,8.85366542803745,6.504733783864249e-06,7.227481982071388e-07,sparse,4.717872,2.4848904160317034,39.54957962036133,322.65625,339.40625,16.75,rho_log_n,8.85366542803745
7000,2,7020281428,3,3,77572,0.00028571428571428574,0.9991429185249113,0.9979033345122774,1.9838969160337,0.14480145799461752,0.08858275006059557,0.026909625041298568,0,33.24514285714286,56.0,469126,0.008024332928471267,8.329201955348253e-05,0.08047104207798839,2.2172770410543308,8.85366542803745,6.504733783864249e-06,7.227481982071388e-07,sparse,4.584655999999995,2.487513708998449,39.4999942779541,338.40625,338.203125,-0.203125,rho_log_n,8.85366542803745
7000,3,7020281429,3,3,78639,0.00028571428571428574,0.9991429184723919,0.9977231246628365,2.00960758398287,0.13800233404617757,0.105577209033072,0.02223004202824086,0,33.70242857142857,60.0,475530,0.006865249946713448,6.312504410743713e-05,0.0986460829153657,2.253184375935234,8.85366542803745,6.504733783864249e-06,7.227481982071388e-07,sparse,4.976015000000018,2.498824749956839,40.041014671325684,338.203125,331.546875,-6.65625,rho_log_n,8.85366542803745
7000,4,7020281430,3,3,78364,0.0,1.0,1.0,2.0353784170001745,0.14354324992746115,0.06148608308285475,0.022172499913722277,0,33.58457142857143,56.0,473934,0.007001874968409538,7.337506394833326e-05,0.054407666088081896,2.2404045830480754,8.85366542803745,6.504733783864249e-06,7.227481982071388e-07,sparse,4.660079999999994,2.5048822079552338,39.90439414978027,331.546875,333.203125,1.65625,rho_log_n,8.85366542803745
7000,5,7020281431,3,3,77796,0.00028571428571428574,0.9991429183673531,0.9977231248927578,2.00050116609782,0.13532712496817112,0.08313237491529435,0.020371749997138977,0,33.341142857142856,53.0,470554,0.007957790978252888,8.470797911286354e-05,0.0750863749999553,2.218957165023312,8.85366542803745,6.504733783864249e-06,7.227481982071388e-07,sparse,4.702079999999967,2.4930860829772428,39.62118339538574,333.203125,350.03125,16.828125,rho_log_n,8.85366542803745
8000,1,8020284427,3,3,90775,0.000125,0.9996249999941407,0.9989886648089724,2.3463675840757787,0.15830608294345438,0.07231466693338007,0.026864249957725406,0,34.040625,58.0,549296,0.013841041014529765,6.704090628772974e-05,0.05840366706252098,2.5769854160025716,8.987196820661973,5.05529821162236e-06,5.616998012913733e-07,sparse,5.098767000000009,2.861784207983874,46.27089500427246,350.03125,357.421875,7.390625,rho_log_n,8.987196820661973
8000,2,8020284428,3,3,90755,0.00025,0.9992498593984924,0.9979772867992217,2.347080000094138,0.1654837920796126,0.07158475008327514,0.025993249961175025,0,34.033125,57.0,549190,0.008272165898233652,9.254098404198885e-05,0.06321554200258106,2.5841440410586074,8.987196820661973,5.05529821162236e-06,5.616998012913733e-07,sparse,4.961711999999977,2.902158916927874,46.26432991027832,357.421875,358.0625,0.640625,rho_log_n,8.987196820661973
8000,3,8020284429,3,3,90874,0.00025,0.9992500000586465,0.9981350192533169,2.3682953750249,0.17004879203159362,0.07387475005816668,0.026295042014680803,0,34.07775,56.0,549908,0.009217874961905181,0.00017224997282028198,0.06447699991986156,2.6122112919110805,8.987196820661973,5.05529821162236e-06,5.616998012913733e-07,sparse,4.784689000000014,2.944535791990347,46.32573986053467,358.0625,327.609375,-30.453125,rho_log_n,8.987196820661973
8000,4,8020284430,3,3,90489,0.00025,0.9992501406484485,0.9979773722960797,2.328289541997947,0.15719941700808704,0.15051445795688778,0.019560832995921373,0,33.933375,56.0,547650,0.007889166008681059,7.262500002980232e-05,0.14254908298607916,2.635999833000824,8.987196820661973,5.05529821162236e-06,5.616998012913733e-07,sparse,5.437471999999957,2.913087374996394,46.127685546875,327.609375,344.015625,16.40625,rho_log_n,8.987196820661973
8000,5,8020284431,3,3,89982,0.000125,0.9996249296728543,0.9989886434563329,2.3393841669894755,0.1582968330476433,0.06561804097145796,0.022886249935254455,0,33.74325,58.0,544768,0.007849124958738685,7.14160269126296e-05,0.057694666902534664,2.5632962079253048,8.987196820661973,5.05529821162236e-06,5.616998012913733e-07,sparse,5.033329999999978,2.853564832941629,45.89023303985596,344.015625,353.375,9.359375,rho_log_n,8.987196820661973
9000,1,9020287427,3,3,103724,0.00022222222222222223,0.9993333518765628,0.9981782503180694,2.683188374969177,0.192613416002132,0.08387287508230656,0.028789459029212594,0,34.574666666666666,55.0,628004,0.01696733303833753,7.879198528826237e-05,0.06682304199784994,2.9596709579927847,9.104979856318357,4.0466577139192696e-06,4.4962863487991885e-07,sparse,5.483089000000007,3.278084250050597,52.91514301300049,353.375,366.484375,13.109375,rho_log_n,9.104979856318357
9000,2,9020287428,3,3,103342,0.0003333333333333333,0.9989999445371184,0.9974075229440249,2.670708957943134,0.19053908390924335,0.07311420899350196,0.025799207971431315,0,34.44733333333333,59.0,625688,0.01598412508610636,7.02079851180315e-05,0.057056874968111515,2.9343592498917133,9.104979856318357,4.0466577139192696e-06,4.4962863487991885e-07,sparse,5.447514000000012,3.281180583056994,52.71707534790039,365.484375,370.53125,5.046875,rho_log_n,9.104979856318357
9000,3,9020287429,3,3,103389,0.00044444444444444447,0.9986668149136351,0.9964967071961015,2.6565913750091568,0.19039208302274346,0.08009616704657674,0.028764415998011827,0,34.463,58.0,625874,0.016368124983273447,7.225002627819777e-05,0.06365170900244266,2.9270755420438945,9.104979856318357,4.0466577139192696e-06,4.4962863487991885e-07,sparse,5.46226200000001,3.276753499987535,52.74099826812744,370.53125,371.5625,1.03125,rho_log_n,9.104979856318357
9000,4,9020287430,3,3,103149,0.0003333333333333333,0.9990001667345998,0.9974075905326999,2.6507480000145733,0.17741895897779614,0.0775595000013709,0.026064042001962662,0,34.383,55.0,624482,0.01606262498535216,8.14161030575633e-05,0.06141283398028463,2.905723834061064,9.104979856318357,4.0466577139192696e-06,4.4962863487991885e-07,sparse,5.461987000000022,3.219453459023498,52.62385940551758,371.5625,389.0625,17.5,rho_log_n,9.104979856318357
9000,5,9020287431,3,3,103058,0.0005555555555555556,0.9983336854383824,0.9955858911726474,2.655750500038266,0.178480957983993,0.07634258305188268,0.026199584011919796,0,34.352666666666664,59.0,623944,0.01606908394023776,8.283392526209354e-05,0.060188167029991746,2.9105715429177508,9.104979856318357,4.0466577139192696e-06,4.4962863487991885e-07,sparse,5.459630000000004,3.218258499982767,52.57578372955322,389.0625,388.640625,-0.421875,rho_log_n,9.104979856318357
10000,1,10020290427,3,3,115607,0.0007,0.9979008703420785,0.9944469161156998,2.97997820796445,0.20948749990202487,0.07405900000594556,0.03301779204048216,0,34.6821,60.0,700240,0.010474834009073675,7.137504871934652e-05,0.06350866705179214,3.26352058397606,9.210340371976184,3.3157225339114263e-06,3.6841361487904733e-07,sparse,5.848611000000005,3.6325663330499083,59.020774841308594,388.640625,413.453125,24.8125,rho_log_n,9.210340371976184
10000,2,10020290428,3,3,115830,0.0005,0.998500615130535,0.9961532012177499,3.000859332969412,0.20982200000435114,0.07948504202067852,0.02821445802692324,0,34.749,58.0,701550,0.017561750020831823,6.970798131078482e-05,0.06185091601219028,3.2901637069880962,9.210340371976184,3.3157225339114263e-06,3.6841361487904733e-07,sparse,5.746527999999955,3.649972666054964,59.133466720581055,412.453125,429.140625,16.6875,rho_log_n,9.210340371976184
10000,3,10020290429,3,3,115910,0.0001,0.9996999700000048,0.99917061019078,3.0131751250009984,0.2222448328975588,0.10029029101133347,0.03844708309043199,0,34.773,60.0,701880,0.018756959005258977,9.370897896587849e-05,0.0814360830700025,3.3357067089527845,9.210340371976184,3.3157225339114263e-06,3.6841361487904733e-07,sparse,5.917348000000004,3.7138195829465985,59.15674877166748,429.140625,432.6875,3.546875,rho_log_n,9.210340371976184
10000,4,10020290430,3,3,115906,0.0001,0.9996999700000048,0.99917061019078,3.0939285419881344,0.21672458306420594,0.07995179202407598,0.03028612502384931,0,34.7718,59.0,702034,0.010744165978394449,8.604198228567839e-05,0.06911799998488277,3.3906013329979032,9.210340371976184,3.3157225339114263e-06,3.6841361487904733e-07,sparse,5.934497000000022,3.7578397499164566,59.16487693786621,432.6875,423.984375,-8.703125,rho_log_n,9.210340371976184
10000,5,10020290431,3,3,115636,0.0004,0.9988002401080408,0.9969348672016456,2.9865759999956936,0.21774604101665318,0.09785875002853572,0.031190666020847857,0,34.6908,57.0,700422,0.01926716708112508,7.929198909550905e-05,0.07850908406544477,3.302177584148012,9.210340371976184,3.3157225339114263e-06,3.6841361487904733e-07,sparse,5.913050999999996,3.6774095409782603,59.033315658569336,423.984375,426.296875,2.3125,rho_log_n,9.210340371976184
1000,1,1020263427,3,3,17239,0.0,1.0,1.0,0.4442923750029877,0.03213883296120912,0.03021833300590515,0.004189374973066151,0,51.717,76.0,97144,0.0020210000220686197,3.2334006391465664e-05,0.028161583933979273,0.5066461259266362,13.815510557964274,0.0004973583800867139,5.52620422318571e-05,sparse,1.1784620000000245,0.5533500830642879,7.999755859375,426.296875,426.296875,0.0,rho_2log_n,13.815510557964274
1000,2,1020263428,3,3,17051,0.0,1.0,1.0,0.4721672920277342,0.03057283302769065,0.0315107909264043,0.004169708001427352,0,51.153,78.0,96192,0.0018715830519795418,3.045797348022461e-05,0.02960533299483359,0.5342474990757182,13.815510557964274,0.0004973583800867139,5.52620422318571e-05,sparse,2.4124559999999633,0.5792764170328155,7.916986465454102,426.296875,426.3125,0.015625,rho_2log_n,13.815510557964274
1000,3,1020263429,3,3,17323,0.0,1.0,1.0,0.4795832079835236,0.03099700005259365,0.03199670906178653,0.007175416103564203,0,51.969,79.0,97494,0.0022122079972177744,3.104202914983034e-05,0.029750791960395873,0.5425742500228807,13.815510557964274,0.0004973583800867139,5.52620422318571e-05,sparse,2.542609999999968,0.5980135420104489,8.024750709533691,426.3125,426.625,0.3125,rho_2log_n,13.815510557964274
1000,4,1020263430,3,3,17326,0.0,1.0,1.0,0.483321417006664,0.03196845797356218,0.024173540994524956,0.004918749909847975,0,51.978,76.0,97542,0.0019270830089226365,3.287498839199543e-05,0.02221112500410527,0.5394609579816461,13.815510557964274,0.0004973583800867139,5.52620422318571e-05,sparse,2.4243169999999736,0.5977382080163807,8.030038833618164,426.625,426.640625,0.015625,rho_2log_n,13.815510557964274
1000,5,1020263431,3,3,17279,0.0,1.0,1.0,0.480208000051789,0.03237383393570781,0.02929837501142174,0.009457375039346516,0,51.837,75.0,97452,0.0020705839851871133,3.729201853275299e-05,0.027185000013560057,0.5418747100047767,13.815510557964274,0.0004973583800867139,5.52620422318571e-05,sparse,2.336463999999978,0.6054033749969676,8.023412704467773,426.640625,427.140625,0.5,rho_2log_n,13.815510557964274
2000,1,2020266427,3,3,38381,0.0,1.0,0.9999999999999998,1.0325917499139905,0.0680143340723589,0.041193208075128496,0.006513584055937827,0,57.5715,85.0,222976,0.0038856250466778874,4.595797508955002e-05,0.037257458083331585,1.1417951250914484,15.201804919084164,0.00013681624427175747,1.5201804919084165e-05,sparse,3.473729999999989,1.2650652079610154,18.60883331298828,427.140625,403.234375,-23.90625,rho_2log_n,15.201804919084164
2000,2,2020266428,3,3,38445,0.0,1.0,0.9999999999999998,1.034924166975543,0.07431829092092812,0.14002887497190386,0.011816999991424382,0,57.6675,84.0,223228,0.004191917018033564,0.00037516700103878975,0.1354577080346644,1.2492672499502078,15.201804919084164,0.00013681624427175747,1.5201804919084165e-05,sparse,2.72805900000003,1.524806624976918,18.632311820983887,403.234375,292.109375,-111.125,rho_2log_n,15.201804919084164
2000,3,2020266429,3,3,38215,0.0,1.0,0.9999999999999998,1.0417669580783695,0.07127641700208187,0.04604770801961422,0.011660791002213955,0,57.3225,82.0,222246,0.0036958750570192933,4.958396311849356e-05,0.04229933302849531,1.1590881671290845,15.201804919084164,0.00013681624427175747,1.5201804919084165e-05,sparse,2.7047850000000153,1.2859887089580297,18.54137897491455,292.109375,279.40625,-12.703125,rho_2log_n,15.201804919084164
2000,4,2020266430,3,3,38066,0.0,1.0,0.9999999999999998,1.1317132910480723,0.07471049996092916,0.03919495898298919,0.009516042075119913,0,57.099,83.0,221262,0.0039752909215167165,0.00010729208588600159,0.03510733298026025,1.2456137069966644,15.201804919084164,0.00013681624427175747,1.5201804919084165e-05,sparse,3.2308439999999905,1.4021238340064883,18.463119506835938,279.40625,281.90625,2.5,rho_2log_n,15.201804919084164
2000,5,2020266431,3,3,38153,0.0,1.0,0.9999999999999998,1.0118627500487491,0.06846104096621275,0.04342983406968415,0.006891666911542416,0,57.2295,84.0,222042,0.004151083063334227,8.699996396899223e-05,0.039186791982501745,1.1237486660247669,15.201804919084164,0.00013681624427175747,1.5201804919084165e-05,sparse,2.8518760000000043,1.2613871250068769,18.517343521118164,281.90625,285.21875,3.3125,rho_2log_n,15.201804919084164
3000,1,3020269427,3,3,60332,0.0,1.0,1.0,1.5899369160179049,0.11087183398194611,0.04885416605975479,0.009779165964573622,0,60.332,89.0,354850,0.005959415924735367,0.000641333987005055,0.04224862495902926,1.7496581248706207,16.012735135300492,6.405094054120197e-05,7.116771171244663e-06,sparse,4.259795999999994,1.9726277079898864,29.722667694091797,285.21875,298.421875,13.203125,rho_2log_n,16.012735135300492
3000,2,3020269428,3,3,60117,0.0,1.0,1.0,1.5806289579486474,0.1068148750346154,0.04679012508131564,0.011589290923438966,0,60.117,87.0,353200,0.005373166990466416,4.866591189056635e-05,0.04136504197958857,1.7342307078652084,16.012735135300492,6.405094054120197e-05,7.116771171244663e-06,sparse,3.9716019999999617,1.9310171660035849,29.58883762359619,298.421875,303.21875,4.796875,rho_2log_n,16.012735135300492
3000,3,3020269429,3,3,60573,0.0,1.0,1.0,1.5805084590101615,0.10619883297476918,0.04498837504070252,0.009878542041406035,0,60.573,89.0,355838,0.005412207916378975,4.254200030118227e-05,0.039529999950900674,1.7316920418525115,16.012735135300492,6.405094054120197e-05,7.116771171244663e-06,sparse,3.800962000000027,1.9076187919126824,29.815126419067383,303.21875,318.328125,15.109375,rho_2log_n,16.012735135300492
3000,4,3020269430,3,3,60292,0.0,1.0,1.0,1.542222333024256,0.10804249998182058,0.05948708299547434,0.013241791049949825,0,60.292,88.0,354472,0.005333416978828609,4.1375053115189075e-05,0.05410862492863089,1.7097482499666512,16.012735135300492,6.405094054120197e-05,7.116771171244663e-06,sparse,4.281747999999993,1.9213887080550194,29.690149307250977,318.328125,326.046875,7.71875,rho_2log_n,16.012735135300492
3000,5,3020269431,3,3,60553,0.0,1.0,1.0,1.5979426249396056,0.10775149997789413,0.04520716599654406,0.008507874910719693,0,60.553,90.0,355900,0.0054341250797733665,5.216698627918959e-05,0.03971824992913753,1.7508986669126898,16.012735135300492,6.405094054120197e-05,7.116771171244663e-06,sparse,3.674747000000025,1.9201435840222985,29.808744430541992,326.046875,326.40625,0.359375,rho_2log_n,16.012735135300492
4000,1,4020272427,3,3,83569,0.0,1.0,1.0,2.154406000045128,0.15049645793624222,0.062162083107978106,0.01616399991326034,0,62.67675,97.0,494230,0.007965833996422589,6.166601087898016e-05,0.05413124989718199,2.367061207885854,16.588099280204055,3.7323223380459124e-05,4.1470248200510135e-06,sparse,4.775214000000005,2.6703275829786435,41.473538398742676,326.40625,332.03125,5.625,rho_2log_n,16.588099280204055
4000,2,4020272428,3,3,83783,0.0,1.0,1.0,2.168537832912989,0.1504279999062419,0.051338333054445684,0.014528415980748832,0,62.83725,96.0,495544,0.007301792036741972,5.579204298555851e-05,0.04397683299612254,2.370300249895081,16.588099280204055,3.7323223380459124e-05,4.1470248200510135e-06,sparse,4.796066999999994,2.632265583029948,41.57620429992676,332.03125,337.3125,5.28125,rho_2log_n,16.588099280204055
4000,3,4020272429,3,3,84087,0.0,1.0,1.0,2.311812874977477,0.1605276659829542,0.05219362489879131,0.013739833026193082,0,63.06525,94.0,497242,0.007473542005755007,5.8916048146784306e-05,0.044657999998889863,2.5245309990132228,16.588099280204055,3.7323223380459124e-05,4.1470248200510135e-06,sparse,4.874036999999987,2.7858810829930007,41.72279644012451,337.3125,348.59375,11.28125,rho_2log_n,16.588099280204055
4000,4,4020272430,3,3,83731,0.0,1.0,1.0,2.1678731250576675,0.1573915840126574,0.06056495802477002,0.0137305409880355,0,62.79825,92.0,495210,0.007534708012826741,0.00014245801139622927,0.05288420896977186,2.3858260840643197,16.588099280204055,3.7323223380459124e-05,4.1470248200510135e-06,sparse,4.763119000000017,2.679877792019397,41.546281814575195,348.59375,351.09375,2.5,rho_2log_n,16.588099280204055
4000,5,4020272431,3,3,83442,0.0,1.0,1.0,2.1550292500760406,0.14437695895321667,0.08005150000099093,0.014890999998897314,0,62.5815,93.0,493516,0.007480167085304856,8.37499974295497e-05,0.07248345902189612,2.379453585133888,16.588099280204055,3.7323223380459124e-05,4.1470248200510135e-06,sparse,4.951572999999996,2.6496363329933956,41.40698432922363,351.09375,353.046875,1.953125,rho_2log_n,16.588099280204055
5000,1,5020275427,3,3,107879,0.0,1.0,1.0,2.7856124590616673,0.19358108390588313,0.05492512497585267,0.019401583005674183,0,64.7274,90.0,640198,0.009199916967190802,6.470794323831797e-05,0.04565641703084111,3.0341145849088207,17.034386382832476,2.4529516391278766e-05,2.725501821253196e-06,sparse,5.5296109999999885,3.3661657080519944,53.767507553100586,353.046875,370.21875,17.171875,rho_2log_n,17.034386382832476
5000,2,5020275428,3,3,106839,0.0,1.0,1.0,2.794616415980272,0.19818962493445724,0.05949424998834729,0.021118334028869867,0,64.1034,93.0,634248,0.009828542009927332,7.220800034701824e-05,0.049589875037781894,3.0522966659627855,17.034386382832476,2.4529516391278766e-05,2.725501821253196e-06,sparse,5.405166999999949,3.4190830420702696,53.26481628417969,370.21875,370.515625,0.296875,rho_2log_n,17.034386382832476
5000,3,5020275429,3,3,107344,0.0,1.0,1.0,2.7945302090374753,0.19494058389682323,0.05752145801670849,0.013427083031274378,0,64.4064,100.0,637516,0.009465916897170246,7.420906331390142e-05,0.04797845904249698,3.0469893779372796,17.034386382832476,2.4529516391278766e-05,2.725501821253196e-06,sparse,5.439391999999998,3.401657540933229,53.53588104248047,370.515625,370.65625,0.140625,rho_2log_n,17.034386382832476
5000,4,5020275430,3,3,107614,0.0,1.0,1.0,2.785114499973133,0.20755491708405316,0.0578631249954924,0.016703874920494854,0,64.5684,95.0,638696,0.010009624995291233,7.250008638948202e-05,0.04777774994727224,3.0505292920861393,17.034386382832476,2.4529516391278766e-05,2.725501821253196e-06,sparse,5.4054270000000315,3.4322465419536456,53.64141654968262,370.65625,374.84375,4.1875,rho_2log_n,17.034386382832476
5000,5,5020275431,3,3,107033,0.0,1.0,1.0,2.8223629579879344,0.21089883300010115,0.06435204099398106,0.021386916982010007,0,64.2198,96.0,635720,0.013958916999399662,9.383296128362417e-05,0.05029549996834248,3.0976100409170613,17.034386382832476,2.4529516391278766e-05,2.725501821253196e-06,sparse,5.0126280000000065,3.4981156249996275,53.37491226196289,374.84375,374.890625,0.046875,rho_2log_n,17.034386382832476
6000,1,6020278427,3,3,131352,0.0,1.0,1.0,3.4722138750366867,0.2620525829261169,0.08559716690797359,0.019468000042252243,0,65.676,106.0,781660,0.012976582976989448,8.016591891646385e-05,0.0725372500019148,3.8198604568606243,17.399029496420383,1.7399029496420382e-05,1.933225499602265e-06,sparse,6.181970000000035,4.2591369590954855,65.682448387146,374.890625,384.796875,9.90625,rho_2log_n,17.399029496420383
6000,2,6020278428,3,3,131208,0.0,1.0,1.0,3.329152917023748,0.25087479094509035,0.06891483394429088,0.024419875000603497,0,65.604,97.0,780728,0.013014917029067874,7.858301978558302e-05,0.05581712501589209,3.648938333033584,17.399029496420383,1.7399029496420382e-05,1.933225499602265e-06,sparse,6.006610999999964,4.099706542096101,65.60635089874268,384.796875,387.671875,2.875,rho_2log_n,17.399029496420383
6000,3,6020278429,3,3,131826,0.0,1.0,1.0,3.407292167074047,0.2535243339370936,0.06056345906108618,0.018601333955302835,0,65.913,94.0,784590,0.011769749922677875,6.620900239795446e-05,0.048724332940764725,3.721376792876981,17.399029496420383,1.7399029496420382e-05,1.933225499602265e-06,sparse,6.152345000000025,4.12600891594775,65.92130470275879,387.671875,396.09375,8.421875,rho_2log_n,17.399029496420383
6000,4,6020278430,3,3,131897,0.0,1.0,1.0,3.382720125024207,0.25507804099470377,0.06496679200790823,0.02027225005440414,0,65.9485,101.0,785060,0.012031124904751778,7.43749551475048e-05,0.05285695905331522,3.702760624932125,17.399029496420383,1.7399029496420382e-05,1.933225499602265e-06,sparse,6.1563959999999724,4.126028041006066,65.96657180786133,396.09375,405.0625,8.96875,rho_2log_n,17.399029496420383
6000,5,6020278431,3,3,130771,0.0,1.0,1.0,3.340355291031301,0.24894770793616772,0.06339408294297755,0.023253833991475403,0,65.3855,103.0,778464,0.012051958008669317,7.895799353718758e-05,0.05125691695138812,3.6526908319210634,17.399029496420383,1.7399029496420382e-05,1.933225499602265e-06,sparse,6.159569000000033,4.045554874930531,65.40993309020996,405.0625,405.734375,0.671875,rho_2log_n,17.399029496420383
7000,1,7020281427,3,3,156877,0.0,1.0,1.0,4.017081042053178,0.28183883300516754,0.07910091697704047,0.019865625072270632,0,67.233,96.0,935484,0.013118790928274393,7.637497037649155e-05,0.06590283301193267,4.378017873968929,17.7073308560749,1.3009467567728498e-05,1.4454963964142777e-06,sparse,7.13803699999994,4.836571833002381,78.62860107421875,405.734375,445.484375,39.75,rho_2log_n,17.7073308560749
7000,2,7020281428,3,3,155936,0.0,1.0,1.0,3.984016624977812,0.2793691249098629,0.08818429103121161,0.021093167015351355,0,66.82971428571429,100.0,929778,0.013185457908548415,6.41250517219305e-05,0.07493116706609726,4.351566499914043,17.7073308560749,1.3009467567728498e-05,1.4454963964142777e-06,sparse,7.106576000000018,4.805780583061278,78.14925193786621,442.484375,447.96875,5.484375,rho_2log_n,17.7073308560749
7000,3,7020281429,3,3,156215,0.0,1.0,1.0,3.9719280829885975,0.27778808306902647,0.10511895804665983,0.01936829194892198,0,66.94928571428571,99.0,931324,0.01303020806517452,7.474992889910936e-05,0.09201112505979836,4.354832249111496,17.7073308560749,1.3009467567728498e-05,1.4454963964142777e-06,sparse,7.297595999999999,4.822214167099446,78.29338932037354,445.96875,471.46875,25.5,rho_2log_n,17.7073308560749
7000,4,7020281430,3,3,155807,0.0,1.0,1.0,4.013292834046297,0.29535766702611,0.06658724998123944,0.022348916972987354,0,66.77442857142857,100.0,928992,0.014039459056220949,7.720803841948509e-05,0.05246666690800339,4.375233835075051,17.7073308560749,1.3009467567728498e-05,1.4454963964142777e-06,sparse,7.009986000000026,4.864358290913515,78.08602142333984,470.46875,456.21875,-14.25,rho_2log_n,17.7073308560749
7000,5,7020281431,3,3,155610,0.0,1.0,1.0,3.99292200000491,0.2995790420100093,0.07393408298958093,0.021371582988649607,0,66.69,106.0,927918,0.01319412502925843,6.5250089392066e-05,0.06067129108123481,4.3664317082148045,17.7073308560749,1.3009467567728498e-05,1.4454963964142777e-06,sparse,7.065517,4.838189541944303,77.99062538146973,456.21875,459.59375,3.375,rho_2log_n,17.7073308560749
8000,1,8020284427,3,3,180982,0.0,1.0,1.0,4.624906499986537,0.33204295800533146,0.06596475001424551,0.03243100002873689,0,67.86825,103.0,1080902,0.01502649998292327,6.608397234231234e-05,0.050868666963651776,5.022910708910786,17.974393641323946,1.011059642324472e-05,1.1233996025827465e-06,sparse,7.763692999999989,5.5576597090112045,90.88272857666016,459.59375,494.609375,35.015625,rho_2log_n,17.974393641323946
8000,2,8020284428,3,3,180874,0.0,1.0,1.0,4.641669458942488,0.35942020802758634,0.07768166693858802,0.024397875065915287,0,67.82775,104.0,1079984,0.016862457967363298,7.624994032084942e-05,0.06073849997483194,5.07876687485259,17.974393641323946,1.011059642324472e-05,1.1233996025827465e-06,sparse,7.722924999999918,5.6815776659641415,90.8085994720459,492.609375,496.5,3.890625,rho_2log_n,17.974393641323946
8000,3,8020284429,3,3,181253,0.0,1.0,1.0,4.6753994999453425,0.33179212489631027,0.06664979201741517,0.020175290992483497,0,67.969875,103.0,1082484,0.015074249939061701,6.687501445412636e-05,0.051505957962945104,5.073838707758114,17.974393641323946,1.011059642324472e-05,1.1233996025827465e-06,sparse,7.783566000000064,5.587149541010149,91.01263427734375,495.5,506.703125,11.203125,rho_2log_n,17.974393641323946
8000,4,8020284430,3,3,181056,0.0,1.0,1.0,4.678732082946226,0.3402045000111684,0.07331175007857382,0.022448417032137513,0,67.896,102.0,1081390,0.015119791962206364,8.087500464171171e-05,0.0581077499082312,5.092244999832474,17.974393641323946,1.011059642324472e-05,1.1233996025827465e-06,sparse,7.8394120000000385,5.649042707984336,90.91629028320312,506.703125,506.609375,-0.09375,rho_2log_n,17.974393641323946
8000,5,8020284431,3,3,180161,0.0,1.0,1.0,4.7369075829628855,0.3354662909405306,0.07403895806055516,0.025958374957554042,0,67.560375,99.0,1075812,0.01584520807955414,8.699996396899223e-05,0.058102334034629166,5.146408415981568,17.974393641323946,1.011059642324472e-05,1.1233996025827465e-06,sparse,7.664827000000059,5.693629750050604,90.45463371276855,506.609375,419.203125,-87.40625,rho_2log_n,17.974393641323946
9000,1,9020287427,3,3,206209,0.0,1.0,1.0,5.392453542095609,0.3884457079693675,0.0884688749210909,0.033181041944772005,0,68.73633333333333,103.0,1232688,0.01779558404814452,0.00010108295828104019,0.07056912500411272,5.869365042075515,18.209959712636714,8.093315427838539e-06,8.992572697598377e-07,sparse,8.735889000000043,6.548466834006831,103.67019271850586,419.203125,417.9375,-1.265625,rho_2log_n,18.209959712636714
9000,2,9020287428,3,3,206332,0.0,1.0,1.0,5.3807512080529705,0.388039082987234,0.08152787503786385,0.031677624909207225,0,68.77733333333333,102.0,1233214,0.019437082926742733,0.0002479169052094221,0.06183616607449949,5.850311456946656,18.209959712636714,8.093315427838539e-06,8.992572697598377e-07,sparse,8.51606599999991,6.538089707959443,103.71233558654785,415.9375,435.15625,19.21875,rho_2log_n,18.209959712636714
9000,3,9020287429,3,3,207092,0.0,1.0,1.0,5.41929800005164,0.4414320830255747,0.08157712500542402,0.03238879202399403,0,69.03066666666666,104.0,1237982,0.01849662500899285,9.324995335191488e-05,0.06298337504267693,5.942303333082236,18.209959712636714,8.093315427838539e-06,8.992572697598377e-07,sparse,8.622732000000042,6.613950958009809,104.1071605682373,433.15625,447.40625,14.25,rho_2log_n,18.209959712636714
9000,4,9020287430,3,3,205515,0.0,1.0,1.0,5.303875375073403,0.37671291606966406,0.07519550004508346,0.030059417011216283,0,68.505,98.0,1228488,0.019139999989420176,8.999998681247234e-05,0.055962415994144976,5.755780707113445,18.209959712636714,8.093315427838539e-06,8.992572697598377e-07,sparse,8.526865000000043,6.435162790934555,103.31413459777832,446.40625,457.3125,10.90625,rho_2log_n,18.209959712636714
9000,5,9020287431,3,3,205717,0.0,1.0,1.0,5.322151875006966,0.39054420799948275,0.09703087504021823,0.021776749985292554,0,68.57233333333333,104.0,1229900,0.017775957938283682,0.0003405000315979123,0.07891079201363027,5.809723332989961,18.209959712636714,8.093315427838539e-06,8.992572697598377e-07,sparse,8.774158000000057,6.413549666991457,103.43281173706055,457.3125,458.40625,1.09375,rho_2log_n,18.209959712636714
10000,1,10020290427,3,3,232588,0.0,1.0,1.0,6.005161124980077,0.4805625840090215,0.0927617090055719,0.031859332928434014,0,69.7764,105.0,1391430,0.019783499999903142,0.00019429204985499382,0.07277929200790823,6.578480793046765,18.420680743952367,6.6314450678228525e-06,7.368272297580947e-07,sparse,9.570435999999972,7.275615041027777,117.03173637390137,458.40625,520.5,62.09375,rho_2log_n,18.420680743952367
10000,2,10020290428,3,3,231823,0.0,1.0,1.0,6.056871417094953,0.4569180420367047,0.08127104199957103,0.034398999996483326,0,69.5469,102.0,1387056,0.019827833981253207,7.625005673617125e-05,0.061362957931123674,6.595056501100771,18.420680743952367,6.6314450678228525e-06,7.368272297580947e-07,sparse,9.382984000000079,7.297956124995835,116.66661167144775,518.5,524.3125,5.8125,rho_2log_n,18.420680743952367
10000,3,10020290429,3,3,232094,0.0,1.0,1.0,6.308770083007403,0.46779033297207206,0.08263883297331631,0.03210499999113381,0,69.6282,113.0,1388570,0.020712667028419673,0.00010175001807510853,0.06182033393997699,6.8591951669659466,18.420680743952367,6.6314450678228525e-06,7.368272297580947e-07,sparse,9.442885000000047,7.5930180420400575,116.7923469543457,523.3125,461.609375,-61.703125,rho_2log_n,18.420680743952367
10000,4,10020290430,3,3,232476,0.0,1.0,1.0,6.289924083976075,0.44454204197973013,0.07734083291143179,0.02501566708087921,0,69.7428,99.0,1390960,0.019612999982200563,7.112498860806227e-05,0.057653749943710864,6.811804000870325,18.420680743952367,6.6314450678228525e-06,7.368272297580947e-07,sparse,9.605654999999956,7.544928541989066,116.99010848999023,460.609375,467.34375,6.734375,rho_2log_n,18.420680743952367
10000,5,10020290431,3,3,231807,0.0,1.0,1.0,5.927642958937213,0.43759420793503523,0.07719433296006173,0.025673083029687405,0,69.5421,111.0,1386908,0.01949737500399351,8.862500544637442e-05,0.05760504107456654,6.4424282079562545,18.420680743952367,6.6314450678228525e-06,7.368272297580947e-07,sparse,9.366704000000027,7.121038125013001,116.65770721435547,467.34375,477.046875,9.703125,rho_2log_n,18.420680743952367
