rho_n,method,rep,seed,n,K,m,num_hyperedges_total,misclassification_rate,ARI,NMI,generation_wall_sec,zhou_theta_build_wall_sec,spectral_clustering_wall_sec,metric_wall_sec,num_isolated_nodes,isolated_fraction,hypergraph_degree_mean,hypergraph_degree_max,expected_hyperedges_total,expected_hyperedges_per_n,expected_degree_mean,candidate_within_fraction,rs_sample_matrix_wall_sec,rs_eig_wall_sec,rs_original_upper_nnz,rs_sampled_upper_nnz,rs_sampling_probability,rs_sampled_theta_nnz,eigen_decomposition_wall_sec,embedding_normalize_wall_sec,kmeans_wall_sec,top_eigenvalue_max,top_eigenvalue_min,algorithm_total_wall_sec,p_in,p_out,sampling_mode,cpu_time_sec,wall_clock_sec,peak_traced_memory_mb,rss_before_mb,rss_after_mb,rss_delta_mb
0.25,Random sampling,1,45260428,5000,3,3,1524,0.6468,0.0011190789827202697,0.0019374442269768938,0.050521875033155084,0.006656416924670339,0.4185094170970842,0.018556916969828308,2015,0.403,0.9144,7.0,1572.2415184000001,0.31444830368000004,0.9433449110400001,0.11097779555911182,0.001200541970320046,0.01033000007737428,7555,5318,0.7,8545,0.011552874930202961,0.00022887508384883404,0.4067195829702541,1.4285714285714293,1.3748133185417903,0.47567962494213134,3.6e-07,4e-08,sparse,2.8137029999999994,0.5086274170316756,2.8692312240600586,257.90625,265.71875,7.8125
0.25,Random sampling,2,45260429,5000,3,3,1588,0.6612,-6.663635126073585e-05,0.00034432488366988246,0.06764083297457546,0.008131625014357269,0.08312204107642174,0.02017037500627339,1915,0.383,0.9528,6.0,1572.2415184000001,0.31444830368000004,0.9433449110400001,0.11097779555911182,0.0012662089429795742,0.008678208920173347,7849,5425,0.7,8697,0.009957124944776297,0.0001289580250158906,0.07303037506062537,1.4285714285714264,1.3526977722868816,0.1588889160193503,3.6e-07,4e-08,sparse,1.5934740000000005,0.1987955420045182,2.881650924682617,265.71875,269.15625,3.4375
0.25,Random sampling,3,45260430,5000,3,3,1601,0.6598,9.600931728694481e-05,0.0004159759460358851,0.07456199999433011,0.010780457989312708,0.11380804202053696,0.02811158401891589,1980,0.396,0.9606,6.0,1572.2415184000001,0.31444830368000004,0.9433449110400001,0.11097779555911182,0.0016339169815182686,0.015380374970845878,7822,5500,0.7,8889,0.017027541995048523,0.00010216701775789261,0.09667462494689971,1.4285714285714286,1.368604994511347,0.19914679194334894,3.6e-07,4e-08,sparse,1.9072689999999994,0.24193958297837526,2.887028694152832,269.15625,270.21875,1.0625
0.25,Random sampling,4,45260431,5000,3,3,1542,0.6598,-0.00019842513855913895,0.00020477997491012354,0.07221633300650865,0.008451291942037642,0.10700062511023134,0.017440374940633774,1982,0.3964,0.9252,7.0,1572.2415184000001,0.31444830368000004,0.9433449110400001,0.11097779555911182,0.0008935410296544433,0.01410583290271461,7643,5297,0.7,8506,0.015010292059741914,0.00010541698429733515,0.09188158309552819,1.4285714285714293,1.390423518718048,0.18766491708811373,3.6e-07,4e-08,sparse,1.756933,0.22139275004155934,2.8612537384033203,270.21875,271.015625,0.796875
0.25,Random sampling,5,45260432,5000,3,3,1534,0.6526,0.00020669634914276095,0.0006359590130269772,0.06618454202543944,0.006942208972759545,0.0836129590170458,0.02079170907381922,1998,0.3996,0.9204,7.0,1572.2415184000001,0.31444830368000004,0.9433449110400001,0.11097779555911182,0.0018867501057684422,0.013840415980666876,7603,5293,0.7,8482,0.015744458069093525,0.00018504192121326923,0.0676771670114249,1.428571428571428,1.3750781835330843,0.15673341799993068,3.6e-07,4e-08,sparse,1.5121790000000015,0.19264749996364117,2.857241630554199,271.015625,271.4375,0.421875
0.25,Random sampling,6,45260433,5000,3,3,1566,0.6496,0.0008135278360213318,0.0013666774940268175,0.0749629579950124,0.009619917022064328,0.07979612494818866,0.023341292049735785,1944,0.3888,0.9396,6.0,1572.2415184000001,0.31444830368000004,0.9433449110400001,0.11097779555911182,0.001646250020712614,0.014686375041492283,7750,5487,0.7,8836,0.016352750011719763,0.00019641604740172625,0.06324154196772724,1.4285714285714288,1.3528427095009559,0.16437358304392546,3.6e-07,4e-08,sparse,1.5294649999999983,0.2102798749692738,2.874246597290039,271.4375,273.65625,2.21875
0.25,Random sampling,7,45260434,5000,3,3,1513,0.651,0.0005693410597666127,0.0010656141248672087,0.07063962507527322,0.007583667058497667,0.11323545791674405,0.02836712507996708,2013,0.4026,0.9078,6.0,1572.2415184000001,0.31444830368000004,0.9433449110400001,0.11097779555911182,0.0009271249873563647,0.01555416698101908,7526,5315,0.7,8506,0.016493542003445327,9.904196485877037e-05,0.09663937508594245,1.4285714285714328,1.3775534067570325,0.19145525118801743,3.6e-07,4e-08,sparse,1.866071999999999,0.23771687503904104,2.8501815795898438,273.65625,273.84375,0.1875
0.25,Random sampling,8,45260435,5000,3,3,1566,0.6538,6.5576155136501e-05,0.0006096397265145727,0.07815141708124429,0.0073112080572173,0.08354408293962479,0.02161950001027435,1999,0.3998,0.9396,6.0,1572.2415184000001,0.31444830368000004,0.9433449110400001,0.11097779555911182,0.0009377499809488654,0.014745709020644426,7699,5374,0.7,8659,0.015701791970059276,0.0001841250341385603,0.06765308300964534,1.4285714285714297,1.348394192296521,0.16900162515230477,3.6e-07,4e-08,sparse,1.588510000000003,0.20656462502665818,2.871274948120117,273.84375,275.421875,1.578125
0.25,Random sampling,9,45260436,5000,3,3,1623,0.6558,5.740702344628399e-05,0.0004443986584968683,0.07462474994827062,0.01138433301821351,0.11455379193648696,0.02361270901747048,1877,0.3754,0.9738,5.0,1572.2415184000001,0.31444830368000004,0.9433449110400001,0.11097779555911182,0.0016673749778419733,0.022412542020902038,7991,5518,0.7,8923,0.024092166917398572,0.00010291696526110172,0.09035437495913357,1.42857142857143,1.3364426954639452,0.20055854180827737,3.6e-07,4e-08,sparse,1.5503579999999992,0.2452375409193337,2.896946907043457,275.421875,275.75,0.328125
0.25,Random sampling,10,45260437,5000,3,3,1578,0.6604,-0.0001217692058836129,0.00027437082303726585,0.06779458397068083,0.010628333082422614,0.10437833401374519,0.022163332905620337,1936,0.3872,0.9468,6.0,1572.2415184000001,0.31444830368000004,0.9433449110400001,0.11097779555911182,0.0009406249737367034,0.011202499968931079,7798,5431,0.7,8723,0.012153249932453036,0.0001088329590857029,0.09211245796177536,1.4285714285714293,1.375078183534812,0.18279745790641755,3.6e-07,4e-08,sparse,1.776129000000001,0.22320424998179078,2.8774843215942383,275.75,275.828125,0.078125
0.5,Random sampling,1,70260428,5000,3,3,3182,0.6574,0.00010274205044146795,0.0004924097277019434,0.1324845829512924,0.009451832971535623,0.0735247079282999,0.02259691699873656,773,0.1546,1.9092,9.0,3144.4830368000003,0.6288966073600001,1.8866898220800001,0.11097779555911182,0.0012695000041276217,0.011674124980345368,13770,9601,0.7,16228,0.012954749981872737,8.37499974295497e-05,0.06048208405263722,1.428571428571429,1.3229629963134473,0.21545699995476753,7.2e-07,8e-08,sparse,1.691034000000002,0.271667042048648,3.5694618225097656,275.828125,276.5625,0.734375
0.5,Random sampling,2,70260429,5000,3,3,3063,0.6464,0.001283094372181645,0.003034402111027044,0.1382067920640111,0.009878250071778893,0.11453362507745624,0.020814792020246387,795,0.159,1.8378,8.0,3144.4830368000003,0.6288966073600001,1.8866898220800001,0.11097779555911182,0.0011438339715823531,0.011295084026642144,13390,9397,0.7,15819,0.012449916917830706,8.558400440961123e-05,0.10199437499977648,1.428571428571428,1.3138440891659253,0.2626149180578068,7.2e-07,8e-08,sparse,1.9752740000000024,0.309625166002661,3.522430419921875,276.5625,278.171875,1.609375
0.5,Random sampling,3,70260430,5000,3,3,3114,0.655,0.0005139145959233335,0.0016176593763545077,0.12420762504916638,0.010149375069886446,0.0753270419081673,0.020643291994929314,782,0.1564,1.8684,9.0,3144.4830368000003,0.6288966073600001,1.8866898220800001,0.11097779555911182,0.0012014169478788972,0.011091332999058068,13556,9467,0.7,15987,0.01230291707906872,8.316710591316223e-05,0.06293795898091048,1.428571428571427,1.3254753644143913,0.2096810432849452,7.2e-07,8e-08,sparse,1.7016420000000032,0.2594535000389442,3.5426130294799805,278.171875,278.375,0.203125
0.5,Random sampling,4,70260431,5000,3,3,3152,0.651,0.0008319659719936432,0.0018978850872407359,0.13542887498624623,0.010280332993716002,0.06436345796100795,0.018331500003114343,769,0.1538,1.8912,10.0,3144.4830368000003,0.6288966073600001,1.8866898220800001,0.11097779555911182,0.0011251249816268682,0.010295749991200864,13685,9661,0.7,16365,0.011454959050752223,0.00017200002912431955,0.05272937496192753,1.3750781835353487,1.2937238017952295,0.2100655420217663,7.2e-07,8e-08,sparse,1.703876000000001,0.26304891705513,3.5605344772338867,278.375,279.984375,1.609375
0.5,Random sampling,5,70260432,5000,3,3,3234,0.647,0.0013490722674192154,0.0016116121403878883,0.14177754102274776,0.00996100006159395,0.16635408299043775,0.01767833298072219,709,0.1418,1.9404,9.0,3144.4830368000003,0.6288966073600001,1.8866898220800001,0.11097779555911182,0.0011892500333487988,0.015034458017908037,13985,9813,0.7,16670,0.016234625014476478,8.412497118115425e-05,0.15003041608724743,1.3123117236580222,1.293624846101603,0.31808770715724677,7.2e-07,8e-08,sparse,2.4748680000000007,0.3681308750528842,3.5939064025878906,279.984375,281.859375,1.875
0.5,Random sampling,6,70260433,5000,3,3,3157,0.6476,0.001685880804242888,0.004102150782793496,0.12065708299633116,0.009366667014546692,0.1803024170221761,0.018823667080141604,754,0.1508,1.8942,9.0,3144.4830368000003,0.6288966073600001,1.8866898220800001,0.11097779555911182,0.0013959161005914211,0.01604508305899799,13709,9613,0.7,16264,0.01745116605889052,0.0001294170506298542,0.16271845798473805,1.3009765750327986,1.2820547102929982,0.3103227911051363,7.2e-07,8e-08,sparse,2.4875490000000013,0.35817683406639844,3.5615482330322266,281.859375,282.015625,0.15625
0.5,Random sampling,7,70260434,5000,3,3,3131,0.664,-0.00010492135290704034,0.00017741947409941826,0.11223929200787097,0.00954466697294265,0.06583733402658254,0.017379124998115003,764,0.1528,1.8786,8.0,3144.4830368000003,0.6288966073600001,1.8866898220800001,0.11097779555911182,0.001158250030130148,0.012382208951748908,13625,9475,0.7,16025,0.013550583040341735,8.170900400727987e-05,0.05220104206819087,1.4285714285714315,1.3078112947530274,0.1876172930933535,7.2e-07,8e-08,sparse,1.7111429999999999,0.24536758300382644,3.5472211837768555,282.015625,282.0625,0.046875
0.5,Random sampling,8,70260435,5000,3,3,3175,0.6552,0.0002678005968030453,0.0006821989270559837,0.1497269170358777,0.014889166108332574,0.1224916250212118,0.0235252499114722,697,0.1394,1.905,8.0,3144.4830368000003,0.6288966073600001,1.8866898220800001,0.11097779555911182,0.001858582952991128,0.011193040991201997,13821,9576,0.7,16146,0.013067375053651631,0.00013758393470197916,0.10928000009153038,1.428571428571427,1.308136364229821,0.28710104222409427,7.2e-07,8e-08,sparse,1.9338479999999976,0.34199200000148267,3.567898750305176,282.0625,282.09375,0.03125
0.5,Random sampling,9,70260436,5000,3,3,3112,0.6544,0.0003179402027042569,0.00142837352780218,0.11634574993513525,0.009639792027883232,0.06322700006421655,0.018065666896291077,781,0.1562,1.8672,10.0,3144.4830368000003,0.6288966073600001,1.8866898220800001,0.11097779555911182,0.0011360408971086144,0.012098917039111257,13551,9469,0.7,15957,0.01324720901902765,8.437503129243851e-05,0.049891957896761596,1.4285714285714293,1.2894398554760174,0.18920908391010016,7.2e-07,8e-08,sparse,1.6323349999999976,0.24120658391620964,3.5416336059570312,282.09375,282.953125,0.859375
0.5,Random sampling,10,70260437,5000,3,3,3130,0.6418,0.0030231574456489403,0.002838184368559111,0.1371673330431804,0.009272249997593462,0.13716054207179695,0.020051083993166685,770,0.154,1.878,8.0,3144.4830368000003,0.6288966073600001,1.8866898220800001,0.11097779555911182,0.001082250033505261,0.02281954197678715,13613,9498,0.7,16025,0.023913166020065546,9.312492329627275e-05,0.11315020802430809,1.3055846668109208,1.3009765750327904,0.2835960820084438,7.2e-07,8e-08,sparse,2.481125000000006,0.3397077909903601,3.547637939453125,282.953125,283.734375,0.78125
1.0,Random sampling,1,120260428,5000,3,3,6228,0.6622,-8.120887908814638e-06,0.0008011901708292959,0.21966187504585832,0.01598241599276662,0.10439712496008724,0.023130750050768256,122,0.0244,3.7368,13.0,6288.9660736000005,1.2577932147200002,3.7733796441600003,0.11097779555911182,0.00154020800255239,0.008743333979509771,23538,16535,0.7,29634,0.010293792001903057,6.77919015288353e-05,0.0940322499955073,1.1596545833777019,1.1039855960029226,0.34003812493756413,1.44e-06,1.6e-07,sparse,2.410803999999999,0.42371854197699577,4.837210655212402,283.734375,285.265625,1.53125
1.0,Random sampling,2,120260429,5000,3,3,6316,0.662,3.1812424116162274e-05,0.002621312032854319,0.22301620803773403,0.015310292015783489,0.11206629103980958,0.02249670901801437,101,0.0202,3.7896,12.0,6288.9660736000005,1.2577932147200002,3.7733796441600003,0.11097779555911182,0.0015077089192345738,0.00850958307273686,23826,16653,0.7,29894,0.01002737507224083,6.850005593150854e-05,0.10196695802733302,1.1911306295429331,1.1086011831246794,0.3503893332090229,1.44e-06,1.6e-07,sparse,2.3608989999999963,0.4338881670264527,4.873238563537598,285.265625,287.40625,2.140625
1.0,Random sampling,3,120260430,5000,3,3,6323,0.654,0.00034163586991684523,0.005743033261090332,0.21201666595879942,0.016025334014557302,0.18013870797585696,0.020111042074859142,135,0.027,3.7938,11.0,6288.9660736000005,1.2577932147200002,3.7733796441600003,0.11097779555911182,0.0017179169226437807,0.008613916928879917,23811,16609,0.7,29842,0.010343499947339296,6.649992428719997e-05,0.16972533299122006,1.2818622312128745,1.1147684622105958,0.4081773328362033,1.44e-06,1.6e-07,sparse,2.8839550000000003,0.4896571250865236,4.875288009643555,287.40625,287.6875,0.28125
1.0,Random sampling,4,120260431,5000,3,3,6361,0.6632,3.5125563744355867e-06,0.001031373297136013,0.20810408308170736,0.015531833982095122,0.15452937502413988,0.021706291008740664,117,0.0234,3.8166,13.0,6288.9660736000005,1.2577932147200002,3.7733796441600003,0.11097779555911182,0.0015906660119071603,0.009839584003202617,23950,16784,0.7,30145,0.011440041940659285,6.591703277081251e-05,0.14301862497814,1.1071926266840038,1.0706280648176514,0.3781605010153726,1.44e-06,1.6e-07,sparse,2.6890029999999996,0.46049133397173136,4.891260147094727,287.6875,287.765625,0.078125
1.0,Random sampling,5,120260432,5000,3,3,6271,0.6612,0.00021788962502138304,0.0034114282450129992,0.24061712506227195,0.016164707951247692,0.1089475000044331,0.018145416979677975,113,0.0226,3.7626,12.0,6288.9660736000005,1.2577932147200002,3.7733796441600003,0.11097779555911182,0.0015963749028742313,0.010347250034101307,23678,16499,0.7,29568,0.01195483305491507,0.00014229200314730406,0.09684675000607967,1.1191506875596504,1.0830474151092744,0.3657257080776617,1.44e-06,1.6e-07,sparse,2.0094680000000054,0.43968049995601177,4.852502822875977,287.765625,288.53125,0.765625
1.0,Random sampling,6,120260433,5000,3,3,6246,0.6624,2.591860084009291e-05,0.0010420050220199151,0.21976420795544982,0.016198208089917898,0.22243870794773102,0.02380050008650869,109,0.0218,3.7476,13.0,6288.9660736000005,1.2577932147200002,3.7733796441600003,0.11097779555911182,0.0015577910235151649,0.009044667007401586,23610,16538,0.7,29636,0.010614332975819707,6.979203317314386e-05,0.21175095799844712,1.1879298506413063,1.1288403199118935,0.4583974990528077,1.44e-06,1.6e-07,sparse,3.0326439999999906,0.5371568329865113,4.845599174499512,288.53125,288.5625,0.03125
1.0,Random sampling,7,120260434,5000,3,3,6359,0.6644,-2.047424373689958e-05,0.0005802862067143735,0.22228754102252424,0.015958416974171996,0.09518329205457121,0.024353708955459297,128,0.0256,3.8154,12.0,6288.9660736000005,1.2577932147200002,3.7733796441600003,0.11097779555911182,0.0017016660422086716,0.008838666952215135,23929,16725,0.7,30056,0.01055200002156198,6.912497337907553e-05,0.08455737493932247,1.1279990735582441,1.100398537888768,0.33342445793095976,1.44e-06,1.6e-07,sparse,2.1615099999999927,0.4199752080021426,4.889089584350586,288.5625,288.59375,0.03125
1.0,Random sampling,8,120260435,5000,3,3,6248,0.6576,0.00015430392418608557,0.0032872606971259457,0.22146891697775573,0.015548542025499046,0.11266954196617007,0.023421957972459495,103,0.0206,3.7488,13.0,6288.9660736000005,1.2577932147200002,3.7733796441600003,0.11097779555911182,0.0017921660328283906,0.008897791034542024,23626,16589,0.7,29733,0.010729333036579192,0.00013770803343504667,0.10179683403111994,1.189779708657296,1.1145598522631892,0.34968133410438895,1.44e-06,1.6e-07,sparse,2.1488590000000016,0.43821691698394716,4.84693717956543,288.59375,288.609375,0.015625
1.0,Random sampling,9,120260436,5000,3,3,6141,0.6636,-2.149242129224653e-05,0.0004110580855738602,0.21699195797555149,0.015225667040795088,0.11741183407139033,0.02549620799254626,132,0.0264,3.6846,13.0,6288.9660736000005,1.2577932147200002,3.7733796441600003,0.11097779555911182,0.001491582952439785,0.008797708083875477,23276,16211,0.7,29030,0.010299707995727658,6.624998059123755e-05,0.10704145894851536,1.1521668688594515,1.0992729258435545,0.3496250419411808,1.44e-06,1.6e-07,sparse,2.225233000000003,0.4315601659473032,4.799393653869629,288.609375,290.203125,1.59375
1.0,Random sampling,10,120260437,5000,3,3,6189,0.6562,0.00021488204970197548,0.002775678991452421,0.21662570897024125,0.015140292001888156,0.13923470897134393,0.02281712496187538,122,0.0244,3.7134,11.0,6288.9660736000005,1.2577932147200002,3.7733796441600003,0.11097779555911182,0.001461499952711165,0.010276708984747529,23428,16250,0.7,29082,0.011749166995286942,9.629200212657452e-05,0.1273857499472797,1.156884251935059,1.1141416051709347,0.3709972099168226,1.44e-06,1.6e-07,sparse,2.5311319999999995,0.45437375002074987,4.8170366287231445,290.203125,290.21875,0.015625
2.0,Random sampling,1,220260428,5000,3,3,12440,0.3178,0.28059813997375854,0.23965684378003982,0.4465684168972075,0.02913450007326901,0.23859900003299117,0.018054457963444293,3,0.0006,7.464,20.0,12577.932147200001,2.5155864294400003,7.5467592883200005,0.11097779555911182,0.0024690829450264573,0.014044750016182661,42229,29501,0.7,55559,0.016553500085137784,6.487499922513962e-05,0.22197704191785306,1.0721564401020491,0.8749371502905201,0.7142983339726925,2.88e-06,3.2e-07,sparse,3.7720060000000046,0.8320197080029175,7.730878829956055,290.21875,294.140625,3.921875
2.0,Random sampling,2,220260429,5000,3,3,12673,0.3774,0.22929242474028116,0.2181826886711426,0.4092384170508012,0.028242000029422343,0.20647845894563943,0.020929249934852123,2,0.0004,7.6038,21.0,12577.932147200001,2.5155864294400003,7.5467592883200005,0.11097779555911182,0.0029996249359101057,0.01091049995739013,42936,30082,0.7,56663,0.013980375020764768,6.862508598715067e-05,0.19242462504189461,1.0769409859121135,0.8754361666151866,0.6439540422288701,2.88e-06,3.2e-07,sparse,3.4120479999999986,0.7680524160386994,7.867032051086426,294.140625,295.3125,1.171875
2.0,Random sampling,3,220260430,5000,3,3,12673,0.2556,0.38282288124076547,0.32754563024683403,0.40526420902460814,0.029247500002384186,0.16014829196501523,0.024561083992011845,1,0.0002,7.6038,19.0,12577.932147200001,2.5155864294400003,7.5467592883200005,0.11097779555911182,0.0023581250570714474,0.011240290943533182,42937,29962,0.7,56460,0.01361829205416143,0.00013470801059156656,0.1463884589029476,1.0735028875765438,0.8720175699609116,0.5946531679946929,2.88e-06,3.2e-07,sparse,3.2070839999999947,0.7441738749621436,7.856361389160156,295.3125,296.40625,1.09375
2.0,Random sampling,4,220260431,5000,3,3,12698,0.4822,0.13678282447318282,0.13303195235268378,0.4266447079135105,0.029759834054857492,0.36209116701502353,0.016416915925219655,4,0.0008,7.6188,20.0,12577.932147200001,2.5155864294400003,7.5467592883200005,0.11097779555911182,0.002481500036083162,0.011274917051196098,43014,29994,0.7,56523,0.013769209035672247,0.00012000009883195162,0.34819779195822775,1.0720561752095217,0.87722874238416,0.8184915430611,2.88e-06,3.2e-07,sparse,4.191324000000009,0.9375377079704776,7.868253707885742,296.40625,296.828125,0.421875
2.0,Random sampling,5,220260432,5000,3,3,12696,0.2262,0.4364731137343977,0.37264369281424087,0.4264479579869658,0.028837166959419847,0.12326037499587983,0.02162412495817989,4,0.0008,7.6176,20.0,12577.932147200001,2.5155864294400003,7.5467592883200005,0.11097779555911182,0.0022813749965280294,0.01452162500936538,43006,30118,0.7,56700,0.016814999980852008,7.149996235966682e-05,0.10637037502601743,1.078985762727711,0.8736600392644097,0.5785419999156147,2.88e-06,3.2e-07,sparse,2.8658670000000086,0.7251229579560459,7.874921798706055,296.828125,297.859375,1.03125
2.0,Random sampling,6,220260433,5000,3,3,12708,0.4312,0.21444683431566275,0.19024169278352948,0.41082991706207395,0.02781016705557704,0.2873323750682175,0.01661066699307412,5,0.001,7.6248,21.0,12577.932147200001,2.5155864294400003,7.5467592883200005,0.11097779555911182,0.0024105419870465994,0.01358887495007366,43043,30034,0.7,56566,0.01601200003642589,0.00016499997582286596,0.2711500839795917,1.0728403692438562,0.8684027426791948,0.7259671681094915,2.88e-06,3.2e-07,sparse,3.784803000000011,0.841157708899118,7.876713752746582,297.859375,298.515625,0.65625
2.0,Random sampling,7,220260434,5000,3,3,12690,0.2492,0.3921748578678482,0.3332393624595478,0.41565074992831796,0.02830904198344797,0.16553600004408509,0.028923542005941272,1,0.0002,7.614,20.0,12577.932147200001,2.5155864294400003,7.5467592883200005,0.11097779555911182,0.0022350000217556953,0.015727124991826713,42993,30009,0.7,56548,0.0179723339388147,7.062510121613741e-05,0.14748937508556992,1.071667016350184,0.8650491610448519,0.6094921260373667,2.88e-06,3.2e-07,sparse,3.2352089999999976,0.7763618329772726,7.8690338134765625,298.515625,298.515625,0.0
2.0,Random sampling,8,220260435,5000,3,3,12538,0.637,0.003548297304386807,0.011647714532849298,0.42175995896104723,0.028068792074918747,0.24430200003553182,0.020289374981075525,4,0.0008,7.5228,21.0,12577.932147200001,2.5155864294400003,7.5467592883200005,0.11097779555911182,0.002498666988685727,0.008120042039081454,42527,29569,0.7,55719,0.01064504194073379,0.00016179203521460295,0.23348916706163436,1.0681117734795673,0.8914749595219641,0.6941247520735487,2.88e-06,3.2e-07,sparse,3.429296999999991,0.8157948750304058,7.776524543762207,298.515625,298.609375,0.09375
2.0,Random sampling,9,220260436,5000,3,3,12507,0.4886,0.1213643187844061,0.11819383216811116,0.4073097090004012,0.0287699579494074,0.21338133397512138,0.025185875012539327,3,0.0006,7.5042,18.0,12577.932147200001,2.5155864294400003,7.5467592883200005,0.11097779555911182,0.0024986660573631525,0.02061133401002735,42429,29718,0.7,55935,0.02312366699334234,7.17920484021306e-05,0.19018254207912832,1.0788261898261928,0.8783952482656358,0.6494576680706814,2.88e-06,3.2e-07,sparse,3.252681999999993,0.8078995839459822,7.7708635330200195,298.609375,298.734375,0.125
2.0,Random sampling,10,220260437,5000,3,3,12588,0.2206,0.4477591169868869,0.3817006376742649,0.4316042499849573,0.028880333993583918,0.14904450008179992,0.01866416702978313,1,0.0002,7.5528,19.0,12577.932147200001,2.5155864294400003,7.5467592883200005,0.11097779555911182,0.002655083080753684,0.012910124962218106,42671,29781,0.7,56085,0.015606916975229979,7.212499622255564e-05,0.1333618329372257,1.0745810258453523,0.8729693655663469,0.6095254588872194,2.88e-06,3.2e-07,sparse,2.8302500000000066,0.7433317500399426,7.809882164001465,298.734375,298.734375,0.0
4.0,Random sampling,1,420260428,5000,3,3,25519,0.051,0.8528092238664112,0.7846331156292494,0.8127202920150012,0.054613125044852495,0.08398879098240286,0.019712958950549364,0,0.0,15.3114,31.0,25155.864294400002,5.031172858880001,15.093518576640001,0.11097779555911182,0.0038142080884426832,0.007479374995455146,81218,56979,0.7,110456,0.0113038340350613,5.862500984221697e-05,0.07262170896865427,1.0653725380501302,0.7924501311661085,0.9513175850734115,5.76e-06,6.4e-07,sparse,3.5523290000000003,1.1913317500147969,14.986584663391113,298.734375,307.0625,8.328125
4.0,Random sampling,2,420260429,5000,3,3,25326,0.0554,0.8407645933352134,0.7713549764077846,0.8422479170840234,0.06247820798307657,0.10712499998044223,0.02126129192765802,0,0.0,15.1956,29.0,25155.864294400002,5.031172858880001,15.093518576640001,0.11097779555911182,0.004099500016309321,0.007219917024485767,80638,56188,0.7,108878,0.011358708026818931,0.0002649170346558094,0.09549758303910494,1.0599969915552931,0.7917554009847719,1.0118473331676796,5.76e-06,6.4e-07,sparse,3.475058000000004,1.2497576660243794,14.851922988891602,307.0625,311.203125,4.140625
4.0,Random sampling,3,420260430,5000,3,3,24917,0.0566,0.8373707685143716,0.7666819550722866,0.8627909999340773,0.05714975006412715,0.1238548329565674,0.027091874973848462,0,0.0,14.9502,30.0,25155.864294400002,5.031172858880001,15.093518576640001,0.11097779555911182,0.004755583009682596,0.008614166057668626,79477,55709,0.7,107995,0.013384709018282592,7.329194340854883e-05,0.11039216700010002,1.0598155323835938,0.7951262015421453,1.0437909179599956,5.76e-06,6.4e-07,sparse,3.318835000000007,1.3031768340151757,14.658305168151855,311.203125,272.6875,-38.515625
4.0,Random sampling,4,420260431,5000,3,3,25209,0.0514,0.8516812843938786,0.7833484231818161,0.8364249999867752,0.07053416699636728,0.12644479190930724,0.02229783299844712,0,0.0,15.1254,34.0,25155.864294400002,5.031172858880001,15.093518576640001,0.11097779555911182,0.006397834047675133,0.007654958986677229,80311,56093,0.7,108804,0.014066707924939692,6.975000724196434e-05,0.11230466701090336,1.0569889627715507,0.7919222670195212,1.0334002919262275,5.76e-06,6.4e-07,sparse,2.918746999999996,1.321163292042911,14.801137924194336,272.6875,275.453125,2.765625
4.0,Random sampling,5,420260432,5000,3,3,25154,0.0488,0.8589062215966227,0.7919760242030053,0.7935113330604509,0.05485183303244412,0.13224770803935826,0.024211207986809313,0,0.0,15.0924,32.0,25155.864294400002,5.031172858880001,15.093518576640001,0.11097779555911182,0.00411079206969589,0.007323291967622936,80166,56065,0.7,108657,0.01146879093721509,5.879194941371679e-05,0.12071637494955212,1.0613687101835163,0.7956579519750357,0.9806071239290759,5.76e-06,6.4e-07,sparse,3.5894169999999974,1.218291207915172,14.776865005493164,275.453125,274.421875,-1.03125
4.0,Random sampling,6,420260433,5000,3,3,25076,0.0572,0.8357347368180622,0.7647955618314297,0.7764700829284266,0.05319000000599772,0.0942499169614166,0.02405558293685317,0,0.0,15.0456,30.0,25155.864294400002,5.031172858880001,15.093518576640001,0.11097779555911182,0.0037404580507427454,0.007163874921388924,79927,55915,0.7,108315,0.010913750040344894,5.5333017371594906e-05,0.08327741711400449,1.062677332900103,0.7940490310545383,0.9239065831061453,5.76e-06,6.4e-07,sparse,2.9610210000000166,1.2045448749559,14.729570388793945,274.421875,279.296875,4.875
4.0,Random sampling,7,420260434,5000,3,3,25157,0.0544,0.8433955077314065,0.7748908131988854,0.8660857089562342,0.05305554193910211,0.14247004105709493,0.02164779102895409,0,0.0,15.0942,32.0,25155.864294400002,5.031172858880001,15.093518576640001,0.11097779555911182,0.0037907910300418735,0.00719125010073185,80144,56049,0.7,108586,0.010992208030074835,6.187509279698133e-05,0.1314115000423044,1.0651793095365434,0.7957329257738294,1.0616068340605125,5.76e-06,6.4e-07,sparse,3.9031619999999805,1.2949390000430867,14.776594161987305,279.296875,281.421875,2.125
4.0,Random sampling,8,420260435,5000,3,3,25161,0.0514,0.8517074084134846,0.7833262495106904,0.8082356250379235,0.05477337504271418,0.10122520802542567,0.021442207973450422,0,0.0,15.0966,32.0,25155.864294400002,5.031172858880001,15.093518576640001,0.11097779555911182,0.004222457995638251,0.007942292024381459,80148,56098,0.7,108680,0.01219949999358505,0.0001239590346813202,0.08889745804481208,1.0647504405318544,0.7935298995227673,0.9642299171537161,5.76e-06,6.4e-07,sparse,3.335386999999997,1.2218399579869583,14.775546073913574,281.421875,281.5625,0.140625
4.0,Random sampling,9,420260436,5000,3,3,25100,0.0506,0.8539172165020188,0.7860675033253991,0.8439199579879642,0.0568654160015285,0.09376983309630305,0.0286130829481408,0,0.0,15.06,34.0,25155.864294400002,5.031172858880001,15.093518576640001,0.11097779555911182,0.0037529999390244484,0.007229708018712699,79979,55874,0.7,108263,0.011015500058420002,5.916692316532135e-05,0.08269162499345839,1.0620106536006964,0.7915794516891553,0.9945516659645364,5.76e-06,6.4e-07,sparse,3.2271299999999883,1.2441127919591963,14.740594863891602,281.5625,285.921875,4.359375
4.0,Random sampling,10,420260437,5000,3,3,25038,0.0484,0.8600569279185419,0.7934365144135653,0.8066491670906544,0.05289262509904802,0.11763324995990843,0.020058208028785884,0,0.0,15.0228,29.0,25155.864294400002,5.031172858880001,15.093518576640001,0.11097779555911182,0.003936958033591509,0.007168167037889361,79780,55807,0.7,108177,0.011116791050881147,5.9834099374711514e-05,0.10645325004588813,1.0593923539357875,0.7953469301084239,0.9771716673858464,5.76e-06,6.4e-07,sparse,3.33472500000002,1.2238117910455912,14.70866870880127,285.921875,286.890625,0.96875
8.0,Random sampling,1,820260428,5000,3,3,50446,0.005,0.9850504213661871,0.9682550803234514,1.6146652910392731,0.13054591708350927,0.0907086250372231,0.02331299998331815,0,0.0,30.2676,54.0,50311.728588800004,10.062345717760001,30.187037153280002,0.11097779555911182,0.008551999926567078,0.00711133296135813,155022,108538,0.7,213555,0.015887249959632754,0.00022054195869714022,0.07459295901935548,1.058170645495359,0.7629275179371364,1.8359119590604678,1.152e-05,1.28e-06,sparse,4.0689359999999795,2.308798374957405,28.710716247558594,286.890625,299.71875,12.828125
8.0,Random sampling,2,820260429,5000,3,3,50352,0.0056,0.9832655596229147,0.9652902729969858,1.6035942919552326,0.10898775001987815,0.07993125007487833,0.019829750061035156,0,0.0,30.2112,52.0,50311.728588800004,10.062345717760001,30.187037153280002,0.11097779555911182,0.006859583081677556,0.006744291982613504,154751,108100,0.7,212720,0.013697874965146184,6.674998439848423e-05,0.06616224988829345,1.0558561830228956,0.7599969938048309,1.7925089168129489,1.152e-05,1.28e-06,sparse,4.4093710000000215,2.248682584031485,28.64797878265381,297.71875,304.796875,7.078125
8.0,Random sampling,3,820260430,5000,3,3,50061,0.0056,0.9832661028542835,0.9652131678552452,1.58845370891504,0.10615770798176527,0.1031928330194205,0.019664332969114184,0,0.0,30.0366,51.0,50311.728588800004,10.062345717760001,30.187037153280002,0.11097779555911182,0.006938291946426034,0.007142582908272743,153900,107910,0.7,212343,0.014212540932931006,9.795802179723978e-05,0.088878917042166,1.0575880022525812,0.7568429723667728,1.7978008328936994,1.152e-05,1.28e-06,sparse,4.518932000000007,2.2204497499624267,28.517841339111328,303.796875,312.390625,8.59375
8.0,Random sampling,4,820260431,5000,3,3,50628,0.004,0.9880362292149515,0.9747221658189505,1.6828136250842363,0.10674516600556672,0.07229929103050381,0.021913458942435682,0,0.0,30.3768,55.0,50311.728588800004,10.062345717760001,30.187037153280002,0.11097779555911182,0.0067255840403959155,0.006907167029567063,155567,108957,0.7,214418,0.013711332925595343,6.254203617572784e-05,0.05852233397308737,1.0578000166632795,0.7632594822036514,1.8618550000246614,1.152e-05,1.28e-06,sparse,4.401767000000007,2.2899829590460286,28.820070266723633,312.390625,321.09375,8.703125
8.0,Random sampling,5,820260432,5000,3,3,50009,0.0026,0.9922135093004539,0.9821937586781299,1.622756875003688,0.11035691702272743,0.10827774996869266,0.020048500038683414,0,0.0,30.0054,51.0,50311.728588800004,10.062345717760001,30.187037153280002,0.11097779555911182,0.007258209050633013,0.006900958018377423,153713,107356,0.7,211260,0.014246916980482638,6.595894228667021e-05,0.0939578750403598,1.0541092872451727,0.7610677188813177,1.8413845429895446,1.152e-05,1.28e-06,sparse,4.522572999999994,2.2836457499070093,28.459609985351562,321.09375,321.6875,0.59375
8.0,Random sampling,6,820260433,5000,3,3,50370,0.004,0.9880315272246823,0.9740391041715003,1.60464341705665,0.11290658300276846,0.07341616600751877,0.01928595802746713,0,0.0,30.222,51.0,50311.728588800004,10.062345717760001,30.187037153280002,0.11097779555911182,0.007092416984960437,0.006568667013198137,154797,108316,0.7,213103,0.013827499933540821,0.00015195808373391628,0.05943029199261218,1.0602406423694675,0.7614875256298101,1.7909597500693053,1.152e-05,1.28e-06,sparse,4.200856000000016,2.2372192500624806,28.662302017211914,321.6875,316.6875,-5.0
8.0,Random sampling,7,820260434,5000,3,3,49837,0.0034,0.989823782549487,0.9779603207643357,1.5868709579808637,0.10724191693589091,0.07884020800702274,0.019531916943378747,0,0.0,29.9022,53.0,50311.728588800004,10.062345717760001,30.187037153280002,0.11097779555911182,0.006805957993492484,0.006509833037853241,153208,107289,0.7,211041,0.013410624931566417,6.195798050612211e-05,0.06536445894744247,1.0611798075656207,0.7622921260998224,1.7729499167762697,1.152e-05,1.28e-06,sparse,4.291486999999989,2.2220610410440713,28.38214683532715,316.6875,320.234375,3.546875
8.0,Random sampling,8,820260435,5000,3,3,50147,0.0028,0.9916140523354618,0.981116399318196,1.5826517500681803,0.1103549589170143,0.07345654198434204,0.01902641705237329,0,0.0,30.0882,52.0,50311.728588800004,10.062345717760001,30.187037153280002,0.11097779555911182,0.006830915925092995,0.007649915991351008,154148,107731,0.7,211923,0.01461145794019103,6.65000407025218e-05,0.058773665921762586,1.0584357468593855,0.7627545954309257,1.7664583328878507,1.152e-05,1.28e-06,sparse,4.240276999999992,2.2160000829026103,28.540120124816895,320.234375,331.03125,10.796875
8.0,Random sampling,9,820260436,5000,3,3,50452,0.0042,0.9874345763462369,0.972652112033762,1.6073054589796811,0.11113595811184496,0.08580487500876188,0.020465833018533885,0,0.0,30.2712,52.0,50311.728588800004,10.062345717760001,30.187037153280002,0.11097779555911182,0.007092291954904795,0.006629041978158057,155022,108405,0.7,213302,0.013856249977834523,9.874999523162842e-05,0.07184612506534904,1.0573441932101415,0.7608698630174993,1.8042425421299413,1.152e-05,1.28e-06,sparse,4.344753999999995,2.2500475000124425,28.702763557434082,331.03125,335.28125,4.25
8.0,Random sampling,10,820260437,5000,3,3,50418,0.004,0.9880313349301946,0.9738204230527335,1.6169728330569342,0.10977387498132885,0.09241241693962365,0.02312437491491437,0,0.0,30.2508,49.0,50311.728588800004,10.062345717760001,30.187037153280002,0.11097779555911182,0.007119165966287255,0.007777375052683055,154920,108651,0.7,213800,0.014936791965737939,0.00036862504202872515,0.07710158394183964,1.0594716487175404,0.7622769696261065,1.8191537089878693,1.152e-05,1.28e-06,sparse,4.347358999999983,2.2571245409781113,28.712225914001465,335.28125,335.28125,0.0
16.0,Random sampling,1,1620260428,5000,3,3,100551,0.0,1.0,1.0,3.233882625005208,0.22628929105121642,0.07729558402206749,0.019603666034527123,0,0.0,60.3306,90.0,100623.45717760001,20.124691435520003,60.374074306560004,0.11097779555911182,0.01373191608581692,0.011616208008490503,301524,210895,0.7,418267,0.02556129195727408,0.0001672079088166356,0.051562166889198124,1.0560192248085414,0.7452027108751305,3.537462582811713,2.304e-05,2.56e-06,sparse,6.330534999999998,4.387267207959667,56.06815147399902,335.28125,368.203125,32.921875
16.0,Random sampling,2,1620260429,5000,3,3,100095,0.0,1.0,1.0,3.2160674169426784,0.22679225006140769,0.09162587497849017,0.02245950000360608,0,0.0,60.057,93.0,100623.45717760001,20.124691435520003,60.374074306560004,0.11097779555911182,0.014196250005625188,0.011959791998378932,300218,209972,0.7,416422,0.026324417092837393,0.00032595801167190075,0.06497037503868341,1.0567752877939096,0.743414675034476,3.534480417147279,2.304e-05,2.56e-06,sparse,6.4680899999999895,4.391829125001095,55.821595191955566,361.203125,387.984375,26.78125
16.0,Random sampling,3,1620260430,5000,3,3,100475,0.0002,0.999399819940018,0.9984673789514549,3.2137453749310225,0.22671333409380168,0.09314075007569045,0.020239959005266428,0,0.0,60.285,88.0,100623.45717760001,20.124691435520003,60.374074306560004,0.11097779555911182,0.01342308393213898,0.011472041020169854,301217,210949,0.7,418366,0.025041584041900933,6.920902524143457e-05,0.06802570808213204,1.0575402468847226,0.7485201103345278,3.5335952101740986,2.304e-05,2.56e-06,sparse,6.450895000000003,4.379593709018081,56.02663230895996,382.984375,387.671875,4.6875
16.0,Random sampling,4,1620260431,5000,3,3,101014,0.0,1.0,1.0,3.2719938749214634,0.22637491603381932,0.09265733405482024,0.022061874973587692,0,0.0,60.6084,96.0,100623.45717760001,20.124691435520003,60.374074306560004,0.11097779555911182,0.01461766695138067,0.011498957988806069,302806,211891,0.7,420269,0.026308667031116784,7.345795165747404e-05,0.06627137493342161,1.0556706779628238,0.742271528150996,3.5910222908714786,2.304e-05,2.56e-06,sparse,6.535956999999996,4.4546244579833,56.318509101867676,384.671875,400.984375,16.3125
16.0,Random sampling,5,1620260432,5000,3,3,101029,0.0,1.0,1.0,3.2199165840866044,0.22886729100719094,0.08776620810385793,0.02594158297870308,0,0.0,60.6174,99.0,100623.45717760001,20.124691435520003,60.374074306560004,0.11097779555911182,0.014483915991149843,0.011804125038906932,302780,211839,0.7,420190,0.026646999991498888,0.00017012504395097494,0.0609421250410378,1.0547248676873084,0.7423038406444842,3.536543125170283,2.304e-05,2.56e-06,sparse,6.418759000000023,4.3887093749362975,56.31655502319336,398.984375,402.125,3.140625
16.0,Random sampling,6,1620260433,5000,3,3,100311,0.0,1.0,1.0,3.2031855420209467,0.2224183330545202,0.09968833404127508,0.01977112505119294,0,0.0,60.1866,87.0,100623.45717760001,20.124691435520003,60.374074306560004,0.11097779555911182,0.01358833396807313,0.011966958991251886,300877,210769,0.7,418021,0.026050666929222643,0.0002179589355364442,0.07341304200235754,1.0565047542050126,0.7445217341480886,3.5252855429425836,2.304e-05,2.56e-06,sparse,6.474119000000002,4.393961583031341,55.966736793518066,401.125,405.5625,4.4375
16.0,Random sampling,7,1620260434,5000,3,3,100544,0.0,1.0,1.0,3.2035942500224337,0.22573258401826024,0.07788650004658848,0.018301707925274968,0,0.0,60.3264,90.0,100623.45717760001,20.124691435520003,60.374074306560004,0.11097779555911182,0.013423166004940867,0.011359791969880462,301535,210608,0.7,417724,0.024967791978269815,6.874999962747097e-05,0.052846375037916005,1.052943622344414,0.7449709948362255,3.5072097510565072,2.304e-05,2.56e-06,sparse,6.360017999999997,4.351006041979417,56.054616928100586,404.5625,407.109375,2.546875
16.0,Random sampling,8,1620260435,5000,3,3,100901,0.0,1.0,1.0,3.2754510840168223,0.22833320801146328,0.084150500013493,0.01852887507993728,0,0.0,60.5406,93.0,100623.45717760001,20.124691435520003,60.374074306560004,0.11097779555911182,0.014124333974905312,0.011867334018461406,302422,211679,0.7,419875,0.026174624916166067,7.250008638948202e-05,0.05789775005541742,1.0539120527642714,0.7409277931988352,3.5879291670862585,2.304e-05,2.56e-06,sparse,6.492843999999991,4.453811792074703,56.2511100769043,407.109375,410.265625,3.15625
16.0,Random sampling,9,1620260436,5000,3,3,100234,0.0,1.0,1.0,3.3527445419458672,0.22899208299349993,0.08671254198998213,0.026136375032365322,0,0.0,60.1404,95.0,100623.45717760001,20.124691435520003,60.374074306560004,0.11097779555911182,0.015160957933403552,0.012174999923445284,300531,210117,0.7,416744,0.02749745803885162,6.770901381969452e-05,0.05914283299352974,1.0541398643077093,0.743089376045721,3.6684446249855682,2.304e-05,2.56e-06,sparse,6.435079999999999,4.539837707998231,55.88038158416748,410.265625,405.609375,-4.65625
16.0,Random sampling,10,1620260437,5000,3,3,101011,0.0,1.0,1.0,3.264779500081204,0.2333445840049535,0.09059100004378706,0.02534549997653812,0,0.0,60.6066,91.0,100623.45717760001,20.124691435520003,60.374074306560004,0.11097779555911182,0.014373666956089437,0.011408417019993067,302833,211897,0.7,420280,0.025885374983772635,0.0002634159754961729,0.0644369579385966,1.0564408093208821,0.7453823917228521,3.588709832984023,2.304e-05,2.56e-06,sparse,6.487425999999999,4.457291582948528,56.31891059875488,405.609375,408.640625,3.03125
