n,method,reps,num_hyperedges_total_mean,num_hyperedges_total_std,theta_nnz_mean,theta_nnz_std,theta_density_mean,theta_density_std,hypergraph_degree_mean_mean,hypergraph_degree_mean_std,hypergraph_degree_max_mean,hypergraph_degree_max_std,expected_degree_mean_mean,expected_degree_mean_std,candidate_within_fraction_mean,candidate_within_fraction_std,isolated_fraction_mean,isolated_fraction_std,misclassification_mean,misclassification_std,ARI_mean,ARI_std,NMI_mean,NMI_std,generation_wall_sec_mean,generation_wall_sec_std,hypergraph_laplacian_build_wall_sec_mean,hypergraph_laplacian_build_wall_sec_std,eigen_decomposition_wall_sec_mean,eigen_decomposition_wall_sec_std,embedding_normalize_wall_sec_mean,embedding_normalize_wall_sec_std,kmeans_wall_sec_mean,kmeans_wall_sec_std,spectral_clustering_wall_sec_mean,spectral_clustering_wall_sec_std,metric_wall_sec_mean,metric_wall_sec_std,algorithm_total_wall_sec_mean,algorithm_total_wall_sec_std,cpu_time_sec_mean,cpu_time_sec_std,wall_clock_sec_mean,wall_clock_sec_std,peak_traced_memory_mb_mean,peak_traced_memory_mb_std,rss_delta_mb_mean,rss_delta_mb_std,rp_power_iter_sec_mean,rp_power_iter_sec_std,rs_sample_matrix_wall_sec_mean,rs_sample_matrix_wall_sec_std,rs_eig_wall_sec_mean,rs_eig_wall_sec_std,cs_sparse_explicit_sketch_sec_mean,cs_sparse_explicit_sketch_sec_std,cs_power_iter_sec_mean,cs_power_iter_sec_std,cs_qr_sec_mean,cs_qr_sec_std,cs_build_core_sec_mean,cs_build_core_sec_std,cs_embedding_dim_mean,cs_embedding_dim_std,top_eigenvalue_max_mean,top_eigenvalue_max_std,top_eigenvalue_min_mean,top_eigenvalue_min_std
2000,Non-random,10,40249.4,233.4253152033379,233304.6,1323.8596938077956,0.05832615,0.0003309649234519518,60.3741,0.35013797280500586,89.7,2.9832867780352585,60.26863104,0.0,0.1107778889444722,0.0,0.0,0.0,0.0,0.0,1.0,0.0,0.9999999999999998,1.0467283057891834e-16,0.5578196700196714,0.016412247975993003,0.06828673997661094,0.0018620506296682677,0.00545379999093707,0.0002418940210147318,8.607999188825488e-05,8.14952645521657e-06,0.1764428799739107,0.2938148322333393,0.18198929999489333,0.29377936250463105,0.0169744800194166,0.0008868286807615138,0.8080891699530184,0.2978560598831716,0.790625,0.18839485536441217,0.2027717999881133,0.2942105029229827,8.027748489379883,0.0454196342847324,,,,,,,,,,,,,,,,,,,0.9999999999999998,2.5639502485114184e-16,0.6558868766560497,0.0018543358803060576
2000,Gaussian random projection,10,40249.4,233.4253152033379,233304.6,1323.8596938077956,0.05832615,0.0003309649234519518,60.3741,0.35013797280500586,89.7,2.9832867780352585,60.26863104,0.0,0.1107778889444722,0.0,0.0,0.0,0.0,0.0,1.0,0.0,1.0,1.1702778228589004e-16,0.5578196700196714,0.016412247975993003,0.06828673997661094,0.0018620506296682677,0.13597907001385462,0.0029766191552498666,0.0001610200037248,1.3470913725348718e-05,0.08343686000443992,0.0015122979375244122,0.21958508001407603,0.0038556744492766856,0.01677122999681155,0.0010908836579439102,0.8456833600183018,0.015860910712140876,1.1765625,0.22703196093220487,0.2411943200277164,0.003974083865905529,13.034982013702393,0.015074347873384476,,,0.09666683002142232,0.0022208274813521364,,,,,,,,,,,,,,,0.9999997945457709,2.0252804467104256e-08,0.6557221877567072,0.0018725007485395555
2000,Random sampling,10,40249.4,233.4253152033379,233304.6,1323.8596938077956,0.05832615,0.0003309649234519518,60.3741,0.35013797280500586,89.7,2.9832867780352585,60.26863104,0.0,0.1107778889444722,0.0,0.0,0.0,0.0001,0.00021081851067789194,0.9996998873688205,0.0006326930350303898,0.999317100498207,0.0014396785613680111,0.5578196700196714,0.016412247975993003,0.06828673997661094,0.0018620506296682677,0.01965784999774764,0.0009066454042528848,9.674000320953634e-05,1.3786872099608891e-05,0.08612715000053864,0.003460663983696347,0.10588871999643738,0.003221813657020216,0.01663935000542547,0.001169320595313819,0.7319881499977783,0.015073120134753547,0.975,0.1303540850913388,0.12741478998214,0.004349638235283746,10.353294849395752,0.053061580459140216,,,,,0.00818726997822517,0.00032215158836916194,0.01135536998044694,0.0006957000400183442,,,,,,,,,,,1.054404168010333,0.003440646693924038,0.7408885962269909,0.003727189451501589
2000,CountSketch random projection,10,40249.4,233.4253152033379,233304.6,1323.8596938077956,0.05832615,0.0003309649234519518,60.3741,0.35013797280500586,89.7,2.9832867780352585,60.26863103999999,0.0,0.11077788894447224,0.0,0.0,0.0,0.0,0.0,1.0,0.0,1.0,0.0,0.5681319832999918,0.007124125829509557,0.0903249833000018,0.004846622121563043,0.1550742372999963,0.00398412044901333,0.00015455420000023423,6.679236698489135e-05,0.04476730409999448,0.0039488170660512975,0.20000149560000297,0.004099827979168958,0.00952220409999711,0.0012417813511123473,0.8584530621999846,0.009659704833484203,1.1920418000000041,0.03660146646062566,0.2119722834999976,0.004107816247321354,12.487244796752929,0.02398657414761812,0.009765625,0.014054058037059182,,,,,,,0.004080733399999303,0.00015541756636993143,0.09520810009999821,0.0012166836334789322,0.0377743372000026,0.002705725027580889,0.013576441600000067,0.0002866044827624181,163.0,0.0,0.9999998056889104,2.5823744556662924e-08,0.655722190186333,0.0018570432541113084
4000,Non-random,10,80550.4,254.87173244595095,476946.4,1422.0235347325702,0.02980915,8.887647092078608e-05,60.412800000000004,0.1911537993344613,91.5,1.90029237516523,60.356491104,0.0,0.110944472236118,0.0,0.0,0.0,0.0,0.0,1.0,0.0,1.0,0.0,1.072249919991009,0.009100838795196969,0.15420420999871562,0.004199601299891148,0.009318399988114779,0.00025847185514032587,0.0001100800116546207,4.303896996524475e-05,0.041856469993945176,0.0009986221210679443,0.05129117998294528,0.0009679023883035692,0.028418239997699813,0.0013324671545693568,1.2777390799834394,0.008858784935346234,0.7140625,0.05707820080332284,0.08735515997977925,0.0017244547590457315,16.407772159576417,0.048819664841547615,,,,,,,,,,,,,,,,,,,1.0,1.9582493486507355e-16,0.6571779978200241,0.0017472231496136344
4000,Gaussian random projection,10,80550.4,254.87173244595095,476946.4,1422.0235347325702,0.02980915,8.887647092078608e-05,60.412800000000004,0.1911537993344613,91.5,1.90029237516523,60.356491104,0.0,0.110944472236118,0.0,0.0,0.0,0.0,0.0,1.0,0.0,1.0,0.0,1.072249919991009,0.009100838795196969,0.15420420999871562,0.004199601299891148,0.2621734899934381,0.011427957707461061,0.00023407000116999,2.443847839052636e-05,0.04105172000126909,0.00059681013315658,0.30346773001365357,0.011246255242334805,0.02793974998639891,0.0013367583000113246,1.529913409985602,0.013849533282141106,1.246875,0.09252674163001016,0.34117934001842515,0.011317232339084826,25.779531955718994,0.016368335146718014,,,0.19704148001037536,0.011203854409154983,,,,,,,,,,,,,,,0.9999994958054816,5.827258095310012e-08,0.6567743304418574,0.0017503489555268032
4000,Random sampling,10,80550.4,254.87173244595095,476946.4,1422.0235347325702,0.02980915,8.887647092078608e-05,60.412800000000004,0.1911537993344613,91.5,1.90029237516523,60.356491104,0.0,0.110944472236118,0.0,0.0,0.0,0.0001,0.00012909944487358058,0.999699953118013,0.00038735886752143227,0.9992540161956096,0.0009630609506301451,1.072249919991009,0.009100838795196969,0.15420420999871562,0.004199601299891148,0.02783474997850131,0.0015351667085678868,9.288999717681463e-05,4.11347445958134e-05,0.043060820002574426,0.0011881097988549329,0.07099458001321178,0.002143613464516453,0.02852395003428676,0.0016957276078568054,1.2974425899679773,0.009110782175276808,0.9265625,0.048886250126072145,0.10947538997279475,0.002151164520158484,21.110966682434082,0.07733387776238386,,,,,0.0154234400368295,0.0015706811692975226,0.01227871001465242,0.0003295227124364186,,,,,,,,,,,1.055012620702859,0.0019567292190416476,0.7423628964528016,0.0021854638527023648
4000,CountSketch random projection,10,80550.4,254.87173244595095,476946.4,1422.0235347325702,0.02980915,8.887647092078608e-05,60.412800000000004,0.1911537993344613,91.5,1.90029237516523,60.356491104,0.0,0.11094447223611806,0.0,0.0,0.0,0.0,0.0,1.0,0.0,1.0,0.0,1.1541543208999996,0.024416349509748463,0.1881292415999951,0.006873546209291776,0.3204767332000017,0.013259150038712059,0.00022577070000693312,6.499630379611526e-05,0.055693920899997806,0.005609368151691684,0.3764024166000013,0.018364610989078857,0.015374833299995316,0.000911818103690005,1.7186799873000012,0.040589288080796634,1.8941051000000129,0.13533972373126377,0.39654713339999714,0.01910494513740492,24.738411331176756,0.02508460887103151,-0.80546875,3.127145422400203,,,,,,,0.008394533299994577,0.00039544429850053706,0.20402998740000555,0.007176148836305294,0.0741360501000031,0.004959930287631137,0.029046725100005232,0.00198676723573994,163.0,0.0,0.9999994844867208,7.272124879099748e-08,0.656765632821401,0.0017832680303410606
6000,Non-random,10,120756.4,300.67671823553184,720154.8,1858.5648465654601,0.020004299999999982,5.162680129348052e-05,60.37820000000001,0.15033835911776539,91.8,3.259175083088084,60.38579377777778,0.0,0.1109999938302488,0.0,0.0,0.0,0.0,0.0,1.0,0.0,1.0,0.0,1.6279872600105592,0.02147677443443927,0.2510723700048402,0.0063184063783097355,0.01345667000859973,0.0004578514295906382,0.00010114001343025003,2.3884199996542033e-05,0.04621097000781441,0.001168129657091141,0.059775470010936214,0.0012069470378106093,0.0393603600095957,0.0018173672124425248,1.9388284100452438,0.02358181118709975,0.8875,0.11019041284673241,0.11044574000407006,0.0024689341974748163,24.772933769226075,0.06380876014362005,,,,,,,,,,,,,,,,,,,1.0,3.916498697301471e-16,0.6575799903977716,0.0006950801418206738
6000,Gaussian random projection,10,120756.4,300.67671823553184,720154.8,1858.5648465654601,0.020004299999999982,5.162680129348052e-05,60.37820000000001,0.15033835911776539,91.8,3.259175083088084,60.38579377777778,0.0,0.1109999938302488,0.0,0.0,0.0,0.0,0.0,1.0,0.0,1.0,0.0,1.6279872600105592,0.02147677443443927,0.2510723700048402,0.0063184063783097355,0.4098117800196633,0.03353178244360348,0.00030560998711732,4.089790118138358e-05,0.04602293999632817,0.0007062831813832326,0.4561491000233218,0.03363211432203415,0.03864434000570323,0.0013668344172869961,2.335199960018508,0.04658055190912999,1.425,0.16334582222661495,0.5069402599823661,0.03356276291229876,38.519047260284424,0.021242476763637577,,,0.3198109099757857,0.033179946069775645,,,,,,,,,,,,,,,0.9999991483351203,1.0746636748006945e-07,0.6569220551623505,0.0006959061502031572
6000,Random sampling,10,120756.4,300.67671823553184,720154.8,1858.5648465654601,0.020004299999999982,5.162680129348052e-05,60.37820000000001,0.15033835911776539,91.8,3.259175083088084,60.38579377777778,0.0,0.1109999938302488,0.0,0.0,0.0,1.666666666666e-05,5.270462766945191e-05,0.9999499958312501,0.00015812706575292365,0.9998695186822989,0.00041261815603547145,1.6279872600105592,0.02147677443443927,0.2510723700048402,0.0063184063783097355,0.035551959997974295,0.0008198967629457004,0.00016007998492564,1.0515275692856451e-05,0.04796234000241379,0.001584502054293935,0.08368237001122902,0.001818909482791398,0.03962044999934729,0.0021108285536332403,1.9627340100007131,0.023861907417731733,0.9234375,0.10659920148361546,0.13488506999565286,0.004137936220202811,31.82328596115112,0.09232704606656227,,,,,0.018723939976189242,0.0005625252928296147,0.016620600013993632,0.0003957425801879847,,,,,,,,,,,1.055431877666486,0.0025645255541804136,0.7435884275363123,0.0018170509121636562
6000,CountSketch random projection,10,120756.4,300.67671823553184,720154.8,1858.5648465654601,0.0200043,5.1626801293485994e-05,60.37820000000001,0.15033835911776539,91.8,3.259175083088084,60.38579377777778,0.0,0.1109999938302488,0.0,0.0,0.0,0.0,0.0,1.0,0.0,1.0,0.0,1.7640557835000095,0.039041284429631694,0.2976671919000012,0.014121069986374525,0.4915081748000006,0.01597559634505491,0.00025734580000289495,2.433110781466822e-05,0.05625647090000143,0.0032259373397793977,0.5480273290999975,0.015431381270333427,0.020530625099996768,0.0001488749152881571,2.6097449669000157,0.04039008692723241,2.6231044,0.07430359700909331,0.576248171100002,0.015758209239041848,36.97341766357422,0.035217747858798616,4.65703125,8.122621847475317,,,,,,,0.013756770800000595,0.0015756442372521673,0.32049889990000224,0.008835216966989815,0.10767022499999826,0.00681944841789869,0.04477715829999625,0.0038948303388999183,163.0,0.0,0.9999991063215414,7.361664478179773e-08,0.6569073692587357,0.0007792422900529931
8000,Non-random,10,160962.6,388.75933715117696,963494.2,2238.265489167907,0.015054596875000001,3.4972898268248477e-05,60.360974999999996,0.14578475143169117,91.6,3.272783388968955,60.40045611000001,0.0,0.1110277847230903,0.0,0.0,0.0,0.0,0.0,1.0,0.0,1.0,0.0,2.180694390006829,0.018396726708220453,0.36761423000134524,0.018842296634768965,0.01821090001612898,0.00369677490404465,0.00010433999123049501,1.8054269517817634e-05,0.052650699997320714,0.0018632397252470957,0.07097273999825116,0.0037959033151417475,0.05182838998734947,0.0016785754475734588,2.6192745600128546,0.026612940105229296,1.0796875,0.10271118572780238,0.13826982999453316,0.005296126606324036,33.14258279800415,0.07684668133547227,,,,,,,,,,,,,,,,,,,1.0,2.590520390792032e-16,0.6579921893650311,0.0012149066733724292
8000,Gaussian random projection,10,160962.6,388.75933715117696,963494.2,2238.265489167907,0.015054596875000001,3.4972898268248477e-05,60.360974999999996,0.14578475143169117,91.6,3.272783388968955,60.40045611000001,0.0,0.1110277847230903,0.0,0.0,0.0,0.0,0.0,1.0,0.0,1.0,0.0,2.180694390006829,0.018396726708220453,0.36761423000134524,0.018842296634768965,0.5862603800022044,0.03715295661701491,0.00035023002419616,1.257130590598788e-05,0.05132180000655349,0.0008112457948698379,0.6379413999966346,0.03718053344391906,0.05151587000582362,0.0029194254647309185,3.1862410300411286,0.05290063415511699,1.7515625,0.11955365848414863,0.704884709988255,0.03832005439483348,51.26021614074707,0.025566723221429978,,,0.4577774400007911,0.03317220405881919,,,,,,,,,,,,,,,0.9999987147500005,1.4745404137294692e-07,0.6570330122595622,0.0012677814080279191
8000,Random sampling,10,160962.6,388.75933715117696,963494.2,2238.265489167907,0.015054596875000001,3.4972898268248477e-05,60.360974999999996,0.14578475143169117,91.6,3.272783388968955,60.40045611000001,0.0,0.1110277847230903,0.0,0.0,0.0,0.0,0.0,1.0,0.0,1.0,0.0,2.180694390006829,0.018396726708220453,0.36761423000134524,0.018842296634768965,0.04828371002804482,0.0020270623812799512,0.00018693997990337,1.2912369735006737e-05,0.05405889996327455,0.0018468929047222406,0.1025382000021636,0.003001122012851447,0.05249681001296262,0.002704017727275913,2.650838169979397,0.027295892879943433,1.178125,0.10576892725286681,0.17044079001061613,0.004558588810884665,42.55000467300415,0.08832756290750346,,,,,0.0264749999856576,0.0017400487153369213,0.02151464999187732,0.0003386098837784282,,,,,,,,,,,1.0554795997382118,0.0010396510261857566,0.744747462785394,0.0017020382635041494
8000,CountSketch random projection,10,160962.6,388.75933715117696,963494.2,2238.265489167907,0.015054596875000001,3.4972898268248477e-05,60.360974999999996,0.14578475143169117,91.6,3.272783388968955,60.40045611000001,0.0,0.11102778472309038,0.0,0.0,0.0,0.0,0.0,1.0,0.0,1.0,0.0,2.349074841899997,0.020118166826950442,0.4322036584000017,0.009347439561916117,0.6968012708000003,0.07519531742151452,0.0003315165999936198,6.913879561353003e-05,0.0599803542999922,0.0015419912612705787,0.757118516700001,0.07559013772785703,0.026150183300001118,0.00022569739452554834,3.538391641999985,0.0787826780503038,3.4227157000000146,0.08565602506285318,0.7934505667999986,0.07563687780738138,49.21751518249512,0.03953264170457911,3.03046875,9.195547174386718,,,,,,,0.020203845800000408,0.0011201966296983954,0.4746335164999948,0.07164011574987958,0.13886969569999508,0.004291327620973151,0.058069216699993834,0.0016654473191180389,163.0,0.0,0.9999987859431057,1.1191009718255579e-07,0.6570851197443898,0.0012610166277905654
10000,Non-random,10,201358.1,504.89018608010423,1207722.2,3018.0709733205663,0.012077222,3.0180709733205243e-05,60.40743,0.15146705582402983,91.1,1.28668393770792,60.40925191065601,0.0,0.1110444488897779,0.0,0.0,0.0,0.0,0.0,1.0,0.0,1.0,0.0,2.9078953200019897,0.18676611421915293,0.4850707600009628,0.024605251009505977,0.02144624000648031,0.0008364889936546098,0.0001062799710779887,7.28725787266017e-06,0.05780591001966963,0.0022342045532517847,0.07936519000213588,0.00292816155151321,0.06192421998130153,0.0028609148056238463,3.4723245100001803,0.20033111935018502,1.2890625,0.1297387365320953,0.16216603998327622,0.007468993419028486,41.54274082183838,0.10362045031095167,,,,,,,,,,,,,,,,,,,1.0,1.3343220141622404e-16,0.6582265881490073,0.0009069487497455485
10000,Gaussian random projection,10,201358.1,504.89018608010423,1207722.2,3018.0709733205663,0.012077222,3.0180709733205243e-05,60.40743,0.15146705582402983,91.1,1.28668393770792,60.40925191065601,0.0,0.1110444488897779,0.0,0.0,0.0,0.0,0.0,1.0,0.0,1.0,0.0,2.9078953200019897,0.18676611421915293,0.4850707600009628,0.024605251009505977,0.7589519600034691,0.07742373985487545,0.00039735002210358,8.919160385117538e-05,0.05771561996079977,0.0014292437029333356,0.8170729900011793,0.07820798830982172,0.062130970018915786,0.0029413320067929578,4.210031009989325,0.19615272253835359,2.1515625,0.11693839264164316,0.8995212000096217,0.07987214074892551,64.01157341003417,0.03452685190221574,,,0.5973169799777679,0.06945925752013367,,,,,,,,,,,,,,,0.9999985529846418,1.9733876063890694e-07,0.6570556843797766,0.0008900633639957307
10000,Random sampling,10,201358.1,504.89018608010423,1207722.2,3018.0709733205663,0.012077222,3.0180709733205243e-05,60.40743,0.15146705582402983,91.1,1.28668393770792,60.40925191065601,0.0,0.1110444488897779,0.0,0.0,0.0,4e-05,5.163977794943222e-05,0.9998799924995512,0.00015492901743096885,0.9996682454443855,0.00042829328965934393,2.9078953200019897,0.18676611421915293,0.4850707600009628,0.024605251009505977,0.060659009998198544,0.0014342660773027083,0.00020060000242661,3.6177996766677385e-05,0.059210979985073166,0.002801503217450225,0.12007923000492152,0.003275105332861492,0.06191260999767108,0.0027815623359512117,3.513036669988651,0.20077284670665935,1.30625,0.11077967059287844,0.2026363800046965,0.007511884558982514,53.33542566299438,0.1445391358671758,,,,,0.0333881600061431,0.000984801649436256,0.026880510000046282,0.0012054856557721073,,,,,,,,,,,1.0551366331412821,0.0015673177409926194,0.7437601137184029,0.0014888168890321656
10000,CountSketch random projection,10,201358.1,504.89018608010423,1207722.2,3018.0709733205663,0.012077222,3.0180709733205243e-05,60.40743,0.15146705582402983,91.1,1.28668393770792,60.40925191065601,0.0,0.11104444888977796,0.0,0.0,0.0,0.0,0.0,1.0,0.0,1.0,0.0,3.000037479299999,0.028237580097959847,0.5476952585999897,0.0107007196748296,0.9493744124000045,0.09836268333290552,0.0004325121999926296,9.865550423221418e-05,0.061309858499998884,0.0019343414216919073,1.0111273290999947,0.09757501886172336,0.03195452919999866,0.00045150922877058164,4.558849520999985,0.09911269686517953,4.229944399999999,0.11191792648107345,1.0569018458000101,0.09807518951570053,61.47775621414185,0.05380113474609035,3.8640625,12.104236112779482,,,,,,,0.026221416700005308,0.001444551977677231,0.6584059750000136,0.0892452788643671,0.18218717910000065,0.010307979487075592,0.07736221670000987,0.004294265106961212,163.0,0.0,0.9999984156169754,2.2349480265366443e-07,0.6570178353457974,0.000945672347057398
