alpha_n,rep,method,error_P,error_Theta,error_B,time_sec,instance_gen_sec,metric_eval_sec,rp_draw_omega_sec,rp_power_iter_sec,rp_qr_sec,rp_build_core_sec,rp_reconstruct_sec,rp_small_eig_sec,rp_lift_sec,rp_kmeans_sec,algo_total_sec,algo_step_sum_sec,algo_other_sec,pipeline_total_sec,rs_sample_mask_sec,rs_build_sampled_matrix_sec,rs_eig_sec,rs_reconstruct_sec,rs_symmetrize_sec,rs_kmeans_sec,nr_eig_sec,nr_kmeans_sec,nr_copy_sec
0.05,1,Random Projection,9.022883847567496,1.2135416666666667,0.009828861000000563,1.4832611000165343,0.025660400046035647,0.11014260002411902,0.00012189988046884537,0.0020111999474465847,0.00039379997178912163,0.0004284000024199486,0.00108780013397336,0.00012360000982880592,1.619989052414894e-05,1.4790707000065595,1.4832611000165343,1.4832535998430103,7.500173524022102e-06,1.619064100086689,,,,,,,,,
0.05,1,Random Sampling,13.010919611124145,0.8567708333333333,0.003992944611957108,0.1132366000674665,0.025660400046035647,0.10344329988583922,,,,,,,,,0.1132366000674665,0.11322459997609258,1.200009137392044e-05,0.24234029999934137,0.007524800021201372,0.021230699960142374,0.02092469995841384,0.0014349000994116068,0.011697500012814999,0.050411999924108386,,,
0.05,1,Non-random,12.229043613837455,0.36718749999999994,0.0025103450725487073,0.20317730004899204,0.025660400046035647,0.10926349996589124,,,,,,,,,0.20317730004899204,0.20317370002157986,3.600027412176132e-06,0.3381012000609189,,,,,,,0.16211319994181395,0.03865360002964735,0.0024069000501185656
0.05,2,Random Projection,9.475793335531248,1.3333333333333335,0.011177145771466133,0.058098099892959,0.028671700041741133,0.10065279994159937,0.00012409989722073078,0.0023922999389469624,0.0003504001069813967,0.0010538999922573566,0.0012072001118212938,9.029987268149853e-05,1.6200123354792595e-05,0.05285579990595579,0.058098099892959,0.05809019994921982,7.899943739175797e-06,0.1874225998762995,,,,,,,,,
0.05,2,Random Sampling,13.2987693499223,0.7239583333333334,0.004104259903095195,0.11094990000128746,0.028671700041741133,0.10398030001670122,,,,,,,,,0.11094990000128746,0.11094029992818832,9.600073099136353e-06,0.24360190005972981,0.0072783001232892275,0.021857599960640073,0.023355599958449602,0.0014680000022053719,0.009995599975809455,0.046985199907794595,,,
0.05,2,Non-random,12.290083278522713,0.33333333333333337,0.0017546666666666613,0.20298369997180998,0.028671700041741133,0.11069400003179908,,,,,,,,,0.20298369997180998,0.2029804999474436,3.200024366378784e-06,0.3423494000453502,,,,,,,0.15879100002348423,0.04205720010213554,0.0021322998218238354
0.05,3,Random Projection,9.572194077398535,1.5651041666666665,0.013084468943424694,0.05433920002542436,0.029713099822402,0.12168100010603666,0.00013820012100040913,0.002901799976825714,0.0003512999974191189,0.0023769999388605356,0.0014436000492423773,0.00010730000212788582,1.650000922381878e-05,0.046994199976325035,0.05433920002542436,0.054329900071024895,9.299954399466515e-06,0.20573329995386302,,,,,,,,,
0.05,3,Random Sampling,12.567506382948622,0.6901041666666666,0.0023434806497185934,0.10377399995923042,0.029713099822402,0.1130737999919802,,,,,,,,,0.10377399995923042,0.10376640013419092,7.5998250395059586e-06,0.24656089977361262,0.008221600204706192,0.019656699849292636,0.022125599905848503,0.001286500133574009,0.008712599985301495,0.04376340005546808,,,
0.05,3,Non-random,12.232541681168428,0.3697916666666667,0.0017600531336795025,0.1992928001563996,0.029713099822402,0.11756719998084009,,,,,,,,,0.1992928001563996,0.1992900997865945,2.70036980509758e-06,0.3465730999596417,,,,,,,0.15717789996415377,0.04000669997185469,0.0021054998505860567
0.05,4,Random Projection,9.269252730833877,1.3020833333333335,0.013565215402894827,0.05669320002198219,0.028385900193825364,0.20065229991450906,0.00012409989722073078,0.002425400074571371,0.00033840001560747623,0.0036096000112593174,0.0017073999624699354,0.00012200023047626019,1.610000617802143e-05,0.04834330012090504,0.05669320002198219,0.056686300318688154,6.899703294038773e-06,0.2857314001303166,,,,,,,,,
0.05,4,Random Sampling,12.369783487068846,0.6276041666666667,0.005236144087784091,0.10081989993341267,0.028385900193825364,0.09931169985793531,,,,,,,,,0.10081989993341267,0.10081389965489507,6.000278517603874e-06,0.22851749998517334,0.008412800030782819,0.02027860004454851,0.01765919988974929,0.0014362998772412539,0.009376399917528033,0.04365059989504516,,,
0.05,4,Non-random,12.161166102392025,0.359375,0.0019715555555555597,0.20598459988832474,0.028385900193825364,0.10660440009087324,,,,,,,,,0.20598459988832474,0.2059822001028806,2.3997854441404343e-06,0.34097490017302334,,,,,,,0.16182009992189705,0.04259310010820627,0.0015690000727772713
0.05,5,Random Projection,9.53995315186188,1.6432291666666665,0.01267053663293239,0.0473772999830544,0.027909999946132302,0.0968603000510484,0.00012390012852847576,0.0022813999094069004,0.00034220004454255104,0.00038860016502439976,0.0011549999471753836,8.390005677938461e-05,1.5399884432554245e-05,0.0429816001560539,0.0473772999830544,0.04737200029194355,5.2996911108493805e-06,0.1721475999802351,,,,,,,,,
0.05,5,Random Sampling,13.311917059152929,0.8932291666666667,0.0036760701263313655,0.10784429986961186,0.027909999946132302,0.10651730000972748,,,,,,,,,0.10784429986961186,0.10783769958652556,6.600283086299896e-06,0.24227159982547164,0.00716619985178113,0.020596700021997094,0.0220442998688668,0.0014275999274104834,0.009426699951291084,0.047176199965178967,,,
0.05,5,Non-random,12.303963475657728,0.41145833333333337,0.0009735877831687882,0.7492923999670893,0.027909999946132302,0.11204880010336637,,,,,,,,,0.7492923999670893,0.7492897999472916,2.600019797682762e-06,0.889251200016588,,,,,,,0.7017781999893486,0.044949600007385015,0.002561999950557947
0.05,6,Random Projection,8.49122416906816,0.9635416666666667,0.010361428780935544,0.05903030000627041,0.028681099880486727,0.14792180014774203,0.00015030009672045708,0.0023366999812424183,0.0003378000110387802,0.0003519000019878149,0.001249099848791957,8.110003545880318e-05,1.5199882909655571e-05,0.0545010999776423,0.05903030000627041,0.059023199835792184,7.100170478224754e-06,0.23563320003449917,,,,,,,,,
0.05,6,Random Sampling,13.07884702968532,0.7604166666666667,0.0035966886774726134,0.10407730005681515,0.028681099880486727,0.11112080002203584,,,,,,,,,0.10407730005681515,0.10406889976002276,8.400296792387962e-06,0.2438791999593377,0.009024499915540218,0.02008899999782443,0.01767809991724789,0.0014484000857919455,0.00929829990491271,0.046530599938705564,,,
0.05,6,Non-random,12.258044058716017,0.41666666666666663,0.0020493096168312797,0.23282819986343384,0.028681099880486727,0.1731058000586927,,,,,,,,,0.23282819986343384,0.23282559984363616,2.600019797682762e-06,0.43461509980261326,,,,,,,0.18447330011986196,0.04613429983146489,0.002217999892309308
0.05,7,Random Projection,8.7843867591009,1.1380208333333333,0.012444477837084744,0.06292210007086396,0.03415279998444021,0.1318693000357598,0.00015030009672045708,0.0024580000899732113,0.0003766000736504793,0.004969100002199411,0.0013485001400113106,0.00011319993063807487,2.140016295015812e-05,0.053476199973374605,0.06292210007086396,0.06291330046951771,8.799601346254349e-06,0.22894420009106398,,,,,,,,,
0.05,7,Random Sampling,12.792662217824075,0.6822916666666667,0.004525088193398162,0.10057939984835684,0.03415279998444021,0.12711200001649559,,,,,,,,,0.10057939984835684,0.1005723001435399,7.099704816937447e-06,0.26184419984929264,0.007687399862334132,0.01924300007522106,0.017942100064828992,0.001344999996945262,0.009035400114953518,0.04531940002925694,,,
0.05,7,Non-random,12.33016436430657,0.2942708333333333,0.0022863403944484995,0.22456620004959404,0.03415279998444021,0.11114209983497858,,,,,,,,,0.22456620004959404,0.22456400003284216,2.200016751885414e-06,0.36986109986901283,,,,,,,0.17604329995810986,0.04607929987832904,0.002441400196403265
0.05,8,Random Projection,8.754419346504585,1.1744791666666667,0.010694857263152328,0.0578205999918282,0.025147899985313416,0.10499799996614456,0.00015089986845850945,0.0024935000110417604,0.0003326998557895422,0.00038590002804994583,0.001142200082540512,8.570007048547268e-05,1.6200123354792595e-05,0.0532082999125123,0.0578205999918282,0.05781539995223284,5.200039595365524e-06,0.18796649994328618,,,,,,,,,
0.05,8,Random Sampling,13.339940781423396,0.8828125,0.005136834967076051,0.10830110008828342,0.025147899985313416,0.11393249989487231,,,,,,,,,0.10830110008828342,0.10829430026933551,6.7998189479112625e-06,0.24738149996846914,0.007049000123515725,0.01948180003091693,0.020632300060242414,0.001390600111335516,0.009649500017985702,0.05009109992533922,,,
0.05,8,Non-random,12.327014935190602,0.42708333333333337,0.0023537894568178216,0.7599686998873949,0.025147899985313416,0.1397730999160558,,,,,,,,,0.7599686998873949,0.7599658002145588,2.8996728360652924e-06,0.9248896997887641,,,,,,,0.7032665000297129,0.055230600060895085,0.001468700123950839
0.05,9,Random Projection,9.095274196940949,1.2526041666666667,0.011491710204328001,0.07601040019653738,0.023596500046551228,0.12158189993351698,0.00013320008292794228,0.002812500111758709,0.00045039993710815907,0.0190932999830693,0.0011140999849885702,0.00015970016829669476,2.350006252527237e-05,0.052212700014933944,0.07601040019653738,0.07599940034560859,1.0999850928783417e-05,0.22118880017660558,,,,,,,,,
0.05,9,Random Sampling,12.885297533432368,0.7630208333333334,0.003975459010058337,0.09525570017285645,0.023596500046551228,0.09746679989621043,,,,,,,,,0.09525570017285645,0.09524759976193309,8.100410923361778e-06,0.2163190001156181,0.006515099899843335,0.01652419986203313,0.02058380004018545,0.0012181000784039497,0.006607200019061565,0.04379919986240566,,,
0.05,9,Non-random,12.161235199765162,0.3333333333333333,0.0007000000000000062,0.3556832999456674,0.023596500046551228,0.10840269993059337,,,,,,,,,0.3556832999456674,0.3556812999304384,2.00001522898674e-06,0.487682499922812,,,,,,,0.31002580001950264,0.04410279984585941,0.0015527000650763512
0.05,10,Random Projection,8.895062135434982,1.2994791666666665,0.010613997391180567,0.06970810005441308,0.023160099983215332,0.09854459995403886,0.0001509999856352806,0.0024765999987721443,0.0003287999425083399,0.00034600007347762585,0.0008535999804735184,8.450006134808064e-05,1.5999889001250267e-05,0.06544460006989539,0.06970810005441308,0.06970110000111163,7.00005330145359e-06,0.19141279999166727,,,,,,,,,
0.05,10,Random Sampling,12.96514830666616,0.765625,0.004710139084068338,0.09429259994067252,0.023160099983215332,0.1700711001176387,,,,,,,,,0.09429259994067252,0.09428449999541044,8.09994526207447e-06,0.28752380004152656,0.0060165999457240105,0.013685100013390183,0.02165660005994141,0.0010361999738961458,0.006454899907112122,0.04543510009534657,,,
0.05,10,Non-random,12.307105975862775,0.39322916666666674,0.0010777020246165447,0.23382989992387593,0.023160099983215332,0.11165410000830889,,,,,,,,,0.23382989992387593,0.2338273001369089,2.5997869670391083e-06,0.36864409991540015,,,,,,,0.186479999916628,0.045753300189971924,0.0015940000303089619
0.05,11,Random Projection,9.192787552662217,1.171875,0.011645270849720807,0.1297470999415964,0.026942499913275242,0.10607710015028715,0.0001472998410463333,0.0025939999613910913,0.000386600149795413,0.0680593999568373,0.0011222001630812883,0.00020579993724822998,3.50000336766243e-05,0.0571857001632452,0.1297470999415964,0.12973600020632148,1.1099735274910927e-05,0.2627667000051588,,,,,,,,,
0.05,11,Random Sampling,13.258617314708582,0.9375,0.004335785207924221,0.10150000010617077,0.026942499913275242,0.10225370014086366,,,,,,,,,0.10150000010617077,0.10149080003611743,9.200070053339005e-06,0.23069620016030967,0.00598430004902184,0.014550399966537952,0.023566299816593528,0.0011862001847475767,0.006251299986615777,0.04995230003260076,,,
0.05,11,Non-random,12.312202881331839,0.4296875,0.0021375000000000005,0.22080869995988905,0.026942499913275242,0.11487600021064281,,,,,,,,,0.22080869995988905,0.22080589970573783,2.80025415122509e-06,0.3626272000838071,,,,,,,0.17139419983141124,0.04791059996932745,0.001501099904999137
0.05,12,Random Projection,9.256605338672532,1.4869791666666665,0.011502575777606591,0.057775599882006645,0.025263899937272072,0.10262109991163015,0.00012500002048909664,0.001977300038561225,0.00036230008117854595,0.001226099906489253,0.000820700079202652,9.17001161724329e-05,1.5399884432554245e-05,0.05315129994414747,0.057775599882006645,0.05776980007067323,5.7998113334178925e-06,0.18566059973090887,,,,,,,,,
0.05,12,Random Sampling,13.253456065033305,0.7109375,0.0048913997986632304,0.0935873999260366,0.025263899937272072,0.15736560011282563,,,,,,,,,0.0935873999260366,0.09357869997620583,8.699949830770493e-06,0.2762168999761343,0.005465599941089749,0.015566299902275205,0.017661700025200844,0.0008855999913066626,0.0057721000630408525,0.04822740005329251,,,
0.05,12,Non-random,12.151542872645791,0.4192708333333333,0.0025444392687289027,0.2188030001707375,0.025263899937272072,0.11237729992717505,,,,,,,,,0.2188030001707375,0.2188003002665937,2.6999041438102722e-06,0.3564442000351846,,,,,,,0.17167400009930134,0.04554500011727214,0.001581300050020218
0.05,13,Random Projection,9.565559825640113,1.6145833333333335,0.013486312912803389,0.05956379999406636,0.023359700106084347,0.10053269984200597,0.00013200007379055023,0.00256159994751215,0.0003991001285612583,0.0004483000375330448,0.0008584000170230865,9.130011312663555e-05,1.6300007700920105e-05,0.05504989996552467,0.05956379999406636,0.05955690029077232,6.899703294038773e-06,0.18345619994215667,,,,,,,,,
0.05,13,Random Sampling,12.603434176848232,0.6380208333333334,0.003253117471623053,0.11928360001184046,0.023359700106084347,0.1241665999405086,,,,,,,,,0.11928360001184046,0.11927479994483292,8.800067007541656e-06,0.2668099000584334,0.00526150013320148,0.014982599997892976,0.019194399937987328,0.0010714998934417963,0.006427899934351444,0.0723369000479579,,,
0.05,13,Non-random,12.105928015323247,0.3333333333333333,0.0029054178994082844,0.2089669001288712,0.023359700106084347,0.18656979990191758,,,,,,,,,0.2089669001288712,0.2089644002262503,2.499902620911598e-06,0.4188964001368731,,,,,,,0.16176740010268986,0.04566310020163655,0.0015338999219238758
0.05,14,Random Projection,8.762171620297464,1.0833333333333335,0.011395505376993222,0.09133210009895265,0.022638299968093634,0.09979420015588403,0.00014700018800795078,0.0025903000496327877,0.0004141000099480152,0.031124999979510903,0.0012523999903351068,0.00012349989265203476,1.610000617802143e-05,0.055653100134804845,0.09133210009895265,0.09132150025106966,1.0599847882986069e-05,0.2137646002229303,,,,,,,,,
0.05,14,Random Sampling,12.670296386731442,0.6953125,0.004773584262436147,0.08985510002821684,0.022638299968093634,0.09700529999099672,,,,,,,,,0.08985510002821684,0.08984810020774603,6.9998204708099365e-06,0.2094986999873072,0.005523100029677153,0.013904300052672625,0.01876890007406473,0.0008425000123679638,0.005800700047984719,0.04500859999097884,,,
0.05,14,Non-random,12.14641224372223,0.3463541666666667,0.0008424088752624556,0.3958101999014616,0.022638299968093634,0.10837589995935559,,,,,,,,,0.3958101999014616,0.39580729976296425,2.9001384973526e-06,0.5268243998289108,,,,,,,0.347334599820897,0.046889099990949035,0.0015835999511182308
0.05,15,Random Projection,9.720264699610563,1.5260416666666667,0.012581079220035027,0.0715372001286596,0.024334499845281243,0.14865420013666153,0.00015949993394315243,0.002167999977245927,0.00036720000207424164,0.0003637999761849642,0.0008316999301314354,7.910002022981644e-05,1.5800120308995247e-05,0.06754550011828542,0.0715372001286596,0.07153060007840395,6.600050255656242e-06,0.24452590011060238,,,,,,,,,
0.05,15,Random Sampling,13.227011686489515,0.7916666666666667,0.0035808492447414533,0.10939479991793633,0.024334499845281243,0.09861629991792142,,,,,,,,,0.10939479991793633,0.10938429995439947,1.0499963536858559e-05,0.232345599681139,0.007859600009396672,0.01780909998342395,0.023419699864462018,0.0009657000191509724,0.00853720004670322,0.050793000031262636,,,
0.05,15,Non-random,12.3822966945089,0.31770833333333337,0.001819398500037879,0.2430654999334365,0.024334499845281243,0.25195989990606904,,,,,,,,,0.2430654999334365,0.24306240025907755,3.0996743589639664e-06,0.5193598996847868,,,,,,,0.19531420012935996,0.046148700173944235,0.0015994999557733536
0.05,16,Random Projection,9.36470674319681,1.3359375,0.012352368826319786,0.06568679981864989,0.02537270006723702,0.10818820004351437,0.00013040006160736084,0.0025013999547809362,0.0003969001118093729,0.0014493002090603113,0.001285600010305643,0.00013939989730715752,2.2600172087550163e-05,0.05975280003622174,0.06568679981864989,0.06567840045318007,8.399365469813347e-06,0.19924769992940128,,,,,,,,,
0.05,16,Random Sampling,13.351410471846792,0.8385416666666667,0.003532694656962543,0.09857020014896989,0.02537270006723702,0.15490159997716546,,,,,,,,,0.09857020014896989,0.0985615998506546,8.600298315286636e-06,0.27884450019337237,0.005072700092568994,0.015670200111344457,0.02430959977209568,0.001505000051110983,0.0056841999758034945,0.046319899847730994,,,
0.05,16,Non-random,12.36433333055565,0.4427083333333333,0.0020357385954361956,0.24977690004743636,0.02537270006723702,0.13190900022163987,,,,,,,,,0.24977690004743636,0.2497743999119848,2.500135451555252e-06,0.40705860033631325,,,,,,,0.20384269999340177,0.04439659998752177,0.0015350999310612679
0.05,17,Random Projection,8.995555532654397,1.15625,0.011026588115139617,0.06284060003235936,0.022647699806839228,0.17564200004562736,0.00012949993833899498,0.00204630009829998,0.00035099987871944904,0.0005578999407589436,0.0008620000444352627,0.00011230004020035267,1.6799895092844963e-05,0.0587593000382185,0.06284060003235936,0.06283509987406433,5.500158295035362e-06,0.26113029988482594,,,,,,,,,
0.05,17,Random Sampling,13.13218038197469,0.7031249999999999,0.004801193239579796,0.0996301001869142,0.022647699806839228,0.10704380017705262,,,,,,,,,0.0996301001869142,0.09962110011838377,9.00006853044033e-06,0.22932160017080605,0.0065384001936763525,0.017232599901035428,0.02151699992828071,0.0008073998615145683,0.006302700145170093,0.04722300008870661,,,
0.05,17,Non-random,12.278029899498415,0.390625,0.0024431397928994097,0.4211440000217408,0.022647699806839228,0.1074552999343723,,,,,,,,,0.4211440000217408,0.4211410996504128,2.900371327996254e-06,0.5512469997629523,,,,,,,0.37401849986054003,0.04554759990423918,0.0015749998856335878
0.05,18,Random Projection,8.537207109431534,1.0911458333333335,0.010583754735237226,0.07151670008897781,0.021817100001499057,0.10071559995412827,0.00015610014088451862,0.0028345000464469194,0.0004047001712024212,0.017784300027415156,0.001168699935078621,0.00012960005551576614,1.6799895092844963e-05,0.049009500071406364,0.07151670008897781,0.07150420034304261,1.2499745935201645e-05,0.19404940004460514,,,,,,,,,
0.05,18,Random Sampling,12.849554537092423,0.7317708333333334,0.004963761800253104,0.09223000006750226,0.021817100001499057,0.10439120000228286,,,,,,,,,0.09223000006750226,0.09222280001267791,7.200054824352264e-06,0.21843830007128417,0.00508629996329546,0.015216600149869919,0.017550700111314654,0.0008592999074608088,0.005578099982813001,0.047931799897924066,,,
0.05,18,Non-random,12.142038617733201,0.3854166666666667,0.00405212742258855,0.21731100021861494,0.021817100001499057,0.10449669999070466,,,,,,,,,0.21731100021861494,0.2173087999690324,2.200249582529068e-06,0.34362480021081865,,,,,,,0.17140230000950396,0.04432779992930591,0.0015787000302225351
0.05,19,Random Projection,9.263532714723885,1.640625,0.010329780953801687,0.06615089997649193,0.021289899945259094,0.15952909993939102,0.00016189995221793652,0.002374500036239624,0.00037729996256530285,0.0005087999161332846,0.001283199992030859,9.400001727044582e-05,1.6799895092844963e-05,0.061326100025326014,0.06615089997649193,0.06614259979687631,8.300179615616798e-06,0.24696989986114204,,,,,,,,,
0.05,19,Random Sampling,12.520277348189406,0.640625,0.00213605558554069,0.10194639977999032,0.021289899945259094,0.09850180009379983,,,,,,,,,0.10194639977999032,0.10193620016798377,1.0199612006545067e-05,0.22173809981904924,0.0070911000948399305,0.01650769985280931,0.022976299980655313,0.0013896001037210226,0.0071455000434070826,0.04682600009255111,,,
0.05,19,Non-random,12.154859738129487,0.3828125,0.0009950328473001119,0.2343768000137061,0.021289899945259094,0.18544439994730055,,,,,,,,,0.2343768000137061,0.2343743999954313,2.400018274784088e-06,0.44111109990626574,,,,,,,0.1880527997855097,0.044792900094762444,0.001528700115159154
0.05,20,Random Projection,9.381124628954307,1.2395833333333335,0.013142158449819558,0.07409879984334111,0.023510399973019958,0.11118660005740821,0.00016149994917213917,0.0028643999248743057,0.0003801998682320118,0.010117599973455071,0.000780200120061636,0.00010609999299049377,1.550000160932541e-05,0.05966479983180761,0.07409879984334111,0.0740902996622026,8.500181138515472e-06,0.20879579987376928,,,,,,,,,
0.05,20,Random Sampling,12.80322464388987,0.6822916666666666,0.0021362328538944084,0.09991310001350939,0.023510399973019958,0.16571009997278452,,,,,,,,,0.09991310001350939,0.09990260004997253,1.0499963536858559e-05,0.28913359995931387,0.007693899795413017,0.01667069992981851,0.018736900063231587,0.0008275001309812069,0.0066957001108676195,0.04927790001966059,,,
0.05,20,Non-random,12.291827812129958,0.33072916666666663,0.0014207733904703645,0.8828040000516921,0.023510399973019958,0.11691039986908436,,,,,,,,,0.8828040000516921,0.8828018999192864,2.100132405757904e-06,1.0232247998937964,,,,,,,0.8369106999598444,0.04430840001441538,0.0015827999450266361
0.1,1,Random Projection,12.151853107542621,0.24479166666666666,0.013692477995068342,0.04759630002081394,0.023289900040253997,0.17052639997564256,0.0001267001498490572,0.0029990999028086662,0.0003225000109523535,0.00037789996713399887,0.0009463001042604446,8.25999304652214e-05,1.5700003132224083e-05,0.042718600016087294,0.04759630002081394,0.04758940008468926,6.8999361246824265e-06,0.2414126000367105,,,,,,,,,
0.1,1,Random Sampling,14.78184772025731,0.1953125,0.004771372314068642,0.08598860003985465,0.023289900040253997,0.10226980014704168,,,,,,,,,0.08598860003985465,0.08598070009611547,7.899943739175797e-06,0.21154830022715032,0.00615620007738471,0.01697320002131164,0.01251520006917417,0.0009421000722795725,0.006764399819076061,0.042629600036889315,,,
0.1,1,Non-random,16.865950070596487,0.06770833333333333,0.0019763712617526935,0.21316689997911453,0.023289900040253997,0.11413529980927706,,,,,,,,,0.21316689997911453,0.21316509996540844,1.800013706088066e-06,0.3505920998286456,,,,,,,0.17132989992387593,0.040288800140842795,0.001546399900689721
0.1,2,Random Projection,11.775010652898896,0.22395833333333331,0.011725801074459766,0.10276889987289906,0.02586160018108785,0.15227629989385605,0.00012700003571808338,0.0029800001066178083,0.00038640014827251434,0.0485644000582397,0.0013029000256210566,0.00015980005264282227,2.319994382560253e-05,0.04921550001017749,0.10276889987289906,0.10275920038111508,9.699491783976555e-06,0.28090679994784296,,,,,,,,,
0.1,2,Random Sampling,15.210852802395266,0.15104166666666669,0.0022288619328658943,0.08719379990361631,0.02586160018108785,0.2621762999333441,,,,,,,,,0.08719379990361631,0.0871827001683414,1.1099735274910927e-05,0.3752317000180483,0.006255999905988574,0.01674919994547963,0.012060800101608038,0.000907400157302618,0.007226600078865886,0.04398269997909665,,,
0.1,2,Non-random,16.814821345195003,0.03385416666666667,0.00045827893820713644,1.42760319984518,0.02586160018108785,0.1434594001621008,,,,,,,,,1.42760319984518,1.4275996999349445,3.4999102354049683e-06,1.5969242001883686,,,,,,,1.3811826000455767,0.04481679992750287,0.0016002999618649483
0.1,3,Random Projection,13.803269615935163,0.3203125,0.014962281074262465,0.05024160002358258,0.02352189994417131,0.16571510001085699,0.0001417999155819416,0.0033015001099556684,0.00036249984987080097,0.0003627999685704708,0.0009538000449538231,0.00010119983926415443,2.159993164241314e-05,0.04498780006542802,0.05024160002358258,0.05023299972526729,8.600298315286636e-06,0.23947859997861087,,,,,,,,,
0.1,3,Random Sampling,15.00146628985859,0.15885416666666666,0.004086964713499661,0.09180259983986616,0.02352189994417131,0.16465440019965172,,,,,,,,,0.09180259983986616,0.09179159998893738,1.0999850928783417e-05,0.2799788999836892,0.007628499995917082,0.017559299943968654,0.01169600011780858,0.001311599975451827,0.009306600084528327,0.04428959987126291,,,
0.1,3,Non-random,16.944981439700307,0.04166666666666667,0.0011651319498510032,0.7001368999481201,0.02352189994417131,0.2332272999919951,,,,,,,,,0.7001368999481201,0.7001336000394076,3.2999087125062943e-06,0.9568860998842865,,,,,,,0.6591199999675155,0.03924040007404983,0.0017731999978423119
0.1,4,Random Projection,12.357503919884566,0.26822916666666663,0.016170139750603593,0.14242329983972013,0.027996799908578396,0.13351060007698834,0.000130099942907691,0.0028364001773297787,0.0004726999904960394,0.08900019992142916,0.0014866001438349485,0.00023889984004199505,2.9199989512562752e-05,0.048216900089755654,0.14242329983972013,0.14241100009530783,1.2299744412302971e-05,0.30393069982528687,,,,,,,,,
0.1,4,Random Sampling,15.109273660519111,0.2265625,0.00442706429899474,0.09265269991010427,0.027996799908578396,0.17757600010372698,,,,,,,,,0.09265269991010427,0.09264390007592738,8.799834176898003e-06,0.29822549992240965,0.006802400108426809,0.018100700108334422,0.013869900023564696,0.0009031998924911022,0.009024800034239888,0.04394289990887046,,,
0.1,4,Non-random,16.792008511523914,0.04427083333333333,0.0034302263789988408,0.21974089997820556,0.027996799908578396,0.11066769994795322,,,,,,,,,0.21974089997820556,0.2197387998457998,2.100132405757904e-06,0.3584053998347372,,,,,,,0.17801199993118644,0.04017940000630915,0.0015473999083042145
0.1,5,Random Projection,13.491670730205964,0.28645833333333337,0.016512546254285637,0.049352800007909536,0.02265519998036325,0.16507879993878305,0.00017360015772283077,0.0030914999078959227,0.0003659001085907221,0.000376800075173378,0.0007691998034715652,9.360001422464848e-05,1.610000617802143e-05,0.04445519996806979,0.049352800007909536,0.04934190004132688,1.0899966582655907e-05,0.23708679992705584,,,,,,,,,
0.1,5,Random Sampling,14.81992837511397,0.13541666666666669,0.0035149733662342697,0.0901800999417901,0.02265519998036325,0.10393099999055266,,,,,,,,,0.0901800999417901,0.09017059998586774,9.499955922365189e-06,0.21676629991270602,0.008133099880069494,0.017904599895700812,0.012414600001648068,0.0008863001130521297,0.008347100112587214,0.04248489998281002,,,
0.1,5,Non-random,16.860979491894085,0.0390625,0.00114518014666809,0.2328349999152124,0.02265519998036325,0.17520579998381436,,,,,,,,,0.2328349999152124,0.2328309000004083,4.09991480410099e-06,0.43069599987939,,,,,,,0.18968169996514916,0.04154270002618432,0.0016065000090748072
0.1,6,Random Projection,12.684798898305143,0.234375,0.013784555473759438,0.04904379998333752,0.026831800118088722,0.10476319980807602,0.00014490005560219288,0.0021389999892562628,0.0004173999186605215,0.0023605001624673605,0.0011382999364286661,0.00011339993216097355,1.5800120308995247e-05,0.042706099804490805,0.04904379998333752,0.04903539991937578,8.400063961744308e-06,0.18063879990950227,,,,,,,,,
0.1,6,Random Sampling,14.952340773765805,0.140625,0.002739036317525187,0.08522280002944171,0.026831800118088722,0.1167313999030739,,,,,,,,,0.08522280002944171,0.0852144998498261,8.300179615616798e-06,0.22878600005060434,0.005364699987694621,0.01624300004914403,0.01200979994609952,0.0008451000321656466,0.0079799999948591,0.04277189983986318,,,
0.1,6,Non-random,16.801406808719296,0.049479166666666664,0.0012629533678756508,0.5112435999326408,0.026831800118088722,0.24772939993999898,,,,,,,,,0.5112435999326408,0.5112408997956663,2.700136974453926e-06,0.7858047999907285,,,,,,,0.46699399990029633,0.04248649999499321,0.0017603999003767967
0.1,7,Random Projection,12.640840992881417,0.25,0.014100103248934848,0.17683959985151887,0.03804180002771318,0.18028950016014278,0.0001691998913884163,0.007442899979650974,0.00045759999193251133,0.11566850007511675,0.0012006000615656376,0.0001534998882561922,2.369983121752739e-05,0.05170790012925863,0.17683959985151887,0.17682389984838665,1.5700003132224083e-05,0.39517090003937483,,,,,,,,,
0.1,7,Random Sampling,15.022782538610393,0.1484375,0.001697790627529075,0.09480249998159707,0.03804180002771318,0.11264009983278811,,,,,,,,,0.09480249998159707,0.09479170013219118,1.0799849405884743e-05,0.24548439984209836,0.008659200044348836,0.01790350000374019,0.012343199923634529,0.0013159001246094704,0.009368600090965629,0.045201299944892526,,,
0.1,7,Non-random,16.851036684068134,0.03645833333333333,0.0008881335489706876,0.2731275998521596,0.03804180002771318,0.1105661999899894,,,,,,,,,0.2731275998521596,0.2731250999495387,2.499902620911598e-06,0.4217355998698622,,,,,,,0.23114719986915588,0.04042130010202527,0.0015565999783575535
0.1,8,Random Projection,11.9039853307107,0.19531249999999997,0.011163203113098125,0.06814930005930364,0.03016530000604689,0.15907879988662899,0.00013360008597373962,0.0024562999606132507,0.0003825998865067959,0.021003799978643656,0.0012531999964267015,0.00022309995256364346,3.900006413459778e-05,0.042648700065910816,0.06814930005930364,0.0681402999907732,9.00006853044033e-06,0.2573933999519795,,,,,,,,,
0.1,8,Random Sampling,14.946084745794309,0.16666666666666669,0.005459584963300457,0.08513830020092428,0.03016530000604689,0.1080315001308918,,,,,,,,,0.08513830020092428,0.08513119979761541,7.100403308868408e-06,0.22333510033786297,0.0068536000326275826,0.018152300035580993,0.010920299915596843,0.0010327999480068684,0.007286099949851632,0.04088609991595149,,,
0.1,8,Non-random,16.875413723304817,0.05729166666666667,0.002248520710059182,0.2010830999352038,0.03016530000604689,0.11337539996020496,,,,,,,,,0.2010830999352038,0.20108069968409836,2.400251105427742e-06,0.34462379990145564,,,,,,,0.1605966999195516,0.03895689989440143,0.001527099870145321
0.1,9,Random Projection,11.846622340655337,0.21354166666666669,0.01465259998438831,0.06192719982936978,0.025144899962469935,0.10106400004588068,0.00014619994908571243,0.002509700134396553,0.0004244998563081026,0.014484000159427524,0.0009991999249905348,0.0001531001180410385,2.310005947947502e-05,0.04317849990911782,0.06192719982936978,0.06191830011084676,8.899718523025513e-06,0.1881360998377204,,,,,,,,,
0.1,9,Random Sampling,15.525162364585057,0.15885416666666669,0.0030705110708715982,0.08056439994834363,0.025144899962469935,0.09680230007506907,,,,,,,,,0.08056439994834363,0.08055790001526475,6.4999330788850784e-06,0.20251159998588264,0.005786099936813116,0.015166900120675564,0.010267599951475859,0.001042200019583106,0.007501699961721897,0.04079340002499521,,,
0.1,9,Non-random,16.916747838964266,0.028645833333333336,0.0012599785130485638,0.3511574000585824,0.025144899962469935,0.10436840006150305,,,,,,,,,0.3511574000585824,0.3511547001544386,2.6999041438102722e-06,0.4806707000825554,,,,,,,0.30421820003539324,0.0453725999686867,0.001563900150358677
0.1,10,Random Projection,12.44421426089619,0.21875,0.013583851975416047,0.04629839980043471,0.022827999899163842,0.10281189996749163,0.00012450013309717178,0.002051800023764372,0.0005051000043749809,0.0018221999052911997,0.0008842998649924994,0.00010950001887977123,1.610000617802143e-05,0.040777700021862984,0.04629839980043471,0.046291199978441,7.1998219937086105e-06,0.17193829966709018,,,,,,,,,
0.1,10,Random Sampling,14.874638238806156,0.1484375,0.0026440243545007153,0.08433090010657907,0.022827999899163842,0.10572719993069768,,,,,,,,,0.08433090010657907,0.08432219992391765,8.700182661414146e-06,0.2128860999364406,0.005684099858626723,0.016417999984696507,0.011221300112083554,0.0008899001404643059,0.008094799937680364,0.0420140998903662,,,
0.1,10,Non-random,16.912739768480197,0.04166666666666667,0.0019760467291553563,0.21231139986775815,0.022827999899163842,0.10877970000728965,,,,,,,,,0.21231139986775815,0.21230899984948337,2.400018274784088e-06,0.34391909977421165,,,,,,,0.1701524998061359,0.040581800043582916,0.0015746999997645617
0.1,11,Random Projection,12.053931154833602,0.2838541666666667,0.013151215005489214,0.04818359995260835,0.022120699984952807,0.1038397999946028,0.00014910008758306503,0.0030555000994354486,0.00038330000825226307,0.0003451998345553875,0.0008865999989211559,0.00010540010407567024,2.2799940779805183e-05,0.04322740016505122,0.04818359995260835,0.04817530023865402,8.29971395432949e-06,0.17414409993216395,,,,,,,,,
0.1,11,Random Sampling,15.056282295064685,0.19010416666666669,0.0061131373936491595,0.0930033999029547,0.022120699984952807,0.10358070000074804,,,,,,,,,0.0930033999029547,0.09299370017834008,9.699724614620209e-06,0.21870479988865554,0.007730100071057677,0.0177156999707222,0.01198350009508431,0.0012117000296711922,0.008926999988034368,0.04542570002377033,,,
0.1,11,Non-random,16.864029810287544,0.052083333333333336,0.0012612756979081124,0.2098308999557048,0.022120699984952807,0.12536210007965565,,,,,,,,,0.2098308999557048,0.20982879982329905,2.100132405757904e-06,0.35731370002031326,,,,,,,0.16757119982503355,0.04072329984046519,0.0015343001578003168
0.1,12,Random Projection,12.813096718848595,0.203125,0.014136864133408034,0.11073549999855459,0.0264661000110209,0.10299819987267256,0.00015059998258948326,0.0025484999641776085,0.00042079994454979897,0.06420560018159449,0.0011676999274641275,0.00011810008436441422,1.5999889001250267e-05,0.04209690005518496,0.11073549999855459,0.11072420002892613,1.1299969628453255e-05,0.24019979988224804,,,,,,,,,
0.1,12,Random Sampling,14.975165239503232,0.15885416666666666,0.003860139781015237,0.08271979982964694,0.0264661000110209,0.09521550009958446,,,,,,,,,0.08271979982964694,0.0827143001370132,5.4996926337480545e-06,0.2044013999402523,0.005385000025853515,0.01536170020699501,0.01155070005916059,0.0008793999440968037,0.007814799901098013,0.041722699999809265,,,
0.1,12,Non-random,16.981324238373425,0.041666666666666664,0.001277886654675292,0.3797196999657899,0.0264661000110209,0.10664719995111227,,,,,,,,,0.3797196999657899,0.3797182000707835,1.4998950064182281e-06,0.5128329999279231,,,,,,,0.34048270015046,0.03773789992555976,0.001497599994763732
0.1,13,Random Projection,11.665390461073837,0.16927083333333331,0.010542321059329382,0.04990510013885796,0.021537200082093477,0.10258920001797378,0.00016239983960986137,0.002596599981188774,0.00038720015436410904,0.0048501999117434025,0.0010296001564711332,0.0001727000344544649,1.719989813864231e-05,0.04067989997565746,0.04990510013885796,0.04989579995162785,9.300187230110168e-06,0.17403150023892522,,,,,,,,,
0.1,13,Random Sampling,15.0171911224859,0.15104166666666666,0.002729893669225325,0.08786959992721677,0.021537200082093477,0.10642779991030693,,,,,,,,,0.08786959992721677,0.08786180010065436,7.799826562404633e-06,0.21583459991961718,0.0065783001482486725,0.018026100005954504,0.010146899847313762,0.0010867000091820955,0.008146400097757578,0.04387739999219775,,,
0.1,13,Non-random,16.855210302481623,0.023437499999999997,0.0007982875334892198,0.2122347999829799,0.021537200082093477,0.10560670006088912,,,,,,,,,0.2122347999829799,0.2122321999631822,2.600019797682762e-06,0.3393787001259625,,,,,,,0.16914180014282465,0.04153199982829392,0.0015583999920636415
0.1,14,Random Projection,11.441940752082427,0.12239583333333334,0.008179038417866893,0.0471947998739779,0.02187870000489056,0.1295700001064688,0.00014859996736049652,0.002758600050583482,0.0004026000387966633,0.002836999949067831,0.0007964000105857849,8.890009485185146e-05,1.5700003132224083e-05,0.040140399942174554,0.0471947998739779,0.04718820005655289,6.5998174250125885e-06,0.19864349998533726,,,,,,,,,
0.1,14,Random Sampling,15.384470038495536,0.17447916666666669,0.0039011142322379067,0.08801300008781254,0.02187870000489056,0.10320599982514977,,,,,,,,,0.08801300008781254,0.08800559979863465,7.400289177894592e-06,0.21309769991785288,0.007466599810868502,0.018286899896338582,0.011897300137206912,0.0011952000204473734,0.007784599903970957,0.04137500002980232,,,
0.1,14,Non-random,16.811811225477047,0.036458333333333336,0.0012993637413084985,0.20691139996051788,0.02187870000489056,0.15586389997042716,,,,,,,,,0.20691139996051788,0.2069093999452889,2.00001522898674e-06,0.3846539999358356,,,,,,,0.16549849999137223,0.0399042998906225,0.0015066000632941723
0.1,15,Random Projection,13.52284809860468,0.2916666666666667,0.012670321333561108,0.049972299952059984,0.026741100009530783,0.107619300018996,0.00014990009367465973,0.0021714000031352043,0.0003837000112980604,0.0013311998918652534,0.0009439999703317881,0.00011279992759227753,1.9300030544400215e-05,0.04485230008140206,0.049972299952059984,0.04996460000984371,7.699942216277122e-06,0.18433269998058677,,,,,,,,,
0.1,15,Random Sampling,15.312086267085482,0.17708333333333331,0.004554665921434997,0.08331940020434558,0.026741100009530783,0.09993360005319118,,,,,,,,,0.08331940020434558,0.08331130002625287,8.100178092718124e-06,0.20999410026706755,0.005600000033155084,0.014777000062167645,0.009582099970430136,0.0009641998913139105,0.007636199938133359,0.04475180013105273,,,
0.1,15,Non-random,17.100995805137643,0.0625,0.002460083332788257,0.35813020006753504,0.026741100009530783,0.10638149990700185,,,,,,,,,0.35813020006753504,0.3581280002836138,2.1997839212417603e-06,0.4912527999840677,,,,,,,0.31801840011030436,0.038559900131076574,0.001549700042232871
0.1,16,Random Projection,11.788026967735565,0.22916666666666669,0.011024154784142357,0.04949620016850531,0.022633899934589863,0.16049539996311069,0.00013649999164044857,0.0025991001166403294,0.00038129999302327633,0.003100800095126033,0.0011455998755991459,0.00014939997345209122,2.4600187316536903e-05,0.0419508998747915,0.04949620016850531,0.049488200107589364,8.00006091594696e-06,0.23262550006620586,,,,,,,,,
0.1,16,Random Sampling,14.900402811999923,0.13541666666666666,0.003258938335161693,0.09417699999175966,0.022633899934589863,0.09996129991486669,,,,,,,,,0.09417699999175966,0.09416820015758276,8.799834176898003e-06,0.2167721998412162,0.0075177999678999186,0.019059300189837813,0.013227200135588646,0.0011446999851614237,0.009296499891206622,0.043922699987888336,,,
0.1,16,Non-random,16.78525348191792,0.0390625,0.0010350188185239695,0.20768400002270937,0.022633899934589863,0.10703719989396632,,,,,,,,,0.20768400002270937,0.20768180000595748,2.200016751885414e-06,0.33735509985126555,,,,,,,0.1669992001261562,0.03914729994721711,0.0015352999325841665
0.1,17,Random Projection,12.229985150977292,0.2109375,0.009551171167628561,0.04831860004924238,0.02368759992532432,0.11886980012059212,0.0001276000402867794,0.0021801998373121023,0.00036419997923076153,0.0014128999318927526,0.001006899867206812,0.00010700011625885963,1.650000922381878e-05,0.043097499990835786,0.04831860004924238,0.04831279977224767,5.8002769947052e-06,0.19087600009515882,,,,,,,,,
0.1,17,Random Sampling,15.299419342573877,0.171875,0.0032596691257745503,0.08133509987965226,0.02368759992532432,0.10055269999429584,,,,,,,,,0.08133509987965226,0.08132650051265955,8.599366992712021e-06,0.20557539979927242,0.006697300123050809,0.015153200132772326,0.011012299917638302,0.000838099978864193,0.007149600191041827,0.04047600016929209,,,
0.1,17,Non-random,16.870208214831525,0.0703125,0.001150534294645164,0.22236460004933178,0.02368759992532432,0.14555169991217554,,,,,,,,,0.22236460004933178,0.22236210014671087,2.499902620911598e-06,0.39160389988683164,,,,,,,0.17768920003436506,0.043085800018161535,0.0015871000941842794
0.1,18,Random Projection,12.671815384040878,0.34375,0.014795856902073815,0.049094799906015396,0.02402440016157925,0.09789959993213415,0.00014800019562244415,0.002206499921157956,0.0003556001465767622,0.001318400027230382,0.0009663999080657959,8.239992894232273e-05,1.5799887478351593e-05,0.0439949999563396,0.049094799906015396,0.04908809997141361,6.6999346017837524e-06,0.1710187999997288,,,,,,,,,
0.1,18,Random Sampling,15.261310339807618,0.1953125,0.0050242869807664015,0.07835079985670745,0.02402440016157925,0.1051712001208216,,,,,,,,,0.07835079985670745,0.0783429997973144,7.800059393048286e-06,0.2075464001391083,0.005218599922955036,0.01473200018517673,0.011042599799111485,0.0009269001893699169,0.007208899827674031,0.039213999873027205,,,
0.1,18,Non-random,16.83621213470218,0.044270833333333336,0.0022748191978961274,0.3397866999730468,0.02402440016157925,0.1049456000328064,,,,,,,,,0.3397866999730468,0.3397846999578178,2.00001522898674e-06,0.4687567001674324,,,,,,,0.2976309999357909,0.04060940002091229,0.0015443000011146069
0.1,19,Random Projection,12.557973828294443,0.30989583333333337,0.014598040156952485,0.04941199999302626,0.02133530005812645,0.12837849999777973,0.00014649983495473862,0.002384499879553914,0.0003510001115500927,0.000714499969035387,0.0009886999614536762,8.559995330870152e-05,1.559988595545292e-05,0.0447176001034677,0.04941199999302626,0.049403999699279666,8.000293746590614e-06,0.19912580004893243,,,,,,,,,
0.1,19,Random Sampling,15.12510446345744,0.140625,0.0031279835868558425,0.08747119992040098,0.02133530005812645,0.0996155000757426,,,,,,,,,0.08747119992040098,0.08745989971794188,1.1300202459096909e-05,0.20842200005427003,0.00709669990465045,0.016851500142365694,0.0118495998904109,0.001118999905884266,0.008603299967944622,0.04193979990668595,,,
0.1,19,Non-random,16.81666933138349,0.033854166666666664,0.0017825981905554567,0.21256810007616878,0.02133530005812645,0.1056540000718087,,,,,,,,,0.21256810007616878,0.2125661000609398,2.00001522898674e-06,0.3395574002061039,,,,,,,0.16848850017413497,0.04252979997545481,0.0015477999113500118
0.1,20,Random Projection,14.334618199508274,0.46614583333333326,0.019180293649935523,0.04775159992277622,0.022907800041139126,0.1479392999317497,0.00014439993537962437,0.002018400002270937,0.00035370001569390297,0.00220889993943274,0.0007388000376522541,8.039991371333599e-05,1.4899997040629387e-05,0.04218320013023913,0.04775159992277622,0.04774269997142255,8.899951353669167e-06,0.21859869989566505,,,,,,,,,
0.1,20,Random Sampling,14.975050685812503,0.17447916666666666,0.003611623626059657,0.08481630007736385,0.022907800041139126,0.10405549989081919,,,,,,,,,0.08481630007736385,0.08480750001035631,8.800067007541656e-06,0.21177960000932217,0.007499899948015809,0.01628180011175573,0.011015099938958883,0.0009461999870836735,0.007569300010800362,0.04149520001374185,,,
0.1,20,Non-random,16.757458908831584,0.049479166666666664,0.0014431948410154882,0.34918999997898936,0.022907800041139126,0.10700060008093715,,,,,,,,,0.34918999997898936,0.3491871999576688,2.800021320581436e-06,0.47909840010106564,,,,,,,0.30699259997345507,0.040605099871754646,0.0015895001124590635
0.15,1,Random Projection,13.376084614148139,0.026041666666666664,0.009892115218658987,0.044236000161617994,0.022132999962195754,0.10071219992823899,0.00015360000543296337,0.002707999898120761,0.00036839977838099003,0.002022600034251809,0.000906399916857481,8.09000339359045e-05,1.5199882909655571e-05,0.03797360020689666,0.044236000161617994,0.04422869975678623,7.300404831767082e-06,0.16708120005205274,,,,,,,,,
0.15,1,Random Sampling,16.49581072411915,0.041666666666666664,0.005020016123906512,0.07717760000377893,0.022132999962195754,0.09785779984667897,,,,,,,,,0.07717760000377893,0.0771683999337256,9.200070053339005e-06,0.19716839981265366,0.005933100124821067,0.015244100010022521,0.009427400073036551,0.0008473999332636595,0.0076540999580174685,0.03806229983456433,,,
0.15,1,Non-random,20.39924634023416,0.0078125,0.0031556754933378117,0.28395810001529753,0.022132999962195754,0.11045309994369745,,,,,,,,,0.28395810001529753,0.283954800106585,3.2999087125062943e-06,0.41654419992119074,,,,,,,0.242987799923867,0.03942110016942024,0.0015459000132977962
0.15,2,Random Projection,13.091406731715496,0.0078125,0.006697963771383958,0.0470656999386847,0.023237300105392933,0.13519900012761354,0.00017950008623301983,0.0034293998032808304,0.00042799999937415123,0.0010476000607013702,0.0009779001120477915,0.00011079991236329079,2.2500054910779e-05,0.04085949994623661,0.0470656999386847,0.04705519997514784,1.0499963536858559e-05,0.20550200017169118,,,,,,,,,
0.15,2,Random Sampling,16.326911815486138,0.0234375,0.0028452233060128063,0.0888061998412013,0.023237300105392933,0.10012560011819005,,,,,,,,,0.0888061998412013,0.08879609988071024,1.009996049106121e-05,0.2121691000647843,0.0074130999855697155,0.01724170008674264,0.010071799857541919,0.0009450998622924089,0.01002599997445941,0.04309840011410415,,,
0.15,2,Non-random,20.095933647070886,0.0026041666666666665,0.0012234157986110994,0.21651960001327097,0.023237300105392933,0.10638360003940761,,,,,,,,,0.21651960001327097,0.21651749988086522,2.100132405757904e-06,0.3461405001580715,,,,,,,0.17250819993205369,0.04247920005582273,0.001530099892988801
0.15,3,Random Projection,13.99175448593357,0.0078125,0.005385812792142369,0.05058009992353618,0.021913900040090084,0.13756789988838136,0.00016709999181330204,0.002351999981328845,0.00036310008727014065,0.003029499901458621,0.0007952000014483929,0.00010719988495111465,1.750001683831215e-05,0.043740499997511506,0.05058009992353618,0.050572099862620234,8.00006091594696e-06,0.21006189985200763,,,,,,,,,
0.15,3,Random Sampling,17.68676618950505,0.036458333333333336,0.003309130938709104,0.07912010001018643,0.021913900040090084,0.10205470002256334,,,,,,,,,0.07912010001018643,0.07911040005274117,9.699957445263863e-06,0.20308870007283986,0.006979500176385045,0.015770699828863144,0.008842600043863058,0.0010040998458862305,0.007045800099149346,0.039467700058594346,,,
0.15,3,Non-random,20.207795166215803,0.005208333333333333,0.003068033854166652,0.460442699957639,0.021913900040090084,0.10910030012018979,,,,,,,,,0.460442699957639,0.46043960028328,3.0996743589639664e-06,0.5914569001179188,,,,,,,0.4166496000252664,0.042200300144031644,0.0015897001139819622
0.15,4,Random Projection,13.590157524546909,0.015625,0.008575891728412277,0.08819560008123517,0.025750000029802322,0.09862950001843274,0.00015750015154480934,0.006009700009599328,0.0004412000998854637,0.04254129994660616,0.0010012001730501652,0.0001634999644011259,2.2700056433677673e-05,0.037846900057047606,0.08819560008123517,0.08818400045856833,1.1599622666835785e-05,0.21257510012947023,,,,,,,,,
0.15,4,Random Sampling,16.859212143595343,0.02864583333333333,0.0025391143730482124,0.10226189997047186,0.025750000029802322,0.11274250014685094,,,,,,,,,0.10226189997047186,0.10225300001911819,8.899951353669167e-06,0.24075440014712512,0.005246500018984079,0.01571239996701479,0.016164900036528707,0.0015519000589847565,0.009507300099357963,0.054069999838247895,,,
0.15,4,Non-random,20.531210262134824,0.0026041666666666665,0.0020495742693726338,0.8273723002057523,0.025750000029802322,0.12402880005538464,,,,,,,,,0.8273723002057523,0.8273694000672549,2.9001384973526e-06,0.9771511002909392,,,,,,,0.786597500089556,0.0391442000400275,0.001627699937671423
0.15,5,Random Projection,13.238810664074059,0.018229166666666664,0.006680122023869223,0.15943100000731647,0.02719960012473166,0.10626329993829131,0.0001542000100016594,0.0032291999086737633,0.00044269999489188194,0.10480440012179315,0.0019603001419454813,0.0001751999370753765,2.1700048819184303e-05,0.048631800105795264,0.15943100000731647,0.15941950026899576,1.1499738320708275e-05,0.29289390007033944,,,,,,,,,
0.15,5,Random Sampling,16.66904277341127,0.03125,0.004839564356579618,0.08125819987617433,0.02719960012473166,0.15259640011936426,,,,,,,,,0.08125819987617433,0.08124870038591325,9.499490261077881e-06,0.26105420012027025,0.005717499880120158,0.015776900108903646,0.00975510012358427,0.002702500205487013,0.006531100021675229,0.040765600046142936,,,
0.15,5,Non-random,20.183564592100453,0.005208333333333333,0.0013726128472222043,0.29999920004047453,0.02719960012473166,0.10979850008152425,,,,,,,,,0.29999920004047453,0.299995900131762,3.2999087125062943e-06,0.43699730024673045,,,,,,,0.25812500016763806,0.04011870012618601,0.001752199837937951
0.15,6,Random Projection,13.43584036807197,0.005208333333333333,0.005213030154920945,0.04414000012911856,0.021578700048848987,0.10895759984850883,0.00014410004951059818,0.0024959000293165445,0.000408099964261055,0.0010493998415768147,0.000779799884185195,0.00011650007218122482,2.2899825125932693e-05,0.03911400004290044,0.04414000012911856,0.04413069970905781,9.300420060753822e-06,0.17467630002647638,,,,,,,,,
0.15,6,Random Sampling,16.85816057020761,0.04166666666666667,0.002273313741185612,0.07598610012792051,0.021578700048848987,0.1458682999946177,,,,,,,,,0.07598610012792051,0.07597669982351363,9.400304406881332e-06,0.2434331001713872,0.006136300042271614,0.014571300009265542,0.010070800082758069,0.0008621998131275177,0.006010199896991253,0.03832589997909963,,,
0.15,6,Non-random,20.224760271871155,0.005208333333333333,0.0017062717013889006,0.20193369989283383,0.021578700048848987,0.11754660005681217,,,,,,,,,0.20193369989283383,0.20193139975890517,2.300133928656578e-06,0.341058999998495,,,,,,,0.16083889990113676,0.03949609980918467,0.001596400048583746
0.15,7,Random Projection,13.822364111630813,0.015625,0.007656109058439803,0.04546210006810725,0.0242121999617666,0.1037930001039058,0.00014479993842542171,0.002395499963313341,0.0003706000279635191,0.002373599912971258,0.0008978000842034817,0.00010160007514059544,1.6200123354792595e-05,0.039153699995949864,0.04546210006810725,0.045453800121322274,8.299946784973145e-06,0.17346730013377964,,,,,,,,,
0.15,7,Random Sampling,16.77417555550761,0.03645833333333333,0.002933594217722324,0.0829434001352638,0.0242121999617666,0.0971215998288244,,,,,,,,,0.0829434001352638,0.08293250016868114,1.0899966582655907e-05,0.2042771999258548,0.006530700018629432,0.017024100059643388,0.010295800166204572,0.0008743000216782093,0.007024999940767884,0.04118259996175766,,,
0.15,7,Non-random,20.072329385612726,0.0078125,0.0022452262950868884,0.20059160003438592,0.0242121999617666,0.10669780010357499,,,,,,,,,0.20059160003438592,0.20058969990350306,1.90013088285923e-06,0.3315016000997275,,,,,,,0.16056820005178452,0.03843669989146292,0.0015847999602556229
0.15,8,Random Projection,13.908479539577897,0.023437500000000003,0.00728565488264088,0.04713409999385476,0.021329599898308516,0.10135340015403926,0.00013040006160736084,0.0022281999699771404,0.0003423001617193222,0.001116700004786253,0.0007281999569386244,8.639995940029621e-05,1.5900004655122757e-05,0.04248029994778335,0.04713409999385476,0.04712840006686747,5.699926987290382e-06,0.16981710004620254,,,,,,,,,
0.15,8,Random Sampling,17.54353965248855,0.046875,0.0028357699196354946,0.07723829988390207,0.021329599898308516,0.0985694001428783,,,,,,,,,0.07723829988390207,0.0772319994866848,6.300397217273712e-06,0.19713729992508888,0.0055120999459177256,0.014853399945423007,0.007262999890372157,0.0007574998307973146,0.00619739992544055,0.042648599948734045,,,
0.15,8,Non-random,20.292196504402796,0.005208333333333333,0.0027585572196960895,0.44896910013630986,0.021329599898308516,0.11782949999906123,,,,,,,,,0.44896910013630986,0.4489663999993354,2.700136974453926e-06,0.5881282000336796,,,,,,,0.4095483000855893,0.03781919996254146,0.0015988999512046576
0.15,9,Random Projection,13.94771843198724,0.010416666666666666,0.007880178510736358,0.04652690002694726,0.02266900008544326,0.10080130002461374,0.0001634999644011259,0.002397299977019429,0.0003720999229699373,0.004191000014543533,0.0008654999546706676,0.00010529998689889908,1.610000617802143e-05,0.038408500142395496,0.04652690002694726,0.04651929996907711,7.6000578701496124e-06,0.16999720013700426,,,,,,,,,
0.15,9,Random Sampling,16.991614194240327,0.04947916666666667,0.006309775455633548,0.10024040006101131,0.02266900008544326,0.10337300016544759,,,,,,,,,0.10024040006101131,0.10023230011574924,8.09994526207447e-06,0.22628240031190217,0.005631899926811457,0.014187100110575557,0.009524299995973706,0.0008787999395281076,0.005798200145363808,0.0642119999974966,,,
0.15,9,Non-random,20.3382158424302,0.005208333333333333,0.003338344653547737,0.22992560011334717,0.02266900008544326,0.12296619988046587,,,,,,,,,0.22992560011334717,0.2299222000874579,3.400025889277458e-06,0.3755608000792563,,,,,,,0.1898388999979943,0.038484400138258934,0.0015988999512046576
0.15,10,Random Projection,13.758740827535334,0.020833333333333332,0.006293566477129725,0.04651400004513562,0.027006500167772174,0.12588960002176464,0.00015309988521039486,0.002723099896684289,0.00045490008778870106,0.0008187000639736652,0.001049799844622612,8.909986354410648e-05,1.6300007700920105e-05,0.04120049998164177,0.04651400004513562,0.04650549963116646,8.500413969159126e-06,0.19941010023467243,,,,,,,,,
0.15,10,Random Sampling,17.141081557229096,0.036458333333333336,0.004515921089393443,0.0766646999400109,0.027006500167772174,0.10001179995015264,,,,,,,,,0.0766646999400109,0.07665419997647405,1.0499963536858559e-05,0.20368300005793571,0.006285799900069833,0.016163300024345517,0.0072858999483287334,0.0007650000043213367,0.00587790017016232,0.040276299929246306,,,
0.15,10,Non-random,20.045652514416023,0.0026041666666666665,0.0017658964412211042,0.20593350008130074,0.027006500167772174,0.16190559999085963,,,,,,,,,0.20593350008130074,0.20593100017867982,2.499902620911598e-06,0.39484560023993254,,,,,,,0.1649007999803871,0.03942540008574724,0.0016048001125454903
0.15,11,Random Projection,17.040898510045455,0.09895833333333333,0.019367151590313547,0.06855690013617277,0.02704939991235733,0.10762429982423782,0.00014819996431469917,0.0024682001676410437,0.00039980001747608185,0.024820500053465366,0.001492499839514494,0.0001504998654127121,2.1900050342082977e-05,0.039045399986207485,0.06855690013617277,0.06854699994437397,9.90019179880619e-06,0.20323059987276793,,,,,,,,,
0.15,11,Random Sampling,16.666318738778262,0.0546875,0.005024132817942534,0.07610339997336268,0.02704939991235733,0.1007485999725759,,,,,,,,,0.07610339997336268,0.07609509979374707,8.300179615616798e-06,0.20390139985829592,0.00566249992698431,0.014997699996456504,0.009229399962350726,0.0008411998860538006,0.006714400136843324,0.0386498998850584,,,
0.15,11,Non-random,20.296150225441313,0.0078125,0.002213541666666652,0.33031479991041124,0.02704939991235733,0.10479509993456304,,,,,,,,,0.33031479991041124,0.3303119002375752,2.8996728360652924e-06,0.4621592997573316,,,,,,,0.2851970000192523,0.04385380004532635,0.001261100172996521
0.15,12,Random Projection,13.637262524149776,0.026041666666666664,0.007635814405741181,0.04375510010868311,0.021991899935528636,0.10290939989499748,0.00012769992463290691,0.002149400068446994,0.0003525000065565109,0.0003567999228835106,0.0007879000622779131,8.070003241300583e-05,1.600012183189392e-05,0.039878400042653084,0.04375510010868311,0.04374940018169582,5.699926987290382e-06,0.16865639993920922,,,,,,,,,
0.15,12,Random Sampling,16.984171090570655,0.041666666666666664,0.005789241025868336,0.07703089993447065,0.021991899935528636,0.12613940006121993,,,,,,,,,0.07703089993447065,0.07702269963920116,8.200295269489288e-06,0.22516219993121922,0.005347900092601776,0.013812399934977293,0.00984519999474287,0.0010883999057114124,0.006560199894011021,0.04036859981715679,,,
0.15,12,Non-random,20.135520891450497,0.0026041666666666665,0.0016444594366672172,0.21603929996490479,0.021991899935528636,0.11031899997033179,,,,,,,,,0.21603929996490479,0.21603689994663,2.400018274784088e-06,0.3483501998707652,,,,,,,0.17643319978378713,0.0380731001496315,0.0015306000132113695
0.15,13,Random Projection,13.923666379501007,0.026041666666666668,0.0078124256909445355,0.05638399999588728,0.024814700009301305,0.11600490007549524,0.0001441999338567257,0.002575000049546361,0.000408099964261055,0.01268130005337298,0.001270099775865674,0.00014290004037320614,2.2399937734007835e-05,0.03912970004603267,0.05638399999588728,0.056373699801042676,1.0300194844603539e-05,0.19720360008068383,,,,,,,,,
0.15,13,Random Sampling,17.381905749748867,0.0390625,0.004210099327126154,0.08425380010157824,0.024814700009301305,0.09943539998494089,,,,,,,,,0.08425380010157824,0.08424319978803396,1.0600313544273376e-05,0.20850390009582043,0.00605079997330904,0.01725929998792708,0.008804699871689081,0.0010466000530868769,0.007992299972102046,0.04308949992991984,,,
0.15,13,Non-random,20.072578158776814,0.005208333333333333,0.0012396694214875936,0.20721179991960526,0.024814700009301305,0.20985909993760288,,,,,,,,,0.20721179991960526,0.20720970002003014,2.09989957511425e-06,0.44188559986650944,,,,,,,0.16694499994628131,0.0390006999950856,0.00126400007866323
0.15,14,Random Projection,13.72219285876951,0.013020833333333332,0.004895195233232369,0.04332799999974668,0.022555700037628412,0.09973500017076731,0.00015159999020397663,0.002666400047019124,0.0003597999457269907,0.0004875999875366688,0.0009965000208467245,0.00010300008580088615,1.6300007700920105e-05,0.03853960009291768,0.04332799999974668,0.04332080017775297,7.1998219937086105e-06,0.1656187002081424,,,,,,,,,
0.15,14,Random Sampling,16.441920892400056,0.03645833333333333,0.003969424773600377,0.07721760007552803,0.022555700037628412,0.0975573998875916,,,,,,,,,0.07721760007552803,0.07721059978939593,7.000286132097244e-06,0.19733070000074804,0.005227499874308705,0.01450489996932447,0.009583000093698502,0.0007825000211596489,0.0060767000541090965,0.041035999776795506,,,
0.15,14,Non-random,20.238331729114893,0.005208333333333333,0.0008789062500000056,0.354181099915877,0.022555700037628412,0.1084517000708729,,,,,,,,,0.354181099915877,0.3541783003602177,2.7995556592941284e-06,0.4851885000243783,,,,,,,0.3151905001141131,0.03743950021453202,0.0015483000315725803
0.15,15,Random Projection,13.520818898448262,0.026041666666666664,0.006115256998612234,0.04362010001204908,0.02120009995996952,0.09971909993328154,0.00014590006321668625,0.002346400171518326,0.00037070014514029026,0.00039670011028647423,0.0007648998871445656,8.180015720427036e-05,1.5700003132224083e-05,0.03949199989438057,0.04362010001204908,0.043614100432023406,5.999580025672913e-06,0.16453929990530014,,,,,,,,,
0.15,15,Random Sampling,16.453902626474175,0.03125,0.005606143321521706,0.07861039997078478,0.02120009995996952,0.14781789993867278,,,,,,,,,0.07861039997078478,0.07860170025378466,8.699717000126839e-06,0.24762839986942708,0.005349499871954322,0.014359600143507123,0.009232599986717105,0.0008011001627892256,0.006395400036126375,0.042463500052690506,,,
0.15,15,Non-random,20.22244214823796,0.0026041666666666665,0.0018744574652777846,0.3513882998377085,0.02120009995996952,0.10977909993380308,,,,,,,,,0.3513882998377085,0.3513856998179108,2.600019797682762e-06,0.4823674997314811,,,,,,,0.3082182998768985,0.04159469995647669,0.001572699984535575
0.15,16,Random Projection,15.529521340258153,0.0625,0.016809912447525527,0.078918999992311,0.026301800040528178,0.1207216999027878,0.00012749992311000824,0.0022237999364733696,0.0003637999761849642,0.032677700044587255,0.0012185999657958746,0.00019979989156126976,2.6700086891651154e-05,0.04206979996524751,0.078918999992311,0.0789076997898519,1.1300202459096909e-05,0.22594249993562698,,,,,,,,,
0.15,16,Random Sampling,16.140888611252485,0.03385416666666667,0.005249492421431162,0.08474699989892542,0.026301800040528178,0.12776880012825131,,,,,,,,,0.08474699989892542,0.08473809994757175,8.899951353669167e-06,0.23881760006770492,0.00679449993185699,0.01697340002283454,0.010764299891889095,0.0009588999673724174,0.008361400105059147,0.040885600028559566,,,
0.15,16,Non-random,20.164061253624507,0.0026041666666666665,0.0035404836081778523,0.706682100193575,0.026301800040528178,0.13061819993890822,,,,,,,,,0.706682100193575,0.7066794000566006,2.700136974453926e-06,0.8636021001730114,,,,,,,0.6653380000498146,0.039729699958115816,0.0016117000486701727
0.15,17,Random Projection,13.677155259895246,0.04427083333333333,0.012976540586020324,0.04509040014818311,0.022045399993658066,0.09859819989651442,0.0001433000434190035,0.002067399909719825,0.000336499884724617,0.00034740008413791656,0.0007251000497490168,7.790001109242439e-05,1.5999889001250267e-05,0.041370300110429525,0.04509040014818311,0.04508389998227358,6.500165909528732e-06,0.1657340000383556,,,,,,,,,
0.15,17,Random Sampling,17.09210458917363,0.020833333333333332,0.003821632525744939,0.07605989999137819,0.022045399993658066,0.10760770016349852,,,,,,,,,0.07605989999137819,0.07605209993198514,7.800059393048286e-06,0.20571300014853477,0.005516299977898598,0.014542700024321675,0.009985599899664521,0.0008530998602509499,0.006563200149685144,0.03859120002016425,,,
0.15,17,Non-random,20.269481043513515,0.0026041666666666665,0.00157699443413728,0.35595680004917085,0.022045399993658066,0.10920509998686612,,,,,,,,,0.35595680004917085,0.35595350014045835,3.2999087125062943e-06,0.48720730002969503,,,,,,,0.3085558000020683,0.04575270018540323,0.0016449999529868364
0.15,18,Random Projection,13.573957227430347,0.018229166666666664,0.01203109737680344,0.047930500004440546,0.02480220003053546,0.10191099997609854,0.0001471999567002058,0.0024973000399768353,0.0003565000370144844,0.004691199865192175,0.0009802000131458044,0.00011489982716739178,2.2800173610448837e-05,0.03911309991963208,0.047930500004440546,0.04792319983243942,7.300172001123428e-06,0.17464370001107454,,,,,,,,,
0.15,18,Random Sampling,16.64475997001415,0.03125,0.0031182600657706228,0.0854264001827687,0.02480220003053546,0.11912930011749268,,,,,,,,,0.0854264001827687,0.08541719987988472,9.200302883982658e-06,0.22935790033079684,0.0056258998811244965,0.015950500033795834,0.009719399968162179,0.0008547999896109104,0.007922600023448467,0.04534399998374283,,,
0.15,18,Non-random,20.027456077548507,0.005208333333333333,0.0029937594872659623,0.3016846999526024,0.02480220003053546,0.22481729998253286,,,,,,,,,0.3016846999526024,0.3016824999358505,2.200016751885414e-06,0.5513041999656707,,,,,,,0.2622346000280231,0.037898499984294176,0.0015493999235332012
0.15,19,Random Projection,13.992114025031112,0.005208333333333333,0.004226604969740838,0.0457077999599278,0.02750750002451241,0.16231809998862445,0.00013149995356798172,0.002700099954381585,0.0003339000977575779,0.0013061999343335629,0.0009839001577347517,0.00011819996871054173,2.0899809896945953e-05,0.0401055000256747,0.0457077999599278,0.04570019990205765,7.6000578701496124e-06,0.23553339997306466,,,,,,,,,
0.15,19,Random Sampling,16.67017933527743,0.020833333333333332,0.003256845648616419,0.08613909990526736,0.02750750002451241,0.10081230010837317,,,,,,,,,0.08613909990526736,0.08612630004063249,1.2799864634871483e-05,0.21445890003815293,0.005453800084069371,0.016891299979761243,0.011884500039741397,0.0009538000449538231,0.008214599918574095,0.04272829997353256,,,
0.15,19,Non-random,20.201071116256855,0.0026041666666666665,0.0012587855940118242,0.2585367001593113,0.02750750002451241,0.11194190010428429,,,,,,,,,0.2585367001593113,0.25853440002538264,2.300133928656578e-06,0.397986100288108,,,,,,,0.21708910004235804,0.03986839996650815,0.001576900016516447
0.15,20,Random Projection,13.535057078456253,0.018229166666666668,0.005050583598178893,0.04633589996956289,0.023316800128668547,0.1028110000770539,0.000134199857711792,0.002723400015383959,0.00032430002465844154,0.0017921000253409147,0.0007331001106649637,8.929986506700516e-05,1.6300007700920105e-05,0.04051609989255667,0.04633589996956289,0.04632879979908466,7.100170478224754e-06,0.17246370017528534,,,,,,,,,
0.15,20,Random Sampling,16.794983815617375,0.04166666666666667,0.0017032022311697093,0.08390420000068843,0.023316800128668547,0.11709999991580844,,,,,,,,,0.08390420000068843,0.08389530004933476,8.899951353669167e-06,0.22432100004516542,0.005600000033155084,0.016293399967253208,0.007660700008273125,0.0008169999346137047,0.007297300035133958,0.046226900070905685,,,
0.15,20,Non-random,20.037399725076543,0.010416666666666666,0.0010539376090750452,0.39424649998545647,0.023316800128668547,0.11582519998773932,,,,,,,,,0.39424649998545647,0.3942435998469591,2.9001384973526e-06,0.5333885001018643,,,,,,,0.352295899996534,0.04043559986166656,0.001512099988758564
0.2,1,Random Projection,14.25382353809596,0.0,0.001689099466240851,0.04637139989063144,0.025239000096917152,0.10324259987100959,0.0001471000723540783,0.0032131997868418694,0.0003768999595195055,0.003591999877244234,0.0009834000375121832,0.00020260014571249485,2.3700064048171043e-05,0.03782199998386204,0.04637139989063144,0.04636089992709458,1.0499963536858559e-05,0.17485299985855818,,,,,,,,,
0.2,1,Random Sampling,18.421255947547845,0.010416666666666666,0.0034112771977396483,0.07445419998839498,0.025239000096917152,0.10157840000465512,,,,,,,,,0.07445419998839498,0.07444520015269518,8.999835699796677e-06,0.20127160008996725,0.005816200049594045,0.01657879981212318,0.007315200055018067,0.0008332000579684973,0.006574300117790699,0.03732750006020069,,,
0.2,1,Non-random,22.985263586532177,0.0,0.001633029513888884,0.39284899993799627,0.025239000096917152,0.12916640006005764,,,,,,,,,0.39284899993799627,0.3928467999212444,2.200016751885414e-06,0.5472544000949711,,,,,,,0.351303500123322,0.03995559993200004,0.0015876998659223318
0.2,2,Random Projection,14.282916270760214,0.0,0.0020749778489438653,0.047942700097337365,0.025828999932855368,0.12202210002578795,0.00015300000086426735,0.002668599830940366,0.0003644998650997877,0.00329370005056262,0.0008140997961163521,0.00010739988647401333,2.010003663599491e-05,0.04051399999298155,0.047942700097337365,0.047935399459674954,7.300637662410736e-06,0.19579380005598068,,,,,,,,,
0.2,2,Random Sampling,17.964951564523492,0.0026041666666666665,0.0022825450449497076,0.08079959987662733,0.025828999932855368,0.10125750000588596,,,,,,,,,0.08079959987662733,0.08078969968482852,9.90019179880619e-06,0.20788609981536865,0.006393800023943186,0.017464600037783384,0.00815919996239245,0.000963500002399087,0.007341399788856506,0.04046719986945391,,,
0.2,2,Non-random,22.719913275819138,0.0,0.0006157769097221988,0.2084776998963207,0.025828999932855368,0.15275639994069934,,,,,,,,,0.2084776998963207,0.20847579999826849,1.8998980522155762e-06,0.3870630997698754,,,,,,,0.1698117998894304,0.0370925001334399,0.0015714999753981829
0.2,3,Random Projection,14.276888265917924,0.0,0.0031735045523268446,0.04189680004492402,0.023236200213432312,0.14986959984526038,0.0001243001315742731,0.002332900185137987,0.00042360019870102406,0.0006302997935563326,0.0011035001371055841,9.310012683272362e-05,1.5700003132224083e-05,0.03716609999537468,0.04189680004492402,0.04188950057141483,7.299473509192467e-06,0.21500260010361671,,,,,,,,,
0.2,3,Random Sampling,17.56756966533503,0.005208333333333333,0.0038365311437907335,0.07560620014555752,0.023236200213432312,0.11226600012741983,,,,,,,,,0.07560620014555752,0.07559730019420385,8.899951353669167e-06,0.21110840048640966,0.006987100001424551,0.015328100183978677,0.007345600053668022,0.0007891999557614326,0.006358399987220764,0.03878890001215041,,,
0.2,3,Non-random,22.62309635401798,0.0,0.002056206597222221,0.21636179997585714,0.023236200213432312,0.11665420001372695,,,,,,,,,0.21636179997585714,0.21635959995910525,2.200016751885414e-06,0.3562522002030164,,,,,,,0.17378489999100566,0.040965700056403875,0.0016089999116957188
0.2,4,Random Projection,14.073915630355843,0.0,0.004150903621934265,0.04952059988863766,0.02685249992646277,0.15025249985046685,0.00015070009976625443,0.003297800198197365,0.0003925999626517296,0.0011414000764489174,0.0007733001839369535,0.00011969986371695995,2.2399937734007835e-05,0.04361409996636212,0.04952059988863766,0.049512000288814306,8.599599823355675e-06,0.22662559966556728,,,,,,,,,
0.2,4,Random Sampling,18.250574962163892,0.0078125,0.0028404009646702255,0.08407559990882874,0.02685249992646277,0.11698969989083707,,,,,,,,,0.08407559990882874,0.08406429970636964,1.1300202459096909e-05,0.22791779972612858,0.007084699813276529,0.016581099946051836,0.009380900068208575,0.0018879000563174486,0.007388399913907051,0.0417412999086082,,,
0.2,4,Non-random,22.796664229637326,0.0,0.0021375868055555636,1.2767121999058872,0.02685249992646277,0.23820669995620847,,,,,,,,,1.2767121999058872,1.2767090999986976,3.0999071896076202e-06,1.5417713997885585,,,,,,,1.233231300022453,0.041799800004810095,0.001677999971434474
0.2,5,Random Projection,14.529653379474777,0.0026041666666666665,0.002489003998272482,0.15408340003341436,0.02837099996395409,0.16842900007031858,0.00017550005577504635,0.002668099943548441,0.000831299927085638,0.10901000001467764,0.0012038999702781439,0.0001401000190526247,2.4300068616867065e-05,0.040018299827352166,0.15408340003341436,0.15407149982638657,1.190020702779293e-05,0.35088340006768703,,,,,,,,,
0.2,5,Random Sampling,18.614535522107342,0.005208333333333333,0.0031159332748000867,0.07919050008058548,0.02837099996395409,0.10217149998061359,,,,,,,,,0.07919050008058548,0.07918130001053214,9.200070053339005e-06,0.20973300002515316,0.00655749998986721,0.017526400042697787,0.00864990008994937,0.0008355998434126377,0.006635500118136406,0.03897639992646873,,,
0.2,5,Non-random,22.845791510274037,0.0,0.002202690972222199,0.37602420011535287,0.02837099996395409,0.19174330006353557,,,,,,,,,0.37602420011535287,0.376022000098601,2.200016751885414e-06,0.5961385001428425,,,,,,,0.33643689984455705,0.03794610011391342,0.0016390001401305199
0.2,6,Random Projection,14.208668847868017,0.0026041666666666665,0.003784554465250639,0.051781400106847286,0.026438700035214424,0.19423369993455708,0.00012720003724098206,0.002949099987745285,0.0004414999857544899,0.009355399990454316,0.0011283999774605036,0.00011710007674992085,1.619989052414894e-05,0.037637900095433,0.051781400106847286,0.05177280004136264,8.600065484642982e-06,0.2724538000766188,,,,,,,,,
0.2,6,Random Sampling,18.03635715373227,0.0,0.0033096307304558703,0.07976699993014336,0.026438700035214424,0.15250879991799593,,,,,,,,,0.07976699993014336,0.07975530019029975,1.1699739843606949e-05,0.2587144998833537,0.005393800092861056,0.015564700122922659,0.008067799964919686,0.0011314000003039837,0.008357100188732147,0.04124049982056022,,,
0.2,6,Non-random,22.748495877231292,0.0,0.002056206597222221,0.22118869982659817,0.026438700035214424,0.13284819992259145,,,,,,,,,0.22118869982659817,0.22118670004419982,1.9997823983430862e-06,0.38047559978440404,,,,,,,0.17906690016388893,0.04048800002783537,0.001631799852475524
0.2,7,Random Projection,14.159879354538631,0.0026041666666666665,0.0025564536467775623,0.048782699974253774,0.02319149998947978,0.20048050000332296,0.00012360000982880592,0.0023492001928389072,0.0003916998393833637,0.0016522000078111887,0.0009691000450402498,0.00011360016651451588,1.6800127923488617e-05,0.04316070000641048,0.048782699974253774,0.048776900395751,5.799578502774239e-06,0.2724546999670565,,,,,,,,,
0.2,7,Random Sampling,17.665741972412725,0.0026041666666666665,0.002695122428372193,0.08513269992545247,0.02319149998947978,0.1275551998987794,,,,,,,,,0.08513269992545247,0.08512059948407114,1.2100441381335258e-05,0.23587939981371164,0.008218499831855297,0.017698299838230014,0.008337799925357103,0.0015727998688817024,0.007301900070160627,0.04199129994958639,,,
0.2,7,Non-random,22.604979571019843,0.0,0.001780870225694453,0.8103145000059158,0.02319149998947978,0.1786349001340568,,,,,,,,,0.8103145000059158,0.8103107998613268,3.700144588947296e-06,1.0121409001294523,,,,,,,0.7672591998707503,0.041461999993771315,0.001589599996805191
0.2,8,Random Projection,15.329254432959083,0.0,0.002167226538463435,0.046078900108113885,0.02645249990746379,0.1814720998518169,0.00012700003571808338,0.0019849000964313745,0.0003583999350667,0.0025667999871075153,0.0008157000411301851,0.00010850001126527786,1.6399892047047615e-05,0.04009500006213784,0.046078900108113885,0.046072700060904026,6.200047209858894e-06,0.25400349986739457,,,,,,,,,
0.2,8,Random Sampling,19.03930424794043,0.013020833333333334,0.0033872002067220908,0.07861730013974011,0.02645249990746379,0.10519700008444488,,,,,,,,,0.07861730013974011,0.07859879988245666,1.8500257283449173e-05,0.21026680013164878,0.006446400191634893,0.016290900064632297,0.007653299951925874,0.0008328999392688274,0.007106799865141511,0.04026849986985326,,,
0.2,8,Non-random,22.709550745899914,0.0,0.0013346354166666463,0.20816610008478165,0.02645249990746379,0.10740080010145903,,,,,,,,,0.20816610008478165,0.2081639999523759,2.100132405757904e-06,0.34201940009370446,,,,,,,0.1695733000524342,0.03708019992336631,0.0015104999765753746
0.2,9,Random Projection,14.280193079562968,0.0026041666666666665,0.004114455236144177,0.04305380000732839,0.022161199944093823,0.09617579984478652,0.00014819996431469917,0.0022656999062746763,0.00036780000664293766,0.0005166998598724604,0.0007430999539792538,8.520018309354782e-05,1.5399884432554245e-05,0.03890569997020066,0.04305380000732839,0.04304779972881079,6.000278517603874e-06,0.16139079979620874,,,,,,,,,
0.2,9,Random Sampling,17.87092784995928,0.013020833333333334,0.003109417796376218,0.07589629990980029,0.022161199944093823,0.1602402999997139,,,,,,,,,0.07589629990980029,0.07588670030236244,9.599607437849045e-06,0.258297799853608,0.005325400037690997,0.014906200114637613,0.0073241000063717365,0.001012700144201517,0.0064067000057548285,0.04091159999370575,,,
0.2,9,Non-random,22.809192956340947,0.0,0.0021104600694444586,0.3257771998178214,0.022161199944093823,0.1078449001070112,,,,,,,,,0.3257771998178214,0.3257743997965008,2.800021320581436e-06,0.4557832998689264,,,,,,,0.2812326999846846,0.042993499897420406,0.0015481999143958092
0.2,10,Random Projection,14.155062261281609,0.0,0.0021662417589561334,0.051237900042906404,0.024356800131499767,0.12288910010829568,0.00014919997192919254,0.002419099910184741,0.00035220012068748474,0.005331499967724085,0.0010241998825222254,0.00010779988951981068,1.6200123354792595e-05,0.04182850010693073,0.051237900042906404,0.051228699972853065,9.200070053339005e-06,0.19848380028270185,,,,,,,,,
0.2,10,Random Sampling,18.23228934517855,0.010416666666666666,0.0018086633180742773,0.07836119993589818,0.024356800131499767,0.12183469999581575,,,,,,,,,0.07836119993589818,0.07835260010324419,8.599832653999329e-06,0.2245527000632137,0.005407100077718496,0.016123399836942554,0.00781710003502667,0.0008564000017940998,0.007044000085443258,0.04110460006631911,,,
0.2,10,Non-random,22.733705693305183,0.0,0.003152126736111094,0.20968259987421334,0.024356800131499767,0.11218439997173846,,,,,,,,,0.20968259987421334,0.20968029997311532,2.299901098012924e-06,0.34622379997745156,,,,,,,0.16868699993938208,0.03953499998897314,0.001458300044760108
0.2,11,Random Projection,14.213141102721442,0.0,0.0038157205717432585,0.042452000081539154,0.021860700100660324,0.10292069986462593,0.00014560017734766006,0.002362899947911501,0.0003855000250041485,0.00040449993684887886,0.0009139000903815031,9.029987268149853e-05,1.640012487769127e-05,0.03812739998102188,0.042452000081539154,0.04244650015607476,5.499925464391708e-06,0.1672334000468254,,,,,,,,,
0.2,11,Random Sampling,18.32633225537596,0.005208333333333333,0.0030401427354096178,0.07786100008524954,0.021860700100660324,0.12974170013330877,,,,,,,,,0.07786100008524954,0.07785220025107265,8.799834176898003e-06,0.22946340031921864,0.0069414000026881695,0.015561700100079179,0.007952200016006827,0.0013338001444935799,0.007369099883362651,0.03869400010444224,,,
0.2,11,Non-random,22.616823874474388,0.0,0.0028944227430555414,0.37816349999047816,0.021860700100660324,0.11122860014438629,,,,,,,,,0.37816349999047816,0.3781608999706805,2.600019797682762e-06,0.5112528002355248,,,,,,,0.3371069999411702,0.03952460014261305,0.0015292998868972063
0.2,12,Random Projection,14.36412830560202,0.0026041666666666665,0.004821941024379828,0.04171249992214143,0.022106199990957975,0.1472648000344634,0.00014679995365440845,0.0023387998808175325,0.00033279997296631336,0.0009608000982552767,0.0008402999956160784,8.179992437362671e-05,1.5099998563528061e-05,0.036988699808716774,0.04171249992214143,0.04170509963296354,7.400289177894592e-06,0.2110834999475628,,,,,,,,,
0.2,12,Random Sampling,18.074090359455525,0.010416666666666666,0.005834649850745194,0.08077779994346201,0.022106199990957975,0.11818960006348789,,,,,,,,,0.08077779994346201,0.08076739986427128,1.0400079190731049e-05,0.22107359999790788,0.007865099934861064,0.0169879999011755,0.008447299944236875,0.001035700086504221,0.006869399920105934,0.03956190007738769,,,
0.2,12,Non-random,22.760575568742695,0.0,0.0033311631944444586,0.208544900175184,0.022106199990957975,0.11897480022162199,,,,,,,,,0.208544900175184,0.2085418002679944,3.0999071896076202e-06,0.349625900387764,,,,,,,0.16811280022375286,0.038807000033557415,0.0016220000106841326
0.2,13,Random Projection,14.23225800803778,0.0,0.0031345514204669522,0.041139200096949935,0.02158669987693429,0.10041579999960959,0.00014699995517730713,0.002101199934259057,0.0004409998655319214,0.0006402998697012663,0.0007269000634551048,8.769985288381577e-05,1.5800120308995247e-05,0.03697350015863776,0.041139200096949935,0.04113339981995523,5.8002769947052e-06,0.16314169997349381,,,,,,,,,
0.2,13,Random Sampling,18.06913404688725,0.0026041666666666665,0.0034156421424559325,0.07140939985401928,0.02158669987693429,0.09936410002410412,,,,,,,,,0.07140939985401928,0.07140180002897978,7.5998250395059586e-06,0.1923601997550577,0.005371099803596735,0.01518810004927218,0.007083300035446882,0.0007661001291126013,0.005493300035595894,0.037499899975955486,,,
0.2,13,Non-random,22.702381174153558,0.0,0.0016764322916666685,0.21167699992656708,0.02158669987693429,0.16676940000616014,,,,,,,,,0.21167699992656708,0.21167349978350103,3.500143066048622e-06,0.4000330998096615,,,,,,,0.168012399924919,0.041930099949240685,0.0017309999093413353
0.2,14,Random Projection,14.080369401220844,0.0,0.003490271713155385,0.045242599910125136,0.022760399850085378,0.15775460004806519,0.0001292999368160963,0.0023294000420719385,0.00035889982245862484,0.000839899992570281,0.0009110001847147942,0.0001151000615209341,2.3200176656246185e-05,0.04052949999459088,0.045242599910125136,0.045236300211399794,6.2996987253427505e-06,0.2257575998082757,,,,,,,,,
0.2,14,Random Sampling,17.826450347209825,0.0026041666666666665,0.0030895870657874913,0.07869239989668131,0.022760399850085378,0.11166339996270835,,,,,,,,,0.07869239989668131,0.07868409994989634,8.299946784973145e-06,0.21311619970947504,0.006739999866113067,0.015526500064879656,0.00821570004336536,0.0008588000200688839,0.006951899966225028,0.04039119998924434,,,
0.2,14,Non-random,22.83461579114555,0.0026041666666666665,0.0016892882220207461,0.4934266998898238,0.022760399850085378,0.14728829986415803,,,,,,,,,0.4934266998898238,0.49342399998568,2.6999041438102722e-06,0.6634753996040672,,,,,,,0.4442247000988573,0.04764060000889003,0.0015586998779326677
0.2,15,Random Projection,14.971671391127117,0.0026041666666666665,0.00289954097038142,0.04493579990230501,0.022999699926003814,0.15145040000788867,0.00014730007387697697,0.002792899962514639,0.00037269992753863335,0.0017059000674635172,0.00129060004837811,9.34000127017498e-05,1.600012183189392e-05,0.03850840008817613,0.04493579990230501,0.04492720030248165,8.599599823355675e-06,0.2193858998361975,,,,,,,,,
0.2,15,Random Sampling,18.64150355207184,0.013020833333333332,0.0028063369856594356,0.07387409987859428,0.022999699926003814,0.09613030008040369,,,,,,,,,0.07387409987859428,0.07386669982224703,7.400056347250938e-06,0.19300409988500178,0.007126200012862682,0.015046500135213137,0.006895700003951788,0.0009980998001992702,0.005718099884688854,0.0380820999853313,,,
0.2,15,Non-random,23.020177861097142,0.0,0.0008490668402778012,0.2182495000306517,0.022999699926003814,0.11073960014618933,,,,,,,,,0.2182495000306517,0.2182477000169456,1.800013706088066e-06,0.35198880010284483,,,,,,,0.17689509992487729,0.039753600023686886,0.0015990000683814287
0.2,16,Random Projection,14.983570744498968,0.0026041666666666665,0.0050798340249531004,0.04260629997588694,0.020934800151735544,0.1031265000347048,0.00014629983343183994,0.0022438999731093645,0.0003933999687433243,0.0019457999151200056,0.0011730999685823917,0.0001113000325858593,1.71000137925148e-05,0.03656879998743534,0.04260629997588694,0.04259969969280064,6.600283086299896e-06,0.1666676001623273,,,,,,,,,
0.2,16,Random Sampling,18.390089726168075,0.005208333333333333,0.004052375646685535,0.07838510000146925,0.020934800151735544,0.13664759998209774,,,,,,,,,0.07838510000146925,0.07837740005925298,7.699942216277122e-06,0.23596750013530254,0.005221799947321415,0.014815199887380004,0.0076604001224040985,0.0008149000350385904,0.0062627000734210014,0.04360239999368787,,,
0.2,16,Non-random,22.60524124338964,0.0,0.001907009548611116,0.3291945999953896,0.020934800151735544,0.11270869988948107,,,,,,,,,0.3291945999953896,0.329191799974069,2.800021320581436e-06,0.4628381000366062,,,,,,,0.28631170000880957,0.041233900003135204,0.0016461999621242285
0.2,17,Random Projection,14.614872847464756,0.0026041666666666665,0.004928459477459318,0.0478328000754118,0.023193900007754564,0.09869759995490313,0.00016990001313388348,0.002336400095373392,0.00047520012594759464,0.005677700042724609,0.0008288000244647264,0.00010680011473596096,1.5900004655122757e-05,0.038212700048461556,0.0478328000754118,0.047823400469496846,9.39960591495037e-06,0.1697243000380695,,,,,,,,,
0.2,17,Random Sampling,18.16966509988861,0.0026041666666666665,0.004127459661506239,0.07654549996368587,0.023193900007754564,0.10731599992141128,,,,,,,,,0.07654549996368587,0.07653669966384768,8.80029983818531e-06,0.2070553998928517,0.004961099941283464,0.01540150004439056,0.0075339998584240675,0.0007960998918861151,0.00661069992929697,0.04123329999856651,,,
0.2,17,Non-random,22.6555361632185,0.0,0.0024088541666666685,0.211214599898085,0.023193900007754564,0.1423621999565512,,,,,,,,,0.211214599898085,0.21121270000003278,1.8998980522155762e-06,0.37677069986239076,,,,,,,0.16911439993418753,0.040516600012779236,0.0015817000530660152
0.2,18,Random Projection,14.810313013523194,0.0,0.003667515720752912,0.04401549999602139,0.025107499910518527,0.11911249998956919,0.0001441999338567257,0.0023019001819193363,0.0003667001146823168,0.0006818999536335468,0.001140400068834424,9.079999290406704e-05,1.5700003132224083e-05,0.03926420002244413,0.04401549999602139,0.04400580027140677,9.699724614620209e-06,0.1882354998961091,,,,,,,,,
0.2,18,Random Sampling,18.64884610656035,0.005208333333333333,0.003654986189976922,0.08342650020495057,0.025107499910518527,0.12129020015709102,,,,,,,,,0.08342650020495057,0.08341799979098141,8.500413969159126e-06,0.22982420027256012,0.006855699932202697,0.01634339988231659,0.008152100024744868,0.0007865000516176224,0.008136600023135543,0.04314369987696409,,,
0.2,18,Non-random,22.661054129086043,0.0,0.002341037326388906,0.2086364000570029,0.025107499910518527,0.11671100021339953,,,,,,,,,0.2086364000570029,0.20863420004025102,2.200016751885414e-06,0.35045490018092096,,,,,,,0.16771949990652502,0.039380399975925684,0.0015343001578003168
0.2,19,Random Projection,14.590677841845428,0.005208333333333333,0.006488805006646725,0.04286279994994402,0.022711300058290362,0.10882780002430081,0.0001267001498490572,0.0023666000925004482,0.00033009983599185944,0.0004607001319527626,0.0007961001247167587,8.79999715834856e-05,1.6300007700920105e-05,0.038671699818223715,0.04286279994994402,0.04285620013251901,6.5998174250125885e-06,0.1744019000325352,,,,,,,,,
0.2,19,Random Sampling,18.556879701120923,0.0026041666666666665,0.005112013987234654,0.07659070007503033,0.022711300058290362,0.14459650008939207,,,,,,,,,0.07659070007503033,0.07658119988627732,9.500188753008842e-06,0.24389850022271276,0.005382800009101629,0.014232399873435497,0.0072553998325020075,0.0008016000501811504,0.007771600037813187,0.04113740008324385,,,
0.2,19,Non-random,22.82606749412765,0.0026041666666666665,0.0031506156181480838,0.33663360006175935,0.022711300058290362,0.11321400012820959,,,,,,,,,0.33663360006175935,0.33663100004196167,2.600019797682762e-06,0.4725589002482593,,,,,,,0.2918459000065923,0.04322759993374348,0.0015575001016259193
0.2,20,Random Projection,14.244420690209425,0.0,0.0033842122823590504,0.05471240007318556,0.026704699965193868,0.10311280004680157,0.00014909985475242138,0.0025746000465005636,0.0006488999351859093,0.01119690015912056,0.0012296999339014292,0.0001338000874966383,2.1800165995955467e-05,0.03874819981865585,0.05471240007318556,0.054703000001609325,9.400071576237679e-06,0.184529900085181,,,,,,,,,
0.2,20,Random Sampling,18.405014346714644,0.026041666666666664,0.004454945684039063,0.07654850021936,0.026704699965193868,0.15838059992529452,,,,,,,,,0.07654850021936,0.07653980003669858,8.700182661414146e-06,0.2616338001098484,0.005513699958100915,0.0153566999360919,0.007454499835148454,0.0008508001919835806,0.005934300133958459,0.04142979998141527,,,
0.2,20,Non-random,22.986830016199907,0.0,0.0016221788194444586,0.4054813999682665,0.026704699965193868,0.1153029000852257,,,,,,,,,0.4054813999682665,0.4054795999545604,1.800013706088066e-06,0.5474890000186861,,,,,,,0.36519169993698597,0.03876030002720654,0.0015275999903678894
