experiment,K,rep,seed,n,m,rho_n,a_in,b_out,signal_gap,p_in,p_out,num_hyperedges_total,theta_nnz,theta_density,generation_wall_sec,hypergraph_laplacian_build_wall_sec,sampling_mode,num_isolated_nodes,isolated_fraction,hypergraph_degree_mean,hypergraph_degree_max,expected_hyperedges_total,expected_hyperedges_per_n,expected_degree_mean,candidate_within_fraction,method,method_key,misclassification_rate,ARI,NMI,metric_wall_sec,eigen_decomposition_wall_sec,embedding_normalize_wall_sec,kmeans_wall_sec,spectral_clustering_wall_sec,top_eigenvalue_max,top_eigenvalue_min,method_wall_sec,algorithm_total_wall_sec,rp_draw_omega_sec,rp_power_iter_sec,rp_qr_sec,rp_build_core_sec,rp_small_eig_sec,rp_lift_sec,rs_sample_matrix_wall_sec,rs_original_upper_nnz,rs_sampled_upper_nnz,rs_sampling_probability,cs_draw_hash_sec,cs_embedding_dim,cs_bucket_min_load,cs_bucket_max_load,cs_empty_buckets,cs_initial_multiply_sec,cs_power_iter_sec,cs_qr_sec,cs_build_core_sec,cs_small_eig_sec,cs_lift_sec
K_compensated_reference_signal,3,1,2026350706,6000,3,4.0,36.0,4.0,32.0,4e-06,4.4444444444444444e-07,29982,185308,0.005147444444444444,0.1710634590126574,0.03223333298228681,sparse,0,0.0,14.991,33.0,30192.89688888889,5.032149481481482,15.096448444444444,0.1109999938302488,Non-random eigsh,non_random,0.01649999999999996,0.9510974439382104,0.9135374567038645,0.005787750007584691,0.006217874935828149,5.5832904763519764e-05,0.04004450002685189,0.04631949996110052,0.9999999999999997,0.693845106919153,0.048704958986490965,0.24961499986238778,,,,,,,,,,,,,,,,,,,,,
K_compensated_reference_signal,3,1,2026350706,6000,3,4.0,36.0,4.0,32.0,4e-06,4.4444444444444444e-07,29982,185308,0.005147444444444444,0.1710634590126574,0.03223333298228681,sparse,0,0.0,14.991,33.0,30192.89688888889,5.032149481481482,15.096448444444444,0.1109999938302488,Gaussian RP,gaussian_random_projection,0.5388333333333333,0.03762462083497403,0.0332119166714963,0.0028631669702008367,0.018208499997854233,0.0003441659500822425,0.2876974589889869,0.30625212495215237,0.7345768679953363,0.5114926331395394,0.30851074995007366,0.5095469169318676,0.0007799580926075578,0.008033125079236925,0.005612249951809645,0.0023052090546116233,0.0006349580362439156,0.0002649590605869889,,,,,,,,,,,,,,,
K_compensated_reference_signal,3,1,2026350706,6000,3,4.0,36.0,4.0,32.0,4e-06,4.4444444444444444e-07,29982,185308,0.005147444444444444,0.1710634590126574,0.03223333298228681,sparse,0,0.0,14.991,33.0,30192.89688888889,5.032149481481482,15.096448444444444,0.1109999938302488,Random sampling,random_sampling,0.6318333333333334,0.0037367079676591647,0.010024203578073028,0.0034207080025225878,0.026451916084624827,5.391694139689207e-05,0.12712449999526143,0.15363208402413875,1.4877802957974648,1.4239630866246118,0.15622825000900775,0.35692712501622736,,,,,,,0.003834625007584691,95654.0,28906.0,0.3,,,,,,,,,,,
K_compensated_reference_signal,3,1,2026350706,6000,3,4.0,36.0,4.0,32.0,4e-06,4.4444444444444444e-07,29982,185308,0.005147444444444444,0.1710634590126574,0.03223333298228681,sparse,0,0.0,14.991,33.0,30192.89688888889,5.032149481481482,15.096448444444444,0.1109999938302488,CountSketch RP,countsketch_random_projection,0.5358333333333334,0.03833567226205351,0.03365492408970933,0.0042264999356120825,0.02158758300356567,0.00025454198475927114,0.23687612498179078,0.25872004101984203,0.7595943938711299,0.5112809640505032,0.2612277079606429,0.46201504196505994,,,,,,,,,,,0.0003493749536573887,33.0,153.0,202.0,0.0,0.0030891660135239363,0.004905833979137242,0.007466375012882054,0.004696457996033132,0.000636707991361618,0.00020566699095070362
K_compensated_reference_signal,3,2,2026350707,6000,3,4.0,36.0,4.0,32.0,4e-06,4.4444444444444444e-07,30093,185954,0.005165388888888889,0.18919812503736466,0.029376083053648472,sparse,0,0.0,15.0465,31.0,30192.89688888889,5.032149481481482,15.096448444444444,0.1109999938302488,Non-random eigsh,non_random,0.017000000000000015,0.9496494793509932,0.9113088839884373,0.005666290991939604,0.006315291975624859,5.3750001825392246e-05,0.03713499999139458,0.043505458044819534,0.9999999999999999,0.6921604542565389,0.045497875078581274,0.26207825005985796,,,,,,,,,,,,,,,,,,,,,
K_compensated_reference_signal,3,2,2026350707,6000,3,4.0,36.0,4.0,32.0,4e-06,4.4444444444444444e-07,30093,185954,0.005165388888888889,0.18919812503736466,0.029376083053648472,sparse,0,0.0,15.0465,31.0,30192.89688888889,5.032149481481482,15.096448444444444,0.1109999938302488,Gaussian RP,gaussian_random_projection,0.492,0.06987696719903723,0.060460527924723596,0.004400374949909747,0.021684666979126632,0.00016779208090156317,0.1504258339991793,0.1722795000532642,0.7729312546395312,0.5165129378828855,0.17512358294334263,0.39085250115022063,0.0012931660749018192,0.011373457964509726,0.00538008299190551,0.00229350000154227,0.0005927090533077717,0.0002652079565450549,,,,,,,,,,,,,,,
K_compensated_reference_signal,3,2,2026350707,6000,3,4.0,36.0,4.0,32.0,4e-06,4.4444444444444444e-07,30093,185954,0.005165388888888889,0.18919812503736466,0.029376083053648472,sparse,0,0.0,15.0465,31.0,30192.89688888889,5.032149481481482,15.096448444444444,0.1109999938302488,Random sampling,random_sampling,0.6285000000000001,0.0030731542959404603,0.007665822011609129,0.0044271249789744616,0.03977737494278699,5.40000619366765e-05,0.18592545797582716,0.22575879096984863,1.4842435356557435,1.4222113899430668,0.2276287080021575,0.44433104107156396,,,,,,,0.0057182080345228314,95977.0,28746.0,0.3,,,,,,,,,,,
K_compensated_reference_signal,3,2,2026350707,6000,3,4.0,36.0,4.0,32.0,4e-06,4.4444444444444444e-07,30093,185954,0.005165388888888889,0.18919812503736466,0.029376083053648472,sparse,0,0.0,15.0465,31.0,30192.89688888889,5.032149481481482,15.096448444444444,0.1109999938302488,CountSketch RP,countsketch_random_projection,0.51,0.05910471461092464,0.052640602599831866,0.004273541970178485,0.013368624961003661,0.0004047499969601631,0.138005584012717,0.15177975001279265,0.8015373186769646,0.5148646932858972,0.1529271670151502,0.37035316706169397,,,,,,,,,,,0.00021974998526275158,33.0,160.0,210.0,0.0,0.0018942090682685375,0.0036336249904707074,0.003717459039762616,0.003197291982360184,0.0003179999766871333,0.00014979206025600433
K_compensated_reference_signal,3,3,2026350708,6000,3,4.0,36.0,4.0,32.0,4e-06,4.4444444444444444e-07,30204,186592,0.005183111111111111,0.2072556250495836,0.03337979200296104,sparse,0,0.0,15.102,32.0,30192.89688888889,5.032149481481482,15.096448444444444,0.1109999938302488,Non-random eigsh,non_random,0.019000000000000017,0.943792419585534,0.902717776280668,0.0037228750297799706,0.008057666011154652,5.695910658687353e-05,0.03775929205585271,0.04587529192212969,1.0000000000000002,0.6927154074225382,0.047730708960443735,0.2865093342261389,,,,,,,,,,,,,,,,,,,,,
K_compensated_reference_signal,3,3,2026350708,6000,3,4.0,36.0,4.0,32.0,4e-06,4.4444444444444444e-07,30204,186592,0.005183111111111111,0.2072556250495836,0.03337979200296104,sparse,0,0.0,15.102,32.0,30192.89688888889,5.032149481481482,15.096448444444444,0.1109999938302488,Gaussian RP,gaussian_random_projection,0.5335,0.04444809674509641,0.040128871381149414,0.003973416984081268,0.02183483389671892,0.0007106249686330557,0.16744512494187802,0.18999270803760737,0.7820747222944245,0.510897220438552,0.1922559579834342,0.43062600085977465,0.0015569159295409918,0.009579541045241058,0.006830417085438967,0.0028263330459594727,0.00031262508127838373,0.00017608399502933025,,,,,,,,,,,,,,,
K_compensated_reference_signal,3,3,2026350708,6000,3,4.0,36.0,4.0,32.0,4e-06,4.4444444444444444e-07,30204,186592,0.005183111111111111,0.2072556250495836,0.03337979200296104,sparse,0,0.0,15.102,32.0,30192.89688888889,5.032149481481482,15.096448444444444,0.1109999938302488,Random sampling,random_sampling,0.6493333333333333,0.0009642591487584325,0.0028678394848311046,0.004254124942235649,0.019745125086046755,5.595805123448372e-05,0.09937191696371883,0.11917441699188203,1.4826805965789083,1.4287301713305,0.12092766701243818,0.3598084171535447,,,,,,,0.003348750062286854,96296.0,28923.0,0.3,,,,,,,,,,,
K_compensated_reference_signal,3,3,2026350708,6000,3,4.0,36.0,4.0,32.0,4e-06,4.4444444444444444e-07,30204,186592,0.005183111111111111,0.2072556250495836,0.03337979200296104,sparse,0,0.0,15.102,32.0,30192.89688888889,5.032149481481482,15.096448444444444,0.1109999938302488,CountSketch RP,countsketch_random_projection,0.5415,0.037357386319661824,0.03318560018285658,0.00388587499037385,0.016877375077456236,0.00017904106061905622,0.13046687503810972,0.14752450003288686,0.7547319108996858,0.5083136410682944,0.1487317910650745,0.38815870822872967,,,,,,,,,,,0.0003463749308139086,33.0,150.0,203.0,0.0,0.002042458043433726,0.0029089159797877073,0.00698000006377697,0.002904915949329734,0.0006113749695941806,0.0001796659780666232
K_compensated_reference_signal,3,4,2026350709,6000,3,4.0,36.0,4.0,32.0,4e-06,4.4444444444444444e-07,30423,187868,0.005218555555555555,0.20855516707524657,0.030755333020351827,sparse,0,0.0,15.2115,31.0,30192.89688888889,5.032149481481482,15.096448444444444,0.1109999938302488,Non-random eigsh,non_random,0.01749999999999996,0.9481720131858786,0.9091269207487267,0.0032238749554380774,0.007089791004545987,5.341705400496721e-05,0.03508374991361052,0.04222766601014882,1.0000000000000004,0.6903728350286022,0.04346679092850536,0.28153745806775987,,,,,,,,,,,,,,,,,,,,,
K_compensated_reference_signal,3,4,2026350709,6000,3,4.0,36.0,4.0,32.0,4e-06,4.4444444444444444e-07,30423,187868,0.005218555555555555,0.20855516707524657,0.030755333020351827,sparse,0,0.0,15.2115,31.0,30192.89688888889,5.032149481481482,15.096448444444444,0.1109999938302488,Gaussian RP,gaussian_random_projection,0.5201666666666667,0.04901827144835378,0.04284490077477627,0.003556957934051752,0.020670500001870096,0.00012762495316565037,0.1426395409507677,0.16343866696115583,0.7279238837341654,0.5118711337256345,0.16538195894099772,0.40274816600140184,0.0012732089962810278,0.010323124937713146,0.00453175010625273,0.0037989169359207153,0.00030491710640490055,0.00010962493252009153,,,,,,,,,,,,,,,
K_compensated_reference_signal,3,4,2026350709,6000,3,4.0,36.0,4.0,32.0,4e-06,4.4444444444444444e-07,30423,187868,0.005218555555555555,0.20855516707524657,0.030755333020351827,sparse,0,0.0,15.2115,31.0,30192.89688888889,5.032149481481482,15.096448444444444,0.1109999938302488,Random sampling,random_sampling,0.6426666666666667,0.0028943225231744707,0.0053638759847010765,0.004488333943299949,0.03253162500914186,5.4875039495527744e-05,0.1442306669196114,0.17681858397554606,1.4782785859043526,1.416760915007221,0.17859191703610122,0.4161276670638472,,,,,,,0.0038165419828146696,96934.0,28969.0,0.3,,,,,,,,,,,
K_compensated_reference_signal,3,4,2026350709,6000,3,4.0,36.0,4.0,32.0,4e-06,4.4444444444444444e-07,30423,187868,0.005218555555555555,0.20855516707524657,0.030755333020351827,sparse,0,0.0,15.2115,31.0,30192.89688888889,5.032149481481482,15.096448444444444,0.1109999938302488,CountSketch RP,countsketch_random_projection,0.53,0.0467922695726383,0.04099713643136789,0.003574750036932528,0.01159412506967783,0.00038641702849417925,0.23066929203923792,0.24265074997674674,0.7438676760281959,0.5060256741861934,0.24435108399484307,0.4819603342330083,,,,,,,,,,,0.00018745800480246544,33.0,155.0,203.0,0.0,0.002162208082154393,0.002865249989554286,0.004326583002693951,0.0015986249782145023,0.0002875420032069087,0.00011424999684095383
K_compensated_reference_signal,3,5,2026350710,6000,3,4.0,36.0,4.0,32.0,4e-06,4.4444444444444444e-07,30000,185314,0.0051476111111111115,0.2045201660366729,0.03268599999137223,sparse,0,0.0,15.0,32.0,30192.89688888889,5.032149481481482,15.096448444444444,0.1109999938302488,Non-random eigsh,non_random,0.016833333333333367,0.9501192132436472,0.9121724189685537,0.004034209065139294,0.007863832986913621,6.312492769211531e-05,0.041063457960262895,0.04899174999445677,0.9999999999999996,0.6942100178803606,0.0510137090459466,0.28619658190291375,,,,,,,,,,,,,,,,,,,,,
K_compensated_reference_signal,3,5,2026350710,6000,3,4.0,36.0,4.0,32.0,4e-06,4.4444444444444444e-07,30000,185314,0.0051476111111111115,0.2045201660366729,0.03268599999137223,sparse,0,0.0,15.0,32.0,30192.89688888889,5.032149481481482,15.096448444444444,0.1109999938302488,Gaussian RP,gaussian_random_projection,0.5283333333333333,0.055570415528931126,0.05199697085870708,0.004820875008590519,0.022502791951410472,0.000555541948415339,0.2679402499925345,0.2909998749382794,0.66726348148903,0.514076708555923,0.2938121249899268,0.5282047499204054,0.0011047080624848604,0.008458958007395267,0.006949374917894602,0.004150332999415696,0.0006712909089401364,0.0004195410292595625,,,,,,,,,,,,,,,
K_compensated_reference_signal,3,5,2026350710,6000,3,4.0,36.0,4.0,32.0,4e-06,4.4444444444444444e-07,30000,185314,0.0051476111111111115,0.2045201660366729,0.03268599999137223,sparse,0,0.0,15.0,32.0,30192.89688888889,5.032149481481482,15.096448444444444,0.1109999938302488,Random sampling,random_sampling,0.6134999999999999,0.010578490246752115,0.01952717063178484,0.004351207986474037,0.026584874955005944,5.850009620189667e-05,0.1540014579659328,0.18064649996813387,1.4936180190990735,1.4259128801326513,0.18216837500222027,0.41785099904518574,,,,,,,0.003151874989271164,95657.0,28605.0,0.3,,,,,,,,,,,
K_compensated_reference_signal,3,5,2026350710,6000,3,4.0,36.0,4.0,32.0,4e-06,4.4444444444444444e-07,30000,185314,0.0051476111111111115,0.2045201660366729,0.03268599999137223,sparse,0,0.0,15.0,32.0,30192.89688888889,5.032149481481482,15.096448444444444,0.1109999938302488,CountSketch RP,countsketch_random_projection,0.5268333333333333,0.04448538409846297,0.03900786579263774,0.003793874988332391,0.017302207998000085,0.0001667920732870698,0.17541866609826684,0.192889166995883,0.7690414869837017,0.5110553550422459,0.19477445899974555,0.4300938321975991,,,,,,,,,,,0.00035991601180285215,33.0,151.0,215.0,0.0,0.003077541012316942,0.004450042033568025,0.005802916013635695,0.002035917015746236,0.0007909170817583799,0.00018504203762859106
K_compensated_reference_signal,4,1,2026450706,6000,3,7.111111111111111,36.0,4.0,32.0,7.111111111111111e-06,7.901234567901234e-07,42564,260262,0.0072295,0.3131630839779973,0.04795641603413969,sparse,0,0.0,21.282,44.0,42624.01422222222,7.10400237037037,21.31200711111111,0.06240625521614945,Non-random eigsh,non_random,0.037833333333333385,0.901651714170294,0.8548477897082446,0.004777792026288807,0.010721792001277208,8.212495595216751e-05,0.05573633301537484,0.06654170900583267,0.9999999999999999,0.6060638234695447,0.06840308289974928,0.4276597499847412,,,,,,,,,,,,,,,,,,,,,
K_compensated_reference_signal,4,1,2026450706,6000,3,7.111111111111111,36.0,4.0,32.0,7.111111111111111e-06,7.901234567901234e-07,42564,260262,0.0072295,0.3131630839779973,0.04795641603413969,sparse,0,0.0,21.282,44.0,42624.01422222222,7.10400237037037,21.31200711111111,0.06240625521614945,Gaussian RP,gaussian_random_projection,0.6658333333333333,0.015988746322904382,0.017227956503299318,0.003331167041324079,0.0305872909957543,0.000386958010494709,0.3421502918936312,0.37312583392485976,0.7483333501478678,0.46847002123870085,0.3748427079990506,0.7342440409120172,0.000806833035312593,0.008692917064763606,0.014312416082248092,0.005814666976220906,0.0005899160169064999,0.00019441696349531412,,,,,,,,,,,,,,,
K_compensated_reference_signal,4,1,2026450706,6000,3,7.111111111111111,36.0,4.0,32.0,7.111111111111111e-06,7.901234567901234e-07,42564,260262,0.0072295,0.3131630839779973,0.04795641603413969,sparse,0,0.0,21.282,44.0,42624.01422222222,7.10400237037037,21.31200711111111,0.06240625521614945,Random sampling,random_sampling,0.7221666666666666,0.002002501183871776,0.0033988135186198017,0.003826749976724386,0.023858165950514376,6.312504410743713e-05,0.11711774999275804,0.14104079199023545,1.4635243837702747,1.3585769754490507,0.14328537497203797,0.5021585409995168,,,,,,,0.004682625061832368,133131.0,39949.0,0.3,,,,,,,,,,,
K_compensated_reference_signal,4,1,2026450706,6000,3,7.111111111111111,36.0,4.0,32.0,7.111111111111111e-06,7.901234567901234e-07,42564,260262,0.0072295,0.3131630839779973,0.04795641603413969,sparse,0,0.0,21.282,44.0,42624.01422222222,7.10400237037037,21.31200711111111,0.06240625521614945,CountSketch RP,countsketch_random_projection,0.6773333333333333,0.010172942435031859,0.011095130308656123,0.00365358404815197,0.022155666956678033,0.0006532499101012945,0.32005125004798174,0.34286220802459866,0.771340344716438,0.46788503877304743,0.34588329191319644,0.7039796669268981,,,,,,,,,,,0.00017795804888010025,34.0,148.0,201.0,0.0,0.0026802080683410168,0.005338666960597038,0.007274166098795831,0.005036125076003373,0.0009343749843537807,0.00014525000005960464
K_compensated_reference_signal,4,2,2026450707,6000,3,7.111111111111111,36.0,4.0,32.0,7.111111111111111e-06,7.901234567901234e-07,42533,259984,0.0072217777777777775,0.2912032080348581,0.04697233298793435,sparse,0,0.0,21.2665,41.0,42624.01422222222,7.10400237037037,21.31200711111111,0.06240625521614945,Non-random eigsh,non_random,0.04516666666666669,0.8831449365348953,0.8323971639456824,0.004898290964774787,0.010705042048357427,6.0292077250778675e-05,0.04558125010225922,0.05634787504095584,1.0,0.6029648856248665,0.05835387494880706,0.3945221252506599,,,,,,,,,,,,,,,,,,,,,
K_compensated_reference_signal,4,2,2026450707,6000,3,7.111111111111111,36.0,4.0,32.0,7.111111111111111e-06,7.901234567901234e-07,42533,259984,0.0072217777777777775,0.2912032080348581,0.04697233298793435,sparse,0,0.0,21.2665,41.0,42624.01422222222,7.10400237037037,21.31200711111111,0.06240625521614945,Gaussian RP,gaussian_random_projection,0.6535,0.020099609363167636,0.02146519404227221,0.0035975000355392694,0.024195209029130638,0.000344666070304811,0.3495052920188755,0.37404691707342863,0.8287438882976272,0.4703785621239892,0.37580083298962563,0.7122207081411034,0.0008233329281210899,0.00947433291003108,0.008981292019598186,0.004125583916902542,0.00040212494786828756,7.320789154618979e-05,,,,,,,,,,,,,,,
K_compensated_reference_signal,4,2,2026450707,6000,3,7.111111111111111,36.0,4.0,32.0,7.111111111111111e-06,7.901234567901234e-07,42533,259984,0.0072217777777777775,0.2912032080348581,0.04697233298793435,sparse,0,0.0,21.2665,41.0,42624.01422222222,7.10400237037037,21.31200711111111,0.06240625521614945,Random sampling,random_sampling,0.7026666666666667,0.004421361674317997,0.006083761403039817,0.0032050838926807046,0.023764541023410857,6.583298090845346e-05,0.21126837492920458,0.23510016698855907,1.4680683481170569,1.3654544517628353,0.23718945810105652,0.5732742899563164,,,,,,,0.004720165976323187,132992.0,40163.0,0.3,,,,,,,,,,,
K_compensated_reference_signal,4,2,2026450707,6000,3,7.111111111111111,36.0,4.0,32.0,7.111111111111111e-06,7.901234567901234e-07,42533,259984,0.0072217777777777775,0.2912032080348581,0.04697233298793435,sparse,0,0.0,21.2665,41.0,42624.01422222222,7.10400237037037,21.31200711111111,0.06240625521614945,CountSketch RP,countsketch_random_projection,0.6896666666666667,0.010352197837652021,0.011796393723333251,0.004596584010869265,0.024067500024102628,0.000258082989603281,0.35958429193124175,0.38391070801299065,0.744455416691562,0.4704827599532798,0.38559337495826185,0.7220854159677401,,,,,,,,,,,0.0004208749160170555,34.0,152.0,200.0,0.0,0.004134582937695086,0.007256999961100519,0.008848208002746105,0.0027025419985875487,0.0003933750558644533,6.508291698992252e-05
K_compensated_reference_signal,4,3,2026450708,6000,3,7.111111111111111,36.0,4.0,32.0,7.111111111111111e-06,7.901234567901234e-07,42647,260736,0.007242666666666666,0.3075715840095654,0.05152312503196299,sparse,0,0.0,21.3235,41.0,42624.01422222222,7.10400237037037,21.31200711111111,0.06240625521614945,Non-random eigsh,non_random,0.03849999999999998,0.8999916690108223,0.8527356321601866,0.005060750059783459,0.011557291960343719,7.204199209809303e-05,0.05165170808322728,0.06328262505121529,1.0000000000000013,0.6058061398816919,0.06532358401454985,0.4223757510771975,,,,,,,,,,,,,,,,,,,,,
K_compensated_reference_signal,4,3,2026450708,6000,3,7.111111111111111,36.0,4.0,32.0,7.111111111111111e-06,7.901234567901234e-07,42647,260736,0.007242666666666666,0.3075715840095654,0.05152312503196299,sparse,0,0.0,21.3235,41.0,42624.01422222222,7.10400237037037,21.31200711111111,0.06240625521614945,Gaussian RP,gaussian_random_projection,0.6791666666666667,0.013591764582963958,0.015605133238564864,0.003958625020459294,0.03138437494635582,0.0013105410616844893,0.32091333298012614,0.35361033398658037,0.7477961280401842,0.46929832244006836,0.3552810000255704,0.7127029580296949,0.0008129589259624481,0.008357833023183048,0.010619792039506137,0.010348375071771443,0.0008475000504404306,0.00013641698751598597,,,,,,,,,,,,,,,
K_compensated_reference_signal,4,3,2026450708,6000,3,7.111111111111111,36.0,4.0,32.0,7.111111111111111e-06,7.901234567901234e-07,42647,260736,0.007242666666666666,0.3075715840095654,0.05152312503196299,sparse,0,0.0,21.3235,41.0,42624.01422222222,7.10400237037037,21.31200711111111,0.06240625521614945,Random sampling,random_sampling,0.6759999999999999,0.014971615605715782,0.019428109177187444,0.005352374981157482,0.03415704204235226,5.970802158117294e-05,0.11250112496782094,0.1467195829609409,1.4561551642085127,1.3510231074468373,0.14858529099728912,0.5058125840732828,,,,,,,0.0043981249909847975,133368.0,39803.0,0.3,,,,,,,,,,,
K_compensated_reference_signal,4,3,2026450708,6000,3,7.111111111111111,36.0,4.0,32.0,7.111111111111111e-06,7.901234567901234e-07,42647,260736,0.007242666666666666,0.3075715840095654,0.05152312503196299,sparse,0,0.0,21.3235,41.0,42624.01422222222,7.10400237037037,21.31200711111111,0.06240625521614945,CountSketch RP,countsketch_random_projection,0.6518333333333333,0.022243229373339165,0.02340037966955925,0.004427874926477671,0.02377341699320823,0.00013566704001277685,0.33246316597796977,0.35637387493625283,0.7745749868110962,0.4689384854103046,0.3599788339342922,0.7154669590527192,,,,,,,,,,,0.00017487502191215754,34.0,141.0,206.0,0.0,0.0028684589779004455,0.003648167010396719,0.006658833008259535,0.008758749929256737,0.0008482079720124602,0.0001319999573752284
K_compensated_reference_signal,4,4,2026450709,6000,3,7.111111111111111,36.0,4.0,32.0,7.111111111111111e-06,7.901234567901234e-07,42258,258304,0.007175111111111111,0.2603313750587404,0.04430050007067621,sparse,0,0.0,21.129,41.0,42624.01422222222,7.10400237037037,21.31200711111111,0.06240625521614945,Non-random eigsh,non_random,0.04049999999999998,0.8948919659098973,0.846393477918488,0.005732874968089163,0.010217707953415811,6.420793943107128e-05,0.04764262505341321,0.05792587494943291,1.0000000000000002,0.6080359419665748,0.05976520897820592,0.3625564160756767,,,,,,,,,,,,,,,,,,,,,
K_compensated_reference_signal,4,4,2026450709,6000,3,7.111111111111111,36.0,4.0,32.0,7.111111111111111e-06,7.901234567901234e-07,42258,258304,0.007175111111111111,0.2603313750587404,0.04430050007067621,sparse,0,0.0,21.129,41.0,42624.01422222222,7.10400237037037,21.31200711111111,0.06240625521614945,Gaussian RP,gaussian_random_projection,0.667,0.01856023295637839,0.020066948559344495,0.0037756249075755477,0.02213241590652615,0.00013104197569191456,0.2756453329930082,0.2979100000811741,0.8146210784182788,0.47140974269210106,0.30165250005666167,0.6025406660046428,0.001295791007578373,0.009097834001295269,0.007995042018592358,0.0027299580397084355,0.0004200420808047056,0.0003120830515399575,,,,,,,,,,,,,,,
K_compensated_reference_signal,4,4,2026450709,6000,3,7.111111111111111,36.0,4.0,32.0,7.111111111111111e-06,7.901234567901234e-07,42258,258304,0.007175111111111111,0.2603313750587404,0.04430050007067621,sparse,0,0.0,21.129,41.0,42624.01422222222,7.10400237037037,21.31200711111111,0.06240625521614945,Random sampling,random_sampling,0.7106666666666667,0.013617137223901348,0.013689873967297289,0.0028896669391542673,0.029126666951924562,6.004201713949442e-05,0.146957749966532,0.1761460000416264,1.4595152427656413,1.3568503713977604,0.17853441706392914,0.48077633406501263,,,,,,,0.005126749980263412,132152.0,39513.0,0.3,,,,,,,,,,,
K_compensated_reference_signal,4,4,2026450709,6000,3,7.111111111111111,36.0,4.0,32.0,7.111111111111111e-06,7.901234567901234e-07,42258,258304,0.007175111111111111,0.2603313750587404,0.04430050007067621,sparse,0,0.0,21.129,41.0,42624.01422222222,7.10400237037037,21.31200711111111,0.06240625521614945,CountSketch RP,countsketch_random_projection,0.6823333333333333,0.016062246836734205,0.01751662136586791,0.003198833088390529,0.020599041017703712,0.0003047500504180789,0.37446437508333474,0.39536950003821403,0.7912116541122775,0.4709479911369267,0.3969295830465853,0.7000000412808731,,,,,,,,,,,0.00018958398140966892,34.0,151.0,199.0,0.0,0.002617958001792431,0.0067885840544477105,0.004948583082295954,0.005069167003966868,0.0004279169952496886,0.00018750003073364496
K_compensated_reference_signal,4,5,2026450710,6000,3,7.111111111111111,36.0,4.0,32.0,7.111111111111111e-06,7.901234567901234e-07,42590,260310,0.007230833333333333,0.2606989169726148,0.05296825000550598,sparse,0,0.0,21.295,38.0,42624.01422222222,7.10400237037037,21.31200711111111,0.06240625521614945,Non-random eigsh,non_random,0.03733333333333333,0.9029078102363792,0.8565820577675162,0.0040278329979628325,0.01096170803066343,6.524997297674417e-05,0.04531141696497798,0.05633941595442593,1.0000000000000002,0.6063582187710744,0.0590039580129087,0.37000554194673896,,,,,,,,,,,,,,,,,,,,,
K_compensated_reference_signal,4,5,2026450710,6000,3,7.111111111111111,36.0,4.0,32.0,7.111111111111111e-06,7.901234567901234e-07,42590,260310,0.007230833333333333,0.2606989169726148,0.05296825000550598,sparse,0,0.0,21.295,38.0,42624.01422222222,7.10400237037037,21.31200711111111,0.06240625521614945,Gaussian RP,gaussian_random_projection,0.698,0.01191844606709165,0.014146811648897003,0.003183708991855383,0.03183533309493214,0.0001450419658794999,0.32024274999275804,0.3522241669707,0.8248155808661508,0.467955304346366,0.35600441601127386,0.6658902920316905,0.0010647079907357693,0.010009040939621627,0.01578570797573775,0.0037486660294234753,0.0006453749956563115,0.00013733399100601673,,,,,,,,,,,,,,,
K_compensated_reference_signal,4,5,2026450710,6000,3,7.111111111111111,36.0,4.0,32.0,7.111111111111111e-06,7.901234567901234e-07,42590,260310,0.007230833333333333,0.2606989169726148,0.05296825000550598,sparse,0,0.0,21.295,38.0,42624.01422222222,7.10400237037037,21.31200711111111,0.06240625521614945,Random sampling,random_sampling,0.723,0.0022102795007866464,0.003848780976811508,0.004674666095525026,0.02592258295044303,6.283295806497335e-05,0.17245554202236235,0.19844216702040285,1.462812136406744,1.3629578728021023,0.20003866706974804,0.5121081249089912,,,,,,,0.004467791062779725,133155.0,40062.0,0.3,,,,,,,,,,,
K_compensated_reference_signal,4,5,2026450710,6000,3,7.111111111111111,36.0,4.0,32.0,7.111111111111111e-06,7.901234567901234e-07,42590,260310,0.007230833333333333,0.2606989169726148,0.05296825000550598,sparse,0,0.0,21.295,38.0,42624.01422222222,7.10400237037037,21.31200711111111,0.06240625521614945,CountSketch RP,countsketch_random_projection,0.6599999999999999,0.01875072245312352,0.01978643006302274,0.005316165974363685,0.020598790957592428,0.0006791669875383377,0.38813820795621723,0.40946724999230355,0.8045381474360903,0.4696190747147442,0.41116724989842623,0.7230833328794688,,,,,,,,,,,0.00022608297877013683,34.0,157.0,226.0,0.0,0.0026511659380048513,0.0044491669395938516,0.008732957998290658,0.0035439589992165565,0.00042695796582847834,0.00013091601431369781
K_compensated_reference_signal,6,1,2026650706,6000,3,16.0,36.0,4.0,32.0,1.6e-05,1.7777777777777777e-06,78442,473132,0.013142555555555555,0.5124598339898512,0.09723887499421835,sparse,0,0.0,39.221,66.0,78147.58755555555,13.024597925925926,39.07379377777777,0.02770835263696556,Non-random eigsh,non_random,0.09733333333333338,0.7801676983693053,0.7359938701474149,0.003754166071303189,0.027388500049710274,7.624994032084942e-05,0.07167212502099574,0.09913791692815721,0.9999999999999988,0.5054698608407783,0.10233091691043228,0.7088355839950964,,,,,,,,,,,,,,,,,,,,,
K_compensated_reference_signal,6,1,2026650706,6000,3,16.0,36.0,4.0,32.0,1.6e-05,1.7777777777777777e-06,78442,473132,0.013142555555555555,0.5124598339898512,0.09723887499421835,sparse,0,0.0,39.221,66.0,78147.58755555555,13.024597925925926,39.07379377777777,0.02770835263696556,Gaussian RP,gaussian_random_projection,0.7876666666666666,0.005817237068959204,0.009107977109427755,0.00466258404776454,0.031988500035367906,0.00026458408683538437,0.4456165420124307,0.4778709999518469,0.8279790315227199,0.4184938037198621,0.4815343329682946,1.0875683351187035,0.0008657919242978096,0.01518350001424551,0.006474792025983334,0.007502040942199528,0.000934625044465065,0.0008584159659221768,,,,,,,,,,,,,,,
K_compensated_reference_signal,6,1,2026650706,6000,3,16.0,36.0,4.0,32.0,1.6e-05,1.7777777777777777e-06,78442,473132,0.013142555555555555,0.5124598339898512,0.09723887499421835,sparse,0,0.0,39.221,66.0,78147.58755555555,13.024597925925926,39.07379377777777,0.02770835263696556,Random sampling,random_sampling,0.8035,0.0018264848308579564,0.0035484315980770283,0.004026209004223347,0.05738454102538526,7.458298932760954e-05,0.3358819580171257,0.39334312500432134,1.438570536587332,1.2794945828954833,0.3972412080038339,1.0030397910159081,,,,,,,0.007664042059332132,239566.0,72401.0,0.3,,,,,,,,,,,
K_compensated_reference_signal,6,1,2026650706,6000,3,16.0,36.0,4.0,32.0,1.6e-05,1.7777777777777777e-06,78442,473132,0.013142555555555555,0.5124598339898512,0.09723887499421835,sparse,0,0.0,39.221,66.0,78147.58755555555,13.024597925925926,39.07379377777777,0.02770835263696556,CountSketch RP,countsketch_random_projection,0.7908333333333333,0.005641506330919713,0.008551039153706747,0.0031597500201314688,0.030525917070917785,0.00016916601452976465,0.41990191699005663,0.45059762499295175,0.8521687705482237,0.4173913069624551,0.45419583295006305,1.0602957090595737,,,,,,,,,,,0.00034008303191512823,36.0,134.0,197.0,0.0,0.004430457949638367,0.007815583026967943,0.013575582997873425,0.0035894999746233225,0.00044766697101294994,9.429105557501316e-05
K_compensated_reference_signal,6,2,2026650707,6000,3,16.0,36.0,4.0,32.0,1.6e-05,1.7777777777777777e-06,79067,476602,0.013238944444444444,0.5098052920075133,0.0898939169710502,sparse,0,0.0,39.5335,73.0,78147.58755555555,13.024597925925926,39.07379377777777,0.02770835263696556,Non-random eigsh,non_random,0.1156666666666667,0.7415573076689924,0.6977250213020305,0.005513582960702479,0.02848595893010497,0.00016562500968575478,0.0735142920166254,0.10216758400201797,1.0000000000000007,0.5035214304682925,0.1058911249274388,0.7018650849349797,,,,,,,,,,,,,,,,,,,,,
K_compensated_reference_signal,6,2,2026650707,6000,3,16.0,36.0,4.0,32.0,1.6e-05,1.7777777777777777e-06,79067,476602,0.013238944444444444,0.5098052920075133,0.0898939169710502,sparse,0,0.0,39.5335,73.0,78147.58755555555,13.024597925925926,39.07379377777777,0.02770835263696556,Gaussian RP,gaussian_random_projection,0.7908333333333333,0.003928618252955391,0.006602923250643974,0.004418375086970627,0.036255958024412394,0.0005405000410974026,0.4408041249262169,0.4776028749765828,0.8337240107300142,0.4176766764936748,0.48266520793549716,1.0772997919702902,0.001492709037847817,0.015055083087645471,0.007463042042218149,0.010131250019185245,0.0009522499749436975,0.00043416605331003666,,,,,,,,,,,,,,,
K_compensated_reference_signal,6,2,2026650707,6000,3,16.0,36.0,4.0,32.0,1.6e-05,1.7777777777777777e-06,79067,476602,0.013238944444444444,0.5098052920075133,0.0898939169710502,sparse,0,0.0,39.5335,73.0,78147.58755555555,13.024597925925926,39.07379377777777,0.02770835263696556,Random sampling,random_sampling,0.8066666666666666,0.0024847898434633637,0.0048322656124409925,0.0035496250493451953,0.05723254196345806,8.162506856024265e-05,0.288914917036891,0.3462308750022203,1.4427240025240993,1.280364965196065,0.349532833090052,0.9459282930474728,,,,,,,0.007842292077839375,241301.0,72994.0,0.3,,,,,,,,,,,
K_compensated_reference_signal,6,2,2026650707,6000,3,16.0,36.0,4.0,32.0,1.6e-05,1.7777777777777777e-06,79067,476602,0.013238944444444444,0.5098052920075133,0.0898939169710502,sparse,0,0.0,39.5335,73.0,78147.58755555555,13.024597925925926,39.07379377777777,0.02770835263696556,CountSketch RP,countsketch_random_projection,0.8035,0.003040570057195652,0.005420880761564422,0.003989499993622303,0.028734375024214387,0.0002203750191256404,0.4195788750657812,0.44853466702625155,0.870670552727887,0.41749583753837755,0.45192012493498623,1.0482328340876848,,,,,,,,,,,0.00020495906937867403,36.0,133.0,196.0,0.0,0.0052925830241292715,0.00769754103384912,0.007490625022910535,0.007356166956014931,0.00046791695058345795,6.824999582022429e-05
K_compensated_reference_signal,6,3,2026650708,6000,3,16.0,36.0,4.0,32.0,1.6e-05,1.7777777777777777e-06,77861,469576,0.013043777777777777,0.49289779097307473,0.08727912500035018,sparse,0,0.0,38.9305,62.0,78147.58755555555,13.024597925925926,39.07379377777777,0.02770835263696556,Non-random eigsh,non_random,0.12749999999999995,0.7172043769086651,0.6733614479135426,0.0045824580593034625,0.024139708024449646,9.108299855142832e-05,0.08458833303302526,0.10882100008893758,1.0000000000000002,0.5028319703870893,0.11189691594336182,0.6889960400294513,,,,,,,,,,,,,,,,,,,,,
K_compensated_reference_signal,6,3,2026650708,6000,3,16.0,36.0,4.0,32.0,1.6e-05,1.7777777777777777e-06,77861,469576,0.013043777777777777,0.49289779097307473,0.08727912500035018,sparse,0,0.0,38.9305,62.0,78147.58755555555,13.024597925925926,39.07379377777777,0.02770835263696556,Gaussian RP,gaussian_random_projection,0.7989999999999999,0.0034859453650570105,0.006007914361402262,0.0042370419250801206,0.03001758293248713,0.0002751669380813837,0.4369367089821026,0.4672312500188127,0.8676774512963027,0.41980108387918896,0.47192495805211365,1.047406374826096,0.0013720419956371188,0.010247749974951148,0.010587750002741814,0.00588045793119818,0.0010390409734100103,0.00032133294735103846,,,,,,,,,,,,,,,
K_compensated_reference_signal,6,3,2026650708,6000,3,16.0,36.0,4.0,32.0,1.6e-05,1.7777777777777777e-06,77861,469576,0.013043777777777777,0.49289779097307473,0.08727912500035018,sparse,0,0.0,38.9305,62.0,78147.58755555555,13.024597925925926,39.07379377777777,0.02770835263696556,Random sampling,random_sampling,0.7958333333333334,0.002635785866889588,0.005182617170737818,0.006278041983023286,0.08128766703885049,0.0002527909819036722,0.24698883399832994,0.32853133301250637,1.4372532399654403,1.2793329948703516,0.33331562497187406,0.908706207992509,,,,,,,0.010715707903727889,237788.0,71637.0,0.3,,,,,,,,,,,
K_compensated_reference_signal,6,3,2026650708,6000,3,16.0,36.0,4.0,32.0,1.6e-05,1.7777777777777777e-06,77861,469576,0.013043777777777777,0.49289779097307473,0.08727912500035018,sparse,0,0.0,38.9305,62.0,78147.58755555555,13.024597925925926,39.07379377777777,0.02770835263696556,CountSketch RP,countsketch_random_projection,0.817,0.0007344463751233462,0.002166889976215131,0.003227457986213267,0.032964957994408906,0.0004617499653249979,0.46053704200312495,0.4939651250606403,0.7444707540837497,0.41939726578322883,0.5000370410270989,1.0741406659362838,,,,,,,,,,,0.00019008293747901917,36.0,145.0,196.0,0.0,0.005426666000857949,0.008638958097435534,0.009687041980214417,0.006953334086574614,0.0007066249381750822,0.0005273750284686685
K_compensated_reference_signal,6,4,2026650709,6000,3,16.0,36.0,4.0,32.0,1.6e-05,1.7777777777777777e-06,78090,471050,0.013084722222222222,0.48959887493401766,0.0890335839940235,sparse,0,0.0,39.045,63.0,78147.58755555555,13.024597925925926,39.07379377777777,0.02770835263696556,Non-random eigsh,non_random,0.12150000000000005,0.729910944784606,0.6877754363748176,0.002898167003877461,0.02294533303938806,7.212499622255564e-05,0.06691533408593386,0.08993429190013558,0.9999999999999994,0.5032894576804208,0.09330162510741502,0.6685652510495856,,,,,,,,,,,,,,,,,,,,,
K_compensated_reference_signal,6,4,2026650709,6000,3,16.0,36.0,4.0,32.0,1.6e-05,1.7777777777777777e-06,78090,471050,0.013084722222222222,0.48959887493401766,0.0890335839940235,sparse,0,0.0,39.045,63.0,78147.58755555555,13.024597925925926,39.07379377777777,0.02770835263696556,Gaussian RP,gaussian_random_projection,0.8049999999999999,0.00234510772774096,0.004405513416678889,0.0032765830401331186,0.027798667084425688,0.00023862509988248348,0.5518346249591559,0.5798730830429122,0.7865041960063061,0.41974570652668514,0.5838944170391187,1.1585043760715052,0.000856833066791296,0.016616999986581504,0.0035557920346036553,0.005590916960500181,0.0008849999867379665,0.00023320806212723255,,,,,,,,,,,,,,,
K_compensated_reference_signal,6,4,2026650709,6000,3,16.0,36.0,4.0,32.0,1.6e-05,1.7777777777777777e-06,78090,471050,0.013084722222222222,0.48959887493401766,0.0890335839940235,sparse,0,0.0,39.045,63.0,78147.58755555555,13.024597925925926,39.07379377777777,0.02770835263696556,Random sampling,random_sampling,0.8066666666666666,0.0014969659209050326,0.0034155864661587257,0.005585124948993325,0.06407841597683728,7.624994032084942e-05,0.23413016693666577,0.29828733298927546,1.4347645759795953,1.2802580939195258,0.30261891696136445,0.8769172917818651,,,,,,,0.009103125077672303,238525.0,71355.0,0.3,,,,,,,,,,,
K_compensated_reference_signal,6,4,2026650709,6000,3,16.0,36.0,4.0,32.0,1.6e-05,1.7777777777777777e-06,78090,471050,0.013084722222222222,0.48959887493401766,0.0890335839940235,sparse,0,0.0,39.045,63.0,78147.58755555555,13.024597925925926,39.07379377777777,0.02770835263696556,CountSketch RP,countsketch_random_projection,0.7986666666666666,0.0039751885672852285,0.0069902235299856815,0.0038992499466985464,0.04402462497819215,0.00014783302322030067,0.4370939170476049,0.48126795899588615,0.8123468769328002,0.418399955038718,0.48781820805743337,1.0598988339770585,,,,,,,,,,,0.0002239580499008298,36.0,136.0,194.0,0.0,0.004594582947902381,0.011897874996066093,0.01975624996703118,0.00636670901440084,0.00046591705176979303,9.062502067536116e-05
K_compensated_reference_signal,6,5,2026650710,6000,3,16.0,36.0,4.0,32.0,1.6e-05,1.7777777777777777e-06,78247,471956,0.01310988888888889,0.523999541066587,0.1019840829540044,sparse,0,0.0,39.1235,65.0,78147.58755555555,13.024597925925926,39.07379377777777,0.02770835263696556,Non-random eigsh,non_random,0.11333333333333329,0.746509828658035,0.7024751177372301,0.004390791989862919,0.0250463749980554,8.979195263236761e-05,0.07255066698417068,0.09768837504088879,1.0000000000000002,0.505273013240604,0.10112262505572289,0.7236704579554498,,,,,,,,,,,,,,,,,,,,,
K_compensated_reference_signal,6,5,2026650710,6000,3,16.0,36.0,4.0,32.0,1.6e-05,1.7777777777777777e-06,78247,471956,0.01310988888888889,0.523999541066587,0.1019840829540044,sparse,0,0.0,39.1235,65.0,78147.58755555555,13.024597925925926,39.07379377777777,0.02770835263696556,Gaussian RP,gaussian_random_projection,0.8066666666666666,0.00366207607282905,0.006354282687822864,0.003708041040226817,0.03219266596715897,0.000391624984331429,0.4511784160276875,0.48376449989154935,0.8308998434363485,0.41872928264379,0.5055825000163168,1.1097463309997693,0.0014106659218668938,0.01498866593465209,0.006819042027927935,0.007156374980695546,0.0009485420305281878,0.00014749995898455381,,,,,,,,,,,,,,,
K_compensated_reference_signal,6,5,2026650710,6000,3,16.0,36.0,4.0,32.0,1.6e-05,1.7777777777777777e-06,78247,471956,0.01310988888888889,0.523999541066587,0.1019840829540044,sparse,0,0.0,39.1235,65.0,78147.58755555555,13.024597925925926,39.07379377777777,0.02770835263696556,Random sampling,random_sampling,0.8053333333333333,0.0021495578732137334,0.0045075546274355,0.0035228750202804804,0.07517070800531656,0.0003922500181943178,0.275291083031334,0.35085679101757705,1.4346097451380864,1.2797886169879993,0.3547987909987569,0.9768376650754362,,,,,,,0.012634375016205013,238978.0,71428.0,0.3,,,,,,,,,,,
K_compensated_reference_signal,6,5,2026650710,6000,3,16.0,36.0,4.0,32.0,1.6e-05,1.7777777777777777e-06,78247,471956,0.01310988888888889,0.523999541066587,0.1019840829540044,sparse,0,0.0,39.1235,65.0,78147.58755555555,13.024597925925926,39.07379377777777,0.02770835263696556,CountSketch RP,countsketch_random_projection,0.808,0.0018680172334170533,0.003829639571290986,0.003162750042974949,0.03049004205968231,0.00013883307110518217,0.4695193750085309,0.5001489999704063,0.7479973078655917,0.4179459916934688,0.5030378750525415,1.1261318741599098,,,,,,,,,,,0.00023233296815305948,36.0,147.0,190.0,0.0,0.004742083023302257,0.008501124917529523,0.010194625006988645,0.0058340830728411674,0.0004071660805493593,8.091703057289124e-05
K_compensated_reference_signal,8,1,2026850706,6000,3,28.444444444444443,36.0,4.0,32.0,2.8444444444444444e-05,3.1604938271604935e-06,127541,762520,0.021181111111111112,0.8666478749364614,0.17170449998229742,sparse,0,0.0,63.7705,94.0,127886.2791111111,21.31437985185185,63.943139555555554,0.015570339860466909,Non-random eigsh,non_random,0.3148333333333333,0.40974862286642116,0.40870203613345224,0.005503667052835226,0.09633749991189688,8.658308070152998e-05,0.14708525000605732,0.24351095804013312,0.9999999999999994,0.45617460209485594,0.24991758400574327,1.2818617079174146,,,,,,,,,,,,,,,,,,,,,
K_compensated_reference_signal,8,1,2026850706,6000,3,28.444444444444443,36.0,4.0,32.0,2.8444444444444444e-05,3.1604938271604935e-06,127541,762520,0.021181111111111112,0.8666478749364614,0.17170449998229742,sparse,0,0.0,63.7705,94.0,127886.2791111111,21.31437985185185,63.943139555555554,0.015570339860466909,Gaussian RP,gaussian_random_projection,0.8551666666666666,0.0008136326343368516,0.0033494768282274975,0.00323066592682153,0.07425416598562151,0.0003778330283239484,0.5833099170122296,0.6579435830935836,0.8478600906610753,0.39039174110351926,0.6676770830526948,1.696294290944934,0.0011128750629723072,0.025151958921924233,0.02966300002299249,0.013407291029579937,0.0010440410114824772,0.0034320419654250145,,,,,,,,,,,,,,,
K_compensated_reference_signal,8,1,2026850706,6000,3,28.444444444444443,36.0,4.0,32.0,2.8444444444444444e-05,3.1604938271604935e-06,127541,762520,0.021181111111111112,0.8666478749364614,0.17170449998229742,sparse,0,0.0,63.7705,94.0,127886.2791111111,21.31437985185185,63.943139555555554,0.015570339860466909,Random sampling,random_sampling,0.8551666666666666,0.0006556458542431871,0.0038683888722177272,0.0042243750067427754,0.1226680000545457,9.125005453824997e-05,0.37169491697568446,0.49445587501395494,1.4243954555672262,1.2374559427911742,0.5008964580483735,1.5328065420035273,,,,,,,0.014439874910749495,384260.0,115313.0,0.3,,,,,,,,,,,
K_compensated_reference_signal,8,1,2026850706,6000,3,28.444444444444443,36.0,4.0,32.0,2.8444444444444444e-05,3.1604938271604935e-06,127541,762520,0.021181111111111112,0.8666478749364614,0.17170449998229742,sparse,0,0.0,63.7705,94.0,127886.2791111111,21.31437985185185,63.943139555555554,0.015570339860466909,CountSketch RP,countsketch_random_projection,0.8543333333333334,0.0005667804042464372,0.003041797409759891,0.0036825420102104545,0.051110625034198165,0.00031954096630215645,0.4495594999752939,0.500991583103314,0.8290006023364226,0.39033775095011086,0.5074143339879811,1.539342040894553,,,,,,,,,,,0.0002257500309497118,38.0,132.0,187.0,0.0,0.005169540992937982,0.012199165998026729,0.015641249949112535,0.016203499981202185,0.0007746249902993441,0.0004111670423299074
K_compensated_reference_signal,8,2,2026850707,6000,3,28.444444444444443,36.0,4.0,32.0,2.8444444444444444e-05,3.1604938271604935e-06,127956,765020,0.021250555555555557,0.884641082957387,0.14484654203988612,sparse,0,0.0,63.978,107.0,127886.2791111111,21.31437985185185,63.943139555555554,0.015570339860466909,Non-random eigsh,non_random,0.31399999999999995,0.41358427166501677,0.41476638083061956,0.003487749956548214,0.09103450004477054,8.62079905346036e-05,0.16014074999839067,0.25126279203686863,0.9999999999999999,0.45528717603071706,0.25689774996135384,1.280749083030969,,,,,,,,,,,,,,,,,,,,,
K_compensated_reference_signal,8,2,2026850707,6000,3,28.444444444444443,36.0,4.0,32.0,2.8444444444444444e-05,3.1604938271604935e-06,127956,765020,0.021250555555555557,0.884641082957387,0.14484654203988612,sparse,0,0.0,63.978,107.0,127886.2791111111,21.31437985185185,63.943139555555554,0.015570339860466909,Gaussian RP,gaussian_random_projection,0.8555,0.0006597913597393935,0.0030893268347907525,0.0031021249014884233,0.04824920790269971,0.00018312502652406693,0.5785697500687093,0.6270035000052303,0.8608796360403582,0.3897906164152874,0.6331442499067634,1.6564897079952061,0.00093345798086375,0.023599999956786633,0.011795624974183738,0.011160125024616718,0.0004944999236613512,0.00011370808351784945,,,,,,,,,,,,,,,
K_compensated_reference_signal,8,2,2026850707,6000,3,28.444444444444443,36.0,4.0,32.0,2.8444444444444444e-05,3.1604938271604935e-06,127956,765020,0.021250555555555557,0.884641082957387,0.14484654203988612,sparse,0,0.0,63.978,107.0,127886.2791111111,21.31437985185185,63.943139555555554,0.015570339860466909,Random sampling,random_sampling,0.8501666666666666,0.0015418856559007092,0.005159855583549908,0.0031596249900758266,0.10543733392842114,9.458395652472973e-05,0.4338551670080051,0.5393890000414103,1.4225629012387973,1.2368938087361747,0.5467225830070674,1.568874709890224,,,,,,,0.014084875001572073,385510.0,115657.0,0.3,,,,,,,,,,,
K_compensated_reference_signal,8,2,2026850707,6000,3,28.444444444444443,36.0,4.0,32.0,2.8444444444444444e-05,3.1604938271604935e-06,127956,765020,0.021250555555555557,0.884641082957387,0.14484654203988612,sparse,0,0.0,63.978,107.0,127886.2791111111,21.31437985185185,63.943139555555554,0.015570339860466909,CountSketch RP,countsketch_random_projection,0.855,0.00039231858909755997,0.0025937223192972004,0.0038003750378265977,0.04648600006476045,0.00046987493988126516,0.5629057079786435,0.6098624999867752,0.8644313446576113,0.39055786229319284,0.6164775830693543,1.6393492079805583,,,,,,,,,,,0.00026920903474092484,38.0,131.0,181.0,0.0,0.005289457971230149,0.013426459045149386,0.009620124939829111,0.016722416039556265,0.0005541660357266665,0.00017441704403609037
K_compensated_reference_signal,8,3,2026850708,6000,3,28.444444444444443,36.0,4.0,32.0,2.8444444444444444e-05,3.1604938271604935e-06,127871,764402,0.02123338888888889,0.7616712499875575,0.14597750001121312,sparse,0,0.0,63.9355,94.0,127886.2791111111,21.31437985185185,63.943139555555554,0.015570339860466909,Non-random eigsh,non_random,0.30533333333333335,0.42513963833680096,0.4249536863671511,0.003276415984146297,0.07762391702271998,0.00011020794045180082,0.279988499940373,0.35772370907943696,1.0,0.4558168690227912,0.3625126660335809,1.2653713749023154,,,,,,,,,,,,,,,,,,,,,
K_compensated_reference_signal,8,3,2026850708,6000,3,28.444444444444443,36.0,4.0,32.0,2.8444444444444444e-05,3.1604938271604935e-06,127871,764402,0.02123338888888889,0.7616712499875575,0.14597750001121312,sparse,0,0.0,63.9355,94.0,127886.2791111111,21.31437985185185,63.943139555555554,0.015570339860466909,Gaussian RP,gaussian_random_projection,0.8448333333333333,0.0017813972189925633,0.004770574877108561,0.003089125035330653,0.04748324991669506,0.00018229195848107338,0.5668065829668194,0.6144733330002055,0.8393439900564849,0.3894537140698349,0.6196985420538113,1.5221208748407662,0.0009370840853080153,0.01816154201515019,0.018355624983087182,0.009328832966275513,0.0005032919580116868,7.1333022788167e-05,,,,,,,,,,,,,,,
K_compensated_reference_signal,8,3,2026850708,6000,3,28.444444444444443,36.0,4.0,32.0,2.8444444444444444e-05,3.1604938271604935e-06,127871,764402,0.02123338888888889,0.7616712499875575,0.14597750001121312,sparse,0,0.0,63.9355,94.0,127886.2791111111,21.31437985185185,63.943139555555554,0.015570339860466909,Random sampling,random_sampling,0.8538333333333333,0.0007424749621602408,0.003736535609986869,0.0034000000450760126,0.0899661659495905,0.00012137496378272772,0.41621195897459984,0.5063014590414241,1.4250788470638276,1.237590357950889,0.5135587089462206,1.4139482498867437,,,,,,,0.013555457931943238,385201.0,115325.0,0.3,,,,,,,,,,,
K_compensated_reference_signal,8,3,2026850708,6000,3,28.444444444444443,36.0,4.0,32.0,2.8444444444444444e-05,3.1604938271604935e-06,127871,764402,0.02123338888888889,0.7616712499875575,0.14597750001121312,sparse,0,0.0,63.9355,94.0,127886.2791111111,21.31437985185185,63.943139555555554,0.015570339860466909,CountSketch RP,countsketch_random_projection,0.856,0.0009507199152567259,0.0037264695739059315,0.003302666009403765,0.05579004099126905,0.00046079198364168406,0.4910715409787372,0.5473235840909183,0.8934015540427319,0.39039917335042407,0.5545117079745978,1.4549711239524186,,,,,,,,,,,0.00020679202862083912,38.0,127.0,193.0,0.0,0.006067291018553078,0.012537666945718229,0.01609691698104143,0.019712083041667938,0.0005116669926792383,0.00017416698392480612
K_compensated_reference_signal,8,4,2026850709,6000,3,28.444444444444443,36.0,4.0,32.0,2.8444444444444444e-05,3.1604938271604935e-06,128402,767402,0.021316722222222223,0.7809468749910593,0.14642187498975545,sparse,0,0.0,64.201,104.0,127886.2791111111,21.31437985185185,63.943139555555554,0.015570339860466909,Non-random eigsh,non_random,0.29500000000000004,0.43977626784268453,0.4363337403322136,0.0033160829916596413,0.07476679200772196,8.737505413591862e-05,0.13182370795402676,0.20667883299756795,1.0000000000000002,0.456044554545776,0.21219670795835555,1.1340466249966994,,,,,,,,,,,,,,,,,,,,,
K_compensated_reference_signal,8,4,2026850709,6000,3,28.444444444444443,36.0,4.0,32.0,2.8444444444444444e-05,3.1604938271604935e-06,128402,767402,0.021316722222222223,0.7809468749910593,0.14642187498975545,sparse,0,0.0,64.201,104.0,127886.2791111111,21.31437985185185,63.943139555555554,0.015570339860466909,Gaussian RP,gaussian_random_projection,0.8515,0.001309877583964921,0.004183716133878435,0.003588833031244576,0.04764274996705353,0.00035816594026982784,0.5672160830581561,0.6152185419341549,0.8278170130166126,0.39033043845097254,0.6213570410618559,1.5425857489462942,0.0009001250145956874,0.018063416937366128,0.019537124899215996,0.0076723749516531825,0.0004599589155986905,0.0006654999451711774,,,,,,,,,,,,,,,
K_compensated_reference_signal,8,4,2026850709,6000,3,28.444444444444443,36.0,4.0,32.0,2.8444444444444444e-05,3.1604938271604935e-06,128402,767402,0.021316722222222223,0.7809468749910593,0.14642187498975545,sparse,0,0.0,64.201,104.0,127886.2791111111,21.31437985185185,63.943139555555554,0.015570339860466909,Random sampling,random_sampling,0.8533333333333333,0.0009459284364288999,0.003961183505359633,0.0035205408930778503,0.12691266590263695,8.525000885128975e-05,0.459472915972583,0.5864719999954104,1.4299259387796794,1.2379702094292442,0.5927620420698076,1.513839581864886,,,,,,,0.012441541999578476,386701.0,116264.0,0.3,,,,,,,,,,,
K_compensated_reference_signal,8,4,2026850709,6000,3,28.444444444444443,36.0,4.0,32.0,2.8444444444444444e-05,3.1604938271604935e-06,128402,767402,0.021316722222222223,0.7809468749910593,0.14642187498975545,sparse,0,0.0,64.201,104.0,127886.2791111111,21.31437985185185,63.943139555555554,0.015570339860466909,CountSketch RP,countsketch_random_projection,0.8516666666666667,0.000780817268240342,0.0032746423326132095,0.003322125063277781,0.039799584075808525,0.0003393749939277768,0.4955509169958532,0.535691290977411,0.8080752006827964,0.390221867945193,0.5410550829255953,1.4630586260464042,,,,,,,,,,,0.0005952500505372882,38.0,132.0,197.0,0.0,0.0051705410005524755,0.012002833071164787,0.00865562492981553,0.011709499987773597,0.001152458949945867,0.00017883407417684793
K_compensated_reference_signal,8,5,2026850710,6000,3,28.444444444444443,36.0,4.0,32.0,2.8444444444444444e-05,3.1604938271604935e-06,128031,765402,0.021261166666666668,0.8033317499794066,0.15891004097647965,sparse,0,0.0,64.0155,102.0,127886.2791111111,21.31437985185185,63.943139555555554,0.015570339860466909,Non-random eigsh,non_random,0.30033333333333334,0.43381050097452,0.43282335901294694,0.003561417106539011,0.0808146659983322,8.975004311650991e-05,0.2247487499844283,0.30565445800311863,0.9999999999999997,0.45517524108977614,0.31122066697571427,1.2678949569817632,,,,,,,,,,,,,,,,,,,,,
K_compensated_reference_signal,8,5,2026850710,6000,3,28.444444444444443,36.0,4.0,32.0,2.8444444444444444e-05,3.1604938271604935e-06,128031,765402,0.021261166666666668,0.8033317499794066,0.15891004097647965,sparse,0,0.0,64.0155,102.0,127886.2791111111,21.31437985185185,63.943139555555554,0.015570339860466909,Gaussian RP,gaussian_random_projection,0.8501666666666666,0.0010124977428048645,0.0036144668947384884,0.003579624928534031,0.0520084589952603,0.00039075000677257776,0.571678709005937,0.6240792500320822,0.8765627249835336,0.39011553354116757,0.6294067499693483,1.586319708963856,0.0009620840428397059,0.03040612500626594,0.007683916948735714,0.012420584098435938,0.0004349169321358204,6.895896513015032e-05,,,,,,,,,,,,,,,
K_compensated_reference_signal,8,5,2026850710,6000,3,28.444444444444443,36.0,4.0,32.0,2.8444444444444444e-05,3.1604938271604935e-06,128031,765402,0.021261166666666668,0.8033317499794066,0.15891004097647965,sparse,0,0.0,64.0155,102.0,127886.2791111111,21.31437985185185,63.943139555555554,0.015570339860466909,Random sampling,random_sampling,0.8498333333333333,0.0012593384312526944,0.004959863707094793,0.003567290958017111,0.09510916692670435,8.162506856024265e-05,0.4177454999880865,0.5129381249425933,1.4250691540654905,1.2375005642227153,0.5189938329858705,1.4751780829392374,,,,,,,0.013173124985769391,385701.0,115491.0,0.3,,,,,,,,,,,
K_compensated_reference_signal,8,5,2026850710,6000,3,28.444444444444443,36.0,4.0,32.0,2.8444444444444444e-05,3.1604938271604935e-06,128031,765402,0.021261166666666668,0.8033317499794066,0.15891004097647965,sparse,0,0.0,64.0155,102.0,127886.2791111111,21.31437985185185,63.943139555555554,0.015570339860466909,CountSketch RP,countsketch_random_projection,0.8546666666666667,0.0004440934368700014,0.002831415543284859,0.0036118749994784594,0.045802250038832426,0.00013654108624905348,0.4487915000645444,0.49473137501627207,0.8419882140500501,0.39011979658470064,0.5004799169255421,1.456972082145512,,,,,,,,,,,0.0005062079289928079,38.0,131.0,183.0,0.0,0.00569508399348706,0.011657083057798445,0.014366499963216484,0.01264866697601974,0.00043999997433274984,7.195794023573399e-05
K_compensated_reference_signal,10,1,2027050706,6000,3,44.44444444444445,36.0,4.0,32.0,4.444444444444445e-05,4.9382716049382725e-06,191616,1137062,0.031585055555555554,1.2550614590290934,0.2571891250554472,sparse,0,0.0,95.808,132.0,191840.08888888892,31.97334814814815,95.92004444444446,0.009955032518757572,Non-random eigsh,non_random,0.7264999999999999,0.06168755429559168,0.09596664261204502,0.004186584032140672,0.29634487500879914,9.970809333026409e-05,0.650784624973312,0.9472308749100193,0.9999999999999991,0.4313641206904806,0.9553626250708476,2.459479792159982,,,,,,,,,,,,,,,,,,,,,
K_compensated_reference_signal,10,1,2027050706,6000,3,44.44444444444445,36.0,4.0,32.0,4.444444444444445e-05,4.9382716049382725e-06,191616,1137062,0.031585055555555554,1.2550614590290934,0.2571891250554472,sparse,0,0.0,95.808,132.0,191840.08888888892,31.97334814814815,95.92004444444446,0.009955032518757572,Gaussian RP,gaussian_random_projection,0.8733333333333333,0.0013009256808027836,0.005491419970901776,0.003316582995466888,0.0693449170794338,0.0002970000496134162,0.6695132909808308,0.7391564579447731,0.8503380824636178,0.3732711065913429,0.7476024579955265,2.2514057921944186,0.0009877500124275684,0.02574987499974668,0.020904208067804575,0.01956149993930012,0.0005324999801814556,0.0010519589995965362,,,,,,,,,,,,,,,
K_compensated_reference_signal,10,1,2027050706,6000,3,44.44444444444445,36.0,4.0,32.0,4.444444444444445e-05,4.9382716049382725e-06,191616,1137062,0.031585055555555554,1.2550614590290934,0.2571891250554472,sparse,0,0.0,95.808,132.0,191840.08888888892,31.97334814814815,95.92004444444446,0.009955032518757572,Random sampling,random_sampling,0.8826666666666667,0.00021108726806029637,0.004320482992347668,0.002969709108583629,0.2007453750120476,0.00012670806609094143,0.46170366706792265,0.6625779999885708,1.4109844311715378,1.209654726639605,0.6715354160405695,2.174826334230602,,,,,,,0.01875529100652784,571531.0,170970.0,0.3,,,,,,,,,,,
K_compensated_reference_signal,10,1,2027050706,6000,3,44.44444444444445,36.0,4.0,32.0,4.444444444444445e-05,4.9382716049382725e-06,191616,1137062,0.031585055555555554,1.2550614590290934,0.2571891250554472,sparse,0,0.0,95.808,132.0,191840.08888888892,31.97334814814815,95.92004444444446,0.009955032518757572,CountSketch RP,countsketch_random_projection,0.8816666666666667,0.00040648217078347233,0.0037098441071516256,0.0038644589949399233,0.047943790908902884,0.0005995420506224036,0.5092008330393583,0.5577450830023736,0.8773837445319617,0.37304505426259005,0.5650783749297261,2.069994750083424,,,,,,,,,,,0.0001691670622676611,40.0,129.0,178.0,0.0,0.007040541968308389,0.01758641703054309,0.011875292053446174,0.010304042021743953,0.000549082993529737,0.00010179099626839161
K_compensated_reference_signal,10,2,2027050707,6000,3,44.44444444444445,36.0,4.0,32.0,4.444444444444445e-05,4.9382716049382725e-06,191570,1136428,0.03156744444444445,1.19214187504258,0.22598449990618974,sparse,0,0.0,95.785,135.0,191840.08888888892,31.97334814814815,95.92004444444446,0.009955032518757572,Non-random eigsh,non_random,0.7381666666666666,0.05742624871575479,0.08849587532523466,0.0033577498979866505,0.23936416709329933,0.0007372499676421285,0.5797524580266327,0.8198555420385674,0.9999999999999999,0.4314597663042193,0.8271622910397127,2.237980250036344,,,,,,,,,,,,,,,,,,,,,
K_compensated_reference_signal,10,2,2027050707,6000,3,44.44444444444445,36.0,4.0,32.0,4.444444444444445e-05,4.9382716049382725e-06,191570,1136428,0.03156744444444445,1.19214187504258,0.22598449990618974,sparse,0,0.0,95.785,135.0,191840.08888888892,31.97334814814815,95.92004444444446,0.009955032518757572,Gaussian RP,gaussian_random_projection,0.8795,0.0006670597746345616,0.004221806762686577,0.0030574999982491136,0.04658933402970433,0.00015279196668416262,0.6395835420116782,0.6863266670843586,0.8743002358009193,0.3737765723192018,0.6930765840224922,2.1044520429568365,0.0009568750392645597,0.027213916997425258,0.005373374908231199,0.011926249950192869,0.0004887920804321766,0.00013066700194031,,,,,,,,,,,,,,,
K_compensated_reference_signal,10,2,2027050707,6000,3,44.44444444444445,36.0,4.0,32.0,4.444444444444445e-05,4.9382716049382725e-06,191570,1136428,0.03156744444444445,1.19214187504258,0.22598449990618974,sparse,0,0.0,95.785,135.0,191840.08888888892,31.97334814814815,95.92004444444446,0.009955032518757572,Random sampling,random_sampling,0.8796666666666667,0.0002807290409371657,0.003941494263864769,0.003871999913826585,0.15250150009524077,0.000198333989828825,0.5107971669640392,0.6634992089821026,1.423324332237931,1.2123784469686418,0.6723104579141364,2.0816233759978786,,,,,,,0.017996083945035934,571214.0,171530.0,0.3,,,,,,,,,,,
K_compensated_reference_signal,10,2,2027050707,6000,3,44.44444444444445,36.0,4.0,32.0,4.444444444444445e-05,4.9382716049382725e-06,191570,1136428,0.03156744444444445,1.19214187504258,0.22598449990618974,sparse,0,0.0,95.785,135.0,191840.08888888892,31.97334814814815,95.92004444444446,0.009955032518757572,CountSketch RP,countsketch_random_projection,0.8771666666666667,0.0008849675766810717,0.004724323097782118,0.004320875043049455,0.054472708026878536,0.00022595806512981653,0.4879588339244947,0.5426584170199931,0.8184923172136281,0.3736415014635713,0.5499715000623837,1.9607838749652728,,,,,,,,,,,0.00017812498845160007,40.0,124.0,170.0,0.0,0.007424834067933261,0.017115665948949754,0.01456329203210771,0.013563999906182289,0.0006922920001670718,8.31669894978404e-05
K_compensated_reference_signal,10,3,2027050708,6000,3,44.44444444444445,36.0,4.0,32.0,4.444444444444445e-05,4.9382716049382725e-06,191375,1135106,0.031530722222222224,1.2087857499718666,0.22720016597304493,sparse,0,0.0,95.6875,131.0,191840.08888888892,31.97334814814815,95.92004444444446,0.009955032518757572,Non-random eigsh,non_random,0.6719999999999999,0.0747354080045845,0.10752238556227095,0.0029919169610366225,0.2658515420043841,0.00010762503370642662,0.5907239579828456,0.8566851670620963,0.9999999999999996,0.4315555139005073,0.863880250020884,2.2926690409658477,,,,,,,,,,,,,,,,,,,,,
K_compensated_reference_signal,10,3,2027050708,6000,3,44.44444444444445,36.0,4.0,32.0,4.444444444444445e-05,4.9382716049382725e-06,191375,1135106,0.031530722222222224,1.2087857499718666,0.22720016597304493,sparse,0,0.0,95.6875,131.0,191840.08888888892,31.97334814814815,95.92004444444446,0.009955032518757572,Gaussian RP,gaussian_random_projection,0.8771666666666667,0.0010212065225562842,0.004866285243328461,0.004360874998383224,0.04730854101944715,0.0029056669445708394,0.6044602079782635,0.6546755420276895,0.8947236643010991,0.3733127274931292,0.6617816670332104,2.090660331887193,0.001140416949056089,0.0251719590742141,0.005730708944611251,0.013975790934637189,0.0004777910653501749,0.0007496249163523316,,,,,,,,,,,,,,,
K_compensated_reference_signal,10,3,2027050708,6000,3,44.44444444444445,36.0,4.0,32.0,4.444444444444445e-05,4.9382716049382725e-06,191375,1135106,0.031530722222222224,1.2087857499718666,0.22720016597304493,sparse,0,0.0,95.6875,131.0,191840.08888888892,31.97334814814815,95.92004444444446,0.009955032518757572,Random sampling,random_sampling,0.8818333333333334,0.0003274158214246081,0.003946814386454747,0.004931792034767568,0.21375791693571955,0.0002027079463005066,0.5104844589950517,0.7244471659651026,1.4249317640401593,1.213104966283098,0.732329708058387,2.1604309998219833,,,,,,,0.018914083018898964,570553.0,171311.0,0.3,,,,,,,,,,,
K_compensated_reference_signal,10,3,2027050708,6000,3,44.44444444444445,36.0,4.0,32.0,4.444444444444445e-05,4.9382716049382725e-06,191375,1135106,0.031530722222222224,1.2087857499718666,0.22720016597304493,sparse,0,0.0,95.6875,131.0,191840.08888888892,31.97334814814815,95.92004444444446,0.009955032518757572,CountSketch RP,countsketch_random_projection,0.8788333333333334,0.0004939648791266916,0.0038543979389971316,0.003507666988298297,0.05673108296468854,0.0003863750025629997,0.4904668329982087,0.5475853329990059,0.8777309481191966,0.3731792048992471,0.5559632909717038,1.9835702069103718,,,,,,,,,,,0.0001799170859158039,40.0,126.0,176.0,0.0,0.006537334062159061,0.017956791911274195,0.012459375080652535,0.01646904193330556,0.0009734589839354157,0.0001472090370953083
K_compensated_reference_signal,10,4,2027050709,6000,3,44.44444444444445,36.0,4.0,32.0,4.444444444444445e-05,4.9382716049382725e-06,193277,1146372,0.031843666666666666,1.1914759579813108,0.22794316604267806,sparse,0,0.0,96.6385,135.0,191840.08888888892,31.97334814814815,95.92004444444446,0.009955032518757572,Non-random eigsh,non_random,0.733,0.060759377538965,0.09695707524046333,0.0037092079874128103,0.23362987500149757,0.00010199996177107096,0.5876235830364749,0.8213564170291647,1.0,0.43092937399198905,0.828679749974981,2.2407745820237324,,,,,,,,,,,,,,,,,,,,,
K_compensated_reference_signal,10,4,2027050709,6000,3,44.44444444444445,36.0,4.0,32.0,4.444444444444445e-05,4.9382716049382725e-06,193277,1146372,0.031843666666666666,1.1914759579813108,0.22794316604267806,sparse,0,0.0,96.6385,135.0,191840.08888888892,31.97334814814815,95.92004444444446,0.009955032518757572,Gaussian RP,gaussian_random_projection,0.8783333333333333,0.0009834295996883123,0.0049070102888628606,0.0037356250686571,0.06218737503513694,0.00016045791562646627,0.6462579999351874,0.7086070000659674,0.861360660749107,0.37339911883705496,0.7155159160029143,2.1280249569099396,0.001001833938062191,0.026003874954767525,0.009900499950163066,0.024467292008921504,0.0005465840222314,0.00018216692842543125,,,,,,,,,,,,,,,
K_compensated_reference_signal,10,4,2027050709,6000,3,44.44444444444445,36.0,4.0,32.0,4.444444444444445e-05,4.9382716049382725e-06,193277,1146372,0.031843666666666666,1.1914759579813108,0.22794316604267806,sparse,0,0.0,96.6385,135.0,191840.08888888892,31.97334814814815,95.92004444444446,0.009955032518757572,Random sampling,random_sampling,0.8791666666666667,0.0005682449456473698,0.004306929488692485,0.0045454580103978515,0.21218212507665157,9.541702456772327e-05,0.40073774999473244,0.6130168329691514,1.4184911642573188,1.210706177176199,0.6210627090185881,2.0324344161199406,,,,,,,0.019841082976199687,576186.0,173143.0,0.3,,,,,,,,,,,
K_compensated_reference_signal,10,4,2027050709,6000,3,44.44444444444445,36.0,4.0,32.0,4.444444444444445e-05,4.9382716049382725e-06,193277,1146372,0.031843666666666666,1.1914759579813108,0.22794316604267806,sparse,0,0.0,96.6385,135.0,191840.08888888892,31.97334814814815,95.92004444444446,0.009955032518757572,CountSketch RP,countsketch_random_projection,0.8808333333333334,0.0003236107066062307,0.0036036972174267315,0.006506999954581261,0.06037487497087568,0.0003198749618604779,0.5069277089787647,0.5676237089792266,0.865211815246939,0.3729414643913084,0.5760935839498416,1.9870415829354897,,,,,,,,,,,0.0002824590774253011,40.0,126.0,170.0,0.0,0.008011541096493602,0.019635500037111342,0.014680916909128428,0.01703320804517716,0.0005028749583289027,7.220800034701824e-05
K_compensated_reference_signal,10,5,2027050710,6000,3,44.44444444444445,36.0,4.0,32.0,4.444444444444445e-05,4.9382716049382725e-06,192105,1139698,0.03165827777777778,1.2095780830131844,0.2356114590074867,sparse,0,0.0,96.0525,135.0,191840.08888888892,31.97334814814815,95.92004444444446,0.009955032518757572,Non-random eigsh,non_random,0.6676666666666666,0.08827193718061684,0.1257493044869447,0.0035671249497681856,0.25937737489584833,9.729107841849327e-05,0.5776973329484463,0.8371732919476926,1.0000000000000002,0.43129873421697656,0.8445797079475597,2.282361540943384,,,,,,,,,,,,,,,,,,,,,
K_compensated_reference_signal,10,5,2027050710,6000,3,44.44444444444445,36.0,4.0,32.0,4.444444444444445e-05,4.9382716049382725e-06,192105,1139698,0.03165827777777778,1.2095780830131844,0.2356114590074867,sparse,0,0.0,96.0525,135.0,191840.08888888892,31.97334814814815,95.92004444444446,0.009955032518757572,Gaussian RP,gaussian_random_projection,0.8785000000000001,0.0008214225354310688,0.004562819147022997,0.004171749926172197,0.07652354193851352,0.0018004169687628746,0.5500426660291851,0.6283697499893606,0.8441882577106288,0.37379675072829677,0.637573792017065,2.0735561669571325,0.001604124903678894,0.03537820803467184,0.0212731669889763,0.015087291016243398,0.0008135830285027623,0.0017154579982161522,,,,,,,,,,,,,,,
K_compensated_reference_signal,10,5,2027050710,6000,3,44.44444444444445,36.0,4.0,32.0,4.444444444444445e-05,4.9382716049382725e-06,192105,1139698,0.03165827777777778,1.2095780830131844,0.2356114590074867,sparse,0,0.0,96.0525,135.0,191840.08888888892,31.97334814814815,95.92004444444446,0.009955032518757572,Random sampling,random_sampling,0.883,0.0005472181702216677,0.004385823150099219,0.0032797090243548155,0.27738845895510167,0.00016312499064952135,0.44172362505923957,0.7192783750360832,1.4316519882809433,1.2135442607794809,0.7283327500335872,2.164464751025662,,,,,,,0.021539999986998737,572849.0,172017.0,0.3,,,,,,,,,,,
K_compensated_reference_signal,10,5,2027050710,6000,3,44.44444444444445,36.0,4.0,32.0,4.444444444444445e-05,4.9382716049382725e-06,192105,1139698,0.03165827777777778,1.2095780830131844,0.2356114590074867,sparse,0,0.0,96.0525,135.0,191840.08888888892,31.97334814814815,95.92004444444446,0.009955032518757572,CountSketch RP,countsketch_random_projection,0.8745,0.0010516172753602504,0.004977719218538461,0.003435957944020629,0.056569499894976616,0.0003107920056208968,0.486246082931757,0.5431275409646332,0.8624731087782573,0.37308518861548523,0.5511237499304116,1.9883159168530256,,,,,,,,,,,0.00020225008483976126,40.0,120.0,180.0,0.0,0.006357959005981684,0.018340624985285103,0.012196374940685928,0.017169749946333468,0.0013167079305276275,0.0001509580761194229
