K,method,rep,seed,n,m,rho_n,num_hyperedges_total,misclassification_rate,ARI,NMI,generation_wall_sec,zhou_theta_build_wall_sec,spectral_clustering_wall_sec,metric_wall_sec,num_isolated_nodes,isolated_fraction,hypergraph_degree_mean,hypergraph_degree_max,expected_hyperedges_total,expected_hyperedges_per_n,expected_degree_mean,candidate_within_fraction,rp_draw_omega_sec,rp_power_iter_sec,rp_qr_sec,rp_build_core_sec,rp_small_eig_sec,rp_lift_sec,eigen_decomposition_wall_sec,embedding_normalize_wall_sec,kmeans_wall_sec,top_eigenvalue_max,top_eigenvalue_min,algorithm_total_wall_sec,p_in,p_out,sampling_mode,cpu_time_sec,wall_clock_sec,peak_traced_memory_mb,rss_before_mb,rss_after_mb,rss_delta_mb
2,Gaussian random projection,1,20460428,5000,3,8.0,80121,0.0,1.0,1.0,2.4628454580670223,0.1790466250386089,0.4674130000639707,0.028741291956976056,0,0.0,48.0726,76.0,79920.01920000001,15.984003840000002,47.952011520000006,0.2498499699939988,0.0037266669096425176,0.1325418750056997,0.0614883330417797,0.04644950001966208,0.006325375055894256,0.00039479206316173077,0.2526058329967782,0.0003327080048620701,0.21446175000164658,0.9999988608091972,0.7863604549710036,3.109292374108918,1.152e-05,1.28e-06,sparse,7.104815,3.792803709045984,54.34192180633545,257.0,398.671875,141.671875
2,Gaussian random projection,2,20460429,5000,3,8.0,79780,0.0,1.0,1.0,2.4080243749776855,0.1825997920241207,0.381179166957736,0.038951999973505735,0,0.0,47.868,74.0,79920.01920000001,15.984003840000002,47.952011520000006,0.2498499699939988,0.003541041980497539,0.12398804200347513,0.0533878750866279,0.04895179101731628,0.004203584045171738,0.002325042034499347,0.2372488749679178,0.00023875001352280378,0.14368520805146545,0.9999988921249977,0.7856169084551814,2.9717970000347123,1.152e-05,1.28e-06,sparse,7.125827000000001,3.65357441699598,54.211069107055664,392.671875,427.3125,34.640625
2,Gaussian random projection,3,20460430,5000,3,8.0,80030,0.0,1.0,1.0,2.4399778329534456,0.18574483296833932,0.43996187509037554,0.031629040953703225,0,0.0,48.018,83.0,79920.01920000001,15.984003840000002,47.952011520000006,0.2498499699939988,0.003682625014334917,0.1275683749699965,0.056306582991965115,0.05420204100664705,0.007460540975444019,0.0011402919190004468,0.25156287499703467,0.0003227080451324582,0.18807008396834135,0.9999988095507907,0.7855182927511027,3.0656783329322934,1.152e-05,1.28e-06,sparse,7.540329,3.7676895840559155,54.299662590026855,423.3125,439.265625,15.953125
2,Gaussian random projection,4,20460431,5000,3,8.0,79530,0.0,1.0,1.0,2.396050374954939,0.1783764580031857,0.36940979200880975,0.034332084003835917,0,0.0,47.718,73.0,79920.01920000001,15.984003840000002,47.952011520000006,0.2498499699939988,0.003214749973267317,0.1250385829480365,0.07680066698230803,0.03640933404676616,0.004338916041888297,0.0003345418954268098,0.24661187501624227,0.00011229200754314661,0.12268058396875858,0.9999986487538901,0.7855530827113651,2.9438315839506686,1.152e-05,1.28e-06,sparse,7.112515000000002,3.6463780000340194,54.12509346008301,436.265625,443.59375,7.328125
2,Gaussian random projection,5,20460432,5000,3,8.0,79970,0.0,1.0,1.0,2.4104978749528527,0.17035345791373402,0.41098320798482746,0.024229625007137656,0,0.0,47.982,77.0,79920.01920000001,15.984003840000002,47.952011520000006,0.2498499699939988,0.003162207896821201,0.12220162502489984,0.12322591594420373,0.03414716711267829,0.0035659580025821924,0.0002899999963119626,0.2878177500097081,0.0002875839127227664,0.1228722920641303,0.999998808303641,0.7864066726119177,2.991828958853148,1.152e-05,1.28e-06,sparse,7.369296999999996,3.693205083021894,54.27202796936035,441.59375,464.8125,23.21875
2,Gaussian random projection,6,20460433,5000,3,8.0,80032,0.0,1.0,1.0,2.41745470801834,0.17070137499831617,0.315937582985498,0.031821792013943195,0,0.0,48.0192,74.0,79920.01920000001,15.984003840000002,47.952011520000006,0.2498499699939988,0.0032417909242212772,0.11522762500680983,0.047988457954488695,0.034414583002217114,0.003486291039735079,0.00025575002655386925,0.20550016697961837,0.0002245419891551137,0.11020579189062119,0.9999987442632317,0.7864508664497412,2.904086583876051,1.152e-05,1.28e-06,sparse,6.730806999999999,3.611763249966316,54.29733753204346,462.8125,475.515625,12.703125
2,Gaussian random projection,7,20460434,5000,3,8.0,79547,0.0,1.0,1.0,2.4107055000495166,0.17081495805177838,0.3162500410107896,0.01589304197113961,0,0.0,47.7282,73.0,79920.01920000001,15.984003840000002,47.952011520000006,0.2498499699939988,0.003421375062316656,0.11754345905501395,0.04842666699551046,0.018366125063039362,0.004414999973960221,0.0003029999788850546,0.19348825002089143,0.00038054189644753933,0.12237416603602469,0.999998848000922,0.7870845048088436,2.8977634160546586,1.152e-05,1.28e-06,sparse,6.768083999999995,3.5661002079723403,54.13266086578369,475.140625,497.8125,22.671875
2,Gaussian random projection,8,20460435,5000,3,8.0,79571,0.0,1.0,1.0,2.440273292013444,0.1700495829572901,0.32333629205822945,0.021852207952179015,0,0.0,47.7426,74.0,79920.01920000001,15.984003840000002,47.952011520000006,0.2498499699939988,0.0031685420544818044,0.12127479200717062,0.050603375071659684,0.040606708033010364,0.0016914999578148127,0.00024066702462732792,0.2180425829719752,9.92919085547328e-05,0.10519054206088185,0.9999991550853912,0.7839717558166546,2.933655291912146,1.152e-05,1.28e-06,sparse,6.801731999999994,3.6118194999871776,54.13267230987549,496.84375,509.109375,12.265625
2,Gaussian random projection,9,20460436,5000,3,8.0,79697,0.0,1.0,1.0,2.4058416669722646,0.17246316699311137,0.33581970795057714,0.021675082971341908,0,0.0,47.8182,78.0,79920.01920000001,15.984003840000002,47.952011520000006,0.2498499699939988,0.0032589170150458813,0.11783308302983642,0.045211125048808753,0.024756375001743436,0.003522541024722159,0.00025283393915742636,0.19594741601031274,0.00020141596905887127,0.13966691598761827,0.9999988020901373,0.7841206678991263,2.914120581932366,1.152e-05,1.28e-06,sparse,6.707604999999994,3.581383707933128,54.18388652801514,508.203125,521.953125,13.75
2,Gaussian random projection,10,20460437,5000,3,8.0,80316,0.0,1.0,1.0,2.470933208009228,0.17217212496325374,0.3745482909725979,0.026233583921566606,0,0.0,48.1896,76.0,79920.01920000001,15.984003840000002,47.952011520000006,0.2498499699939988,0.003163916990160942,0.11667658307123929,0.04445475002285093,0.04264158406294882,0.005606499966233969,0.00033887499012053013,0.21379808301571757,0.000829958007670939,0.15991250006482005,0.999998693643121,0.785631189350084,3.0176458740606904,1.152e-05,1.28e-06,sparse,7.33242700000001,3.675944250077009,54.40020561218262,520.953125,534.265625,13.3125
3,Gaussian random projection,1,20560428,5000,3,8.0,50148,0.0014,0.9958032461707987,0.99047235397194,1.5726597500033677,0.1140136249596253,0.37777616700623184,0.021076499950140715,0,0.0,30.0888,50.0,50311.728588800004,10.062345717760001,30.187037153280002,0.11097779555911182,0.0033235830487683415,0.0916704999981448,0.050559042021632195,0.029928875039331615,0.0026622500736266375,0.003301750053651631,0.18272716598585248,0.0005815830081701279,0.19445962505415082,0.9999966683259823,0.6658734557088917,2.0644417490111664,1.152e-05,1.28e-06,sparse,6.114470999999995,2.470994250033982,43.829328536987305,533.265625,549.859375,16.59375
3,Gaussian random projection,2,20560429,5000,3,8.0,50509,0.0008,0.9976005402642485,0.9938698981610093,1.5736455000005662,0.10864216706249863,0.43999945803079754,0.017325000022538006,0,0.0,30.3054,52.0,50311.728588800004,10.062345717760001,30.187037153280002,0.11097779555911182,0.003178292070515454,0.08458649995736778,0.048170375055633485,0.023534207954071462,0.001940083922818303,0.0007988750003278255,0.16390654200222343,0.00013333407696336508,0.27595537493471056,0.9999968659136185,0.6681900750441105,2.1222829180769622,1.152e-05,1.28e-06,sparse,6.9556300000000135,2.5312484999885783,43.960978507995605,549.859375,553.453125,3.59375
3,Gaussian random projection,3,20560430,5000,3,8.0,50368,0.0006,0.9982000001442592,0.9954023004462627,1.5633275409927592,0.11102012498304248,0.35523541702423245,0.023087959038093686,0,0.0,30.2208,50.0,50311.728588800004,10.062345717760001,30.187037153280002,0.11097779555911182,0.003226500004529953,0.08390183292794973,0.08573683293070644,0.03054945799522102,0.005371166975237429,0.0002069579204544425,0.20947279199026525,0.0010109160793945193,0.14474749995861202,0.9999963071286585,0.6676390990629152,2.0295788740040734,1.152e-05,1.28e-06,sparse,6.236737000000005,2.456970417057164,43.903377532958984,553.453125,559.734375,6.28125
3,Gaussian random projection,4,20560431,5000,3,8.0,50720,0.0014,0.9958036017768926,0.9901250621223817,1.59500550001394,0.11405995790846646,0.32648883399087936,0.020771916955709457,0,0.0,30.432,51.0,50311.728588800004,10.062345717760001,30.187037153280002,0.11097779555911182,0.0034955829614773393,0.09490650007501245,0.05511041695717722,0.016193500021472573,0.004883749992586672,0.0003060420276597142,0.17650545900687575,0.00112595793325454,0.14885037497151643,0.9999973597100419,0.6706124435054797,2.035547249834053,1.152e-05,1.28e-06,sparse,5.789188999999993,2.4760982500156388,44.02853584289551,559.734375,560.28125,0.546875
3,Gaussian random projection,5,20560432,5000,3,8.0,50579,0.001,0.9970010803122161,0.9923374960101783,1.5725375829497352,0.10960049997083843,0.3406556249829009,0.02105816698167473,0,0.0,30.3474,51.0,50311.728588800004,10.062345717760001,30.187037153280002,0.11097779555911182,0.003268208005465567,0.0846860830206424,0.056833332986570895,0.025328541989438236,0.004663666011765599,0.00028074998408555984,0.1761660830816254,0.0008935409132391214,0.16359120898414403,0.9999971420924954,0.6675964401351837,2.022788915899582,1.152e-05,1.28e-06,sparse,6.138490000000004,2.443654374917969,43.9785041809082,560.28125,561.609375,1.328125
3,Gaussian random projection,6,20560433,5000,3,8.0,50302,0.0006,0.998200360072072,0.9954024101881657,1.5746802079956979,0.11283754196483642,0.4042800829047337,0.020966375013813376,0,0.0,30.1812,52.0,50311.728588800004,10.062345717760001,30.187037153280002,0.11097779555911182,0.003572624991647899,0.09024829207919538,0.05219712492544204,0.025404375046491623,0.005024666083045304,0.00024037493858486414,0.17805695801507682,0.0002648750087246299,0.22595224995166063,0.9999973530127952,0.665615272388682,2.0917918329359964,1.152e-05,1.28e-06,sparse,6.6201910000000055,2.496685415972024,43.8742151260376,561.609375,561.734375,0.125
3,Gaussian random projection,7,20560434,5000,3,8.0,50184,0.0008,0.9976007201921441,0.9938699530991717,1.590517207980156,0.11522404209244996,0.3448219590354711,0.029775624978356063,0,0.0,30.1104,50.0,50311.728588800004,10.062345717760001,30.187037153280002,0.11097779555911182,0.00356587499845773,0.09015479206573218,0.0549636660143733,0.016350332996807992,0.0034496670123189688,0.00028129108250141144,0.17190758301876485,0.0003323749406263232,0.17257445899304003,0.9999967902143259,0.6671884658024747,2.050555667025037,1.152e-05,1.28e-06,sparse,6.0517540000000025,2.479453583015129,43.84150314331055,561.734375,561.75,0.015625
3,Gaussian random projection,8,20560435,5000,3,8.0,50331,0.0008,0.9976007204804033,0.9941222151280513,1.6125394169939682,0.12112512497697026,0.30364933307282627,0.03022270801011473,0,0.0,30.1986,50.0,50311.728588800004,10.062345717760001,30.187037153280002,0.11097779555911182,0.0033050000201910734,0.0842077920679003,0.055020041996613145,0.013636499992571771,0.003492666990496218,0.00022212497424334288,0.16131191700696945,0.00011866702698171139,0.14221345901023597,0.9999971615027933,0.665178333182338,2.0373085850151256,1.152e-05,1.28e-06,sparse,5.831951000000004,2.4724452910013497,43.892173767089844,561.75,562.8125,1.0625
3,Gaussian random projection,9,20560436,5000,3,8.0,49835,0.0,1.0,1.0,1.5567374170059338,0.1153933749301359,0.36485649994574487,0.02519912493880838,0,0.0,29.901,52.0,50311.728588800004,10.062345717760001,30.187037153280002,0.11097779555911182,0.003202499938197434,0.0898482499178499,0.0499042090959847,0.027186666964553297,0.005234999931417406,0.0021562089677900076,0.17858537496067584,0.0007270419737324119,0.18553749995771796,0.9999971856492669,0.6702702000290903,2.036980708828196,1.152e-05,1.28e-06,sparse,6.127195,2.4654915829887614,43.714335441589355,562.8125,562.84375,0.03125
3,Gaussian random projection,10,20560437,5000,3,8.0,50227,0.001,0.9970019808524933,0.9928422941751965,1.5609397920779884,0.10840337502304465,0.36472762492485344,0.026305167004466057,0,0.0,30.1362,53.0,50311.728588800004,10.062345717760001,30.187037153280002,0.11097779555911182,0.003237708006054163,0.0857684159418568,0.06237537495326251,0.023704417049884796,0.004634000011719763,0.0008851669263094664,0.18225804204121232,0.00011691695544868708,0.18234729091636837,0.9999975684402612,0.6671187651919614,2.0340654170140624,1.152e-05,1.28e-06,sparse,6.2625679999999875,2.471693667001091,43.85239219665527,562.84375,562.84375,0.0
4,Gaussian random projection,1,20660428,5000,3,8.0,40414,0.0608,0.8444971708773032,0.7879761067302558,1.3212582080159336,0.08510862500406802,0.3289971250342205,0.027316082967445254,0,0.0,24.2484,48.0,39952.0192,7.990403840000001,23.97121152,0.0623875075135075,0.0031470409594476223,0.06336166698019952,0.05505566601641476,0.012065165909007192,0.006278041983023286,0.0005692499689757824,0.14117425004951656,0.00045370799489319324,0.1873634159564972,0.9999942568812944,0.5833027008624185,1.7353582070209086,1.152e-05,1.28e-06,sparse,5.788968000000011,2.0805790830636397,40.538784980773926,562.84375,577.609375,14.765625
4,Gaussian random projection,2,20660429,5000,3,8.0,39880,0.0536,0.8621145857649285,0.8071900790045244,1.2689335830509663,0.08647345891222358,0.42439212498720735,0.0170167499454692,0,0.0,23.928,43.0,39952.0192,7.990403840000001,23.97121152,0.0623875075135075,0.003254125011153519,0.06512312509585172,0.06389812496490777,0.021758500020951033,0.003031207947060466,0.00043820799328386784,0.15805991704110056,0.002349124988541007,0.26397650002036244,0.9999958689546642,0.5894447437707795,1.7797925840131938,1.152e-05,1.28e-06,sparse,6.43557100000001,2.096674167085439,40.343706130981445,577.609375,577.640625,0.03125
4,Gaussian random projection,3,20660430,5000,3,8.0,39803,0.0626,0.84003325589657,0.7823273340606632,1.3395216669887304,0.09015850001014769,0.4094755830010399,0.017981582903303206,0,0.0,23.8818,44.0,39952.0192,7.990403840000001,23.97121152,0.0623875075135075,0.0034320419654250145,0.07902770896907896,0.050724999979138374,0.014855041983537376,0.0052766670705750585,0.0005500830011442304,0.15479299996513873,0.00013379205483943224,0.2545449589379132,0.9999948665051995,0.5866414182920356,1.8391519179567695,1.152e-05,1.28e-06,sparse,6.291816000000011,2.1614490828942508,40.31764221191406,577.640625,577.640625,0.0
4,Gaussian random projection,4,20660431,5000,3,8.0,40000,0.056,0.8561974577167966,0.8009198155752357,1.3118642499903217,0.0938872080296278,0.45703208295162767,0.01677166693843901,0,0.0,24.0,42.0,39952.0192,7.990403840000001,23.97121152,0.0623875075135075,0.003579583950340748,0.075027915998362,0.07074083294719458,0.029249000013805926,0.004624500055797398,0.00035216694232076406,0.18424654100090265,0.00032370793633162975,0.2724358330015093,0.9999940441721356,0.5856260111411615,1.862757539958693,1.152e-05,1.28e-06,sparse,6.415298000000007,2.197149916901253,40.38722038269043,577.640625,577.796875,0.15625
4,Gaussian random projection,5,20660432,5000,3,8.0,40009,0.054,0.8611510253809477,0.8072712606252109,1.3185787500115111,0.08897229109425098,0.3953827499644831,0.021133832982741296,0,0.0,24.0054,46.0,39952.0192,7.990403840000001,23.97121152,0.0623875075135075,0.0032229580683633685,0.06770566699560732,0.055822291993536055,0.02207641606219113,0.0018715419573709369,0.0008687499212101102,0.15264425007626414,0.00021833402570337057,0.24251437501516193,0.9999954240883494,0.5833319570963122,1.8029280002228916,1.152e-05,1.28e-06,sparse,6.115863999999988,2.1305629160488024,40.39424800872803,577.796875,489.734375,-88.0625
4,Gaussian random projection,6,20660433,5000,3,8.0,39957,0.0572,0.8533086978911129,0.7979675003934615,1.3805804579751566,0.09586554206907749,0.45119654096197337,0.0187825420871377,0,0.0,23.9742,42.0,39952.0192,7.990403840000001,23.97121152,0.0623875075135075,0.0035637919791042805,0.0705690000904724,0.05689445789903402,0.017030209070071578,0.008162167039699852,0.0034125420497730374,0.1609659579116851,0.0005673749838024378,0.289655499975197,0.9999942546907625,0.5872788605632295,1.9276348329149187,1.152e-05,1.28e-06,sparse,6.1523090000000025,2.2833377911010757,40.37557315826416,489.734375,378.078125,-111.65625
4,Gaussian random projection,7,20660434,5000,3,8.0,40097,0.0474,0.8775823153809988,0.8261350496292158,1.3612232499290258,0.09041900001466274,0.42533037497196347,0.01616616698447615,0,0.0,24.0582,44.0,39952.0192,7.990403840000001,23.97121152,0.0623875075135075,0.0034004580229520798,0.0677909170044586,0.050525834085419774,0.014825582969933748,0.006853166036307812,0.0010702499421313405,0.14519399998243898,0.00025762489531189203,0.2798719590064138,0.9999950253919075,0.5885189089395919,1.8769658338278532,1.152e-05,1.28e-06,sparse,6.59344999999999,2.1873245000606403,40.42905139923096,378.078125,374.859375,-3.21875
4,Gaussian random projection,8,20660435,5000,3,8.0,40041,0.047,0.8785977131977263,0.8266932046170499,1.3515746250050142,0.08915437501855195,0.46185191709082574,0.025536792003549635,0,0.0,24.0246,43.0,39952.0192,7.990403840000001,23.97121152,0.0623875075135075,0.0034547080285847187,0.0675199170364067,0.056219124933704734,0.017820292036049068,0.004641750012524426,0.0002163749886676669,0.1504432080546394,0.0001949169673025608,0.31120749993715435,0.9999953625656013,0.5899163913238913,1.9025746249826625,1.152e-05,1.28e-06,sparse,5.328575000000001,2.328221792005934,40.40393924713135,374.859375,352.09375,-22.765625
4,Gaussian random projection,9,20660436,5000,3,8.0,40129,0.0488,0.8741794680629137,0.8220003049494097,1.3224267920013517,0.08997408393770456,0.37686895788647234,0.02195912494789809,0,0.0,24.0774,46.0,39952.0192,7.990403840000001,23.97121152,0.0623875075135075,0.003269999986514449,0.06393741595093161,0.04205437493510544,0.013812916004098952,0.0026961250696331263,0.00019391695968806744,0.126588833052665,0.0002031250623986125,0.25007354095578194,0.9999949473422841,0.5885608206550965,1.7892663750099018,1.152e-05,1.28e-06,sparse,6.090253999999987,2.124639749992639,40.44019603729248,352.09375,400.25,48.15625
4,Gaussian random projection,10,20660437,5000,3,8.0,40244,0.0548,0.8591493367994054,0.803822660493612,1.3772196249337867,0.08812212501652539,0.4768870420521125,0.016443250002339482,0,0.0,24.1464,48.0,39952.0192,7.990403840000001,23.97121152,0.0623875075135075,0.0032394579611718655,0.06341645796783268,0.05857554206158966,0.021365749998949468,0.03151724999770522,0.00035604205913841724,0.17926700005773455,0.0003022090531885624,0.297312333015725,0.9999948677174044,0.5901765135025806,1.9422232920769602,1.152e-05,1.28e-06,sparse,7.034795000000003,2.2610851670615375,40.47592544555664,400.25,398.484375,-1.765625
5,Gaussian random projection,1,20760428,5000,3,8.0,34986,0.3082,0.3781898913824365,0.352913272098906,1.185788750066422,0.07322445802856237,0.4602096669841558,0.017647124943323433,0,0.0,20.9916,40.0,35158.419200000004,7.03168384,21.095051520000002,0.03990401921920999,0.0032513330224901438,0.0650073749711737,0.05690145795233548,0.024999249959364533,0.003924458986148238,0.0002643750049173832,0.15569445898290724,0.0010464999359101057,0.3034640420228243,0.999991847203854,0.5413628237477496,1.719218209036626,1.152e-05,1.28e-06,sparse,6.5556250000000205,2.006732292007655,38.789344787597656,398.484375,416.40625,17.921875
5,Gaussian random projection,2,20760429,5000,3,8.0,35104,0.309,0.37716779493972113,0.3522384615338573,1.1407232499914244,0.0727675830712542,0.5402091670548543,0.016537041985429823,0,0.0,21.0624,37.0,35158.419200000004,7.03168384,21.095051520000002,0.03990401921920999,0.0034790829522535205,0.06304491707123816,0.07369337498676032,0.012986916932277381,0.001769582973793149,0.00020300003234297037,0.15592766599729657,0.00011308398097753525,0.3841647499939427,0.9999928492117284,0.5413694862756843,1.7536963330348954,1.152e-05,1.28e-06,sparse,7.212137000000013,2.028834583936259,38.83248329162598,416.40625,428.25,11.84375
5,Gaussian random projection,3,20760430,5000,3,8.0,35410,0.2896,0.4076153107949557,0.37939378527389495,1.1316346250241622,0.07513737503904849,0.500720874988474,0.01611291605513543,0,0.0,21.246,43.0,35158.419200000004,7.03168384,21.095051520000002,0.03990401921920999,0.0032823330257087946,0.06696495797950774,0.0641619999660179,0.020274417009204626,0.0030258329352363944,0.0003303750418126583,0.15863004105631262,0.00023387500550597906,0.34184612496756017,0.9999919719011026,0.543690836692189,1.7074820410925895,1.152e-05,1.28e-06,sparse,6.866523000000001,1.9934042500099167,38.94343376159668,428.25,428.8125,0.5625
5,Gaussian random projection,4,20760431,5000,3,8.0,35305,0.2812,0.4222361964539944,0.3929338803012816,1.1464237079489976,0.0749539160169661,0.4656857920344919,0.015913542010821402,0,0.0,21.183,39.0,35158.419200000004,7.03168384,21.095051520000002,0.03990401921920999,0.0031484580831602216,0.061694417032413185,0.05303654202725738,0.02377412503119558,0.00722091703210026,0.0002910830080509186,0.1497922920389101,0.0004795000422745943,0.3154100829269737,0.9999926663598429,0.5399221603039899,1.687059498974122,1.152e-05,1.28e-06,sparse,6.778485999999987,1.9629893329693004,38.901944160461426,428.8125,438.8125,10.0
5,Gaussian random projection,5,20760432,5000,3,8.0,35188,0.2964,0.396501983433382,0.36931738929731095,1.1526164589449763,0.07769025000743568,0.47983700002077967,0.016533082933165133,0,0.0,21.1128,38.0,35158.419200000004,7.03168384,21.095051520000002,0.03990401921920999,0.0034129159757867455,0.06741200003307313,0.06144991691689938,0.03983766702003777,0.002848082920536399,0.00020837504416704178,0.17574079195037484,0.00012749992311000824,0.30396462499629706,0.9999934024396692,0.5439170098379282,1.710139625822194,1.152e-05,1.28e-06,sparse,6.758330000000001,2.000996165908873,38.85733604431152,438.8125,446.484375,7.671875
5,Gaussian random projection,6,20760433,5000,3,8.0,35266,0.2672,0.44409656579860657,0.41135742370924294,1.1520437500439584,0.07329295796807855,0.4882450419245288,0.015773875056765974,0,0.0,21.1596,38.0,35158.419200000004,7.03168384,21.095051520000002,0.03990401921920999,0.0032124160788953304,0.06122091691941023,0.05131887493189424,0.012495832983404398,0.00351704191416502,0.00030516693368554115,0.13306200003717095,0.00031774991657584906,0.35485945898108184,0.9999931527506164,0.5457838317917741,1.7135759169468656,1.152e-05,1.28e-06,sparse,6.902089999999987,1.9859662499511614,38.89286136627197,446.484375,448.34375,1.859375
5,Gaussian random projection,7,20760434,5000,3,8.0,35155,0.3094,0.3778718611577645,0.352521625270783,1.1249727079411969,0.07699416694231331,0.4805455420864746,0.017258499981835485,0,0.0,21.093,44.0,35158.419200000004,7.03168384,21.095051520000002,0.03990401921920999,0.003335791057907045,0.06636337493546307,0.05789387505501509,0.0110241660149768,0.0036330000730231404,0.00021541700698435307,0.1441787079675123,0.0008137079421430826,0.33554495801217854,0.9999934529945369,0.5427425268003115,1.682504248805344,1.152e-05,1.28e-06,sparse,6.671083999999979,1.978004458011128,38.85426902770996,448.34375,451.296875,2.953125
5,Gaussian random projection,8,20760435,5000,3,8.0,35527,0.292,0.40344656590605066,0.37616536073586465,1.1559659580234438,0.07303658407181501,0.49556595797184855,0.015839042025618255,0,0.0,21.3162,43.0,35158.419200000004,7.03168384,21.095051520000002,0.03990401921920999,0.003345250035636127,0.0633557909168303,0.0405973750166595,0.021600459003821015,0.003447290975600481,0.0003105420619249344,0.1335646250518039,0.00026320805773139,0.3617331669665873,0.9999923823367897,0.5429911221794415,1.7245635421713814,1.152e-05,1.28e-06,sparse,6.953032000000007,2.005697333952412,38.982054710388184,451.296875,451.421875,0.125
5,Gaussian random projection,9,20760436,5000,3,8.0,35068,0.3094,0.37698986890661984,0.35168873322084093,1.1198734579375014,0.07542637502774596,0.5467808749526739,0.016227792017161846,0,0.0,21.0408,37.0,35158.419200000004,7.03168384,21.095051520000002,0.03990401921920999,0.0034700410906225443,0.06631783302873373,0.05422470800112933,0.038988291984423995,0.02885687502566725,0.0008920000400394201,0.19336908299010247,0.00014704209752380848,0.35326079197693616,0.99999078944859,0.5412422194193499,1.7420767500298098,1.152e-05,1.28e-06,sparse,7.123143999999996,2.0330720000201836,38.81855010986328,451.421875,451.5,0.078125
5,Gaussian random projection,10,20760437,5000,3,8.0,35110,0.2732,0.4335751075730606,0.40190239572892067,1.1394901670282707,0.07376504095736891,0.4262505000224337,0.01600741595029831,0,0.0,21.066,38.0,35158.419200000004,7.03168384,21.095051520000002,0.03990401921920999,0.003212000010535121,0.060963458963669837,0.043453958933241665,0.00988583394791931,0.00210470799356699,0.00023658410646021366,0.12048758298624307,0.00011616700794547796,0.3056432500015944,0.9999924345105442,0.5487024537383002,1.6395022079814225,1.152e-05,1.28e-06,sparse,6.413147999999978,1.9113770830444992,38.83303165435791,451.5,451.65625,0.15625
6,Gaussian random projection,1,20860428,5000,3,8.0,32535,0.6846,0.048333833659035916,0.06089533906789157,1.050797124975361,0.07111041701864451,0.8912302500102669,0.015473750070668757,0,0.0,19.521,37.0,32555.284142080003,6.511056828416001,19.533170485248004,0.027694498899779957,0.0034220420056954026,0.05711979197803885,0.057463667006231844,0.009443250019103289,0.005104208015836775,0.00024220894556492567,0.13359124993439764,0.0003422499867156148,0.7572925830027089,0.9999913975101414,0.5389905664423464,2.0131336249178275,1.152e-05,1.28e-06,sparse,9.149828999999954,2.3281217919429764,38.1048469543457,451.65625,478.265625,26.609375
6,Gaussian random projection,2,20860429,5000,3,8.0,32554,0.724,0.03363411331676042,0.04513448943893874,1.0913938340963796,0.06904704193584621,0.7987050409428775,0.015364499995484948,0,0.0,19.5324,36.0,32555.284142080003,6.511056828416001,19.533170485248004,0.027694498899779957,0.0033251249697059393,0.054797374992631376,0.06477404094766825,0.023095375043340027,0.004250625032000244,0.00029458291828632355,0.15162800007965416,0.000516125001013279,0.6465543749509379,0.9999918687789439,0.5399503134863151,1.9591393760638312,1.152e-05,1.28e-06,sparse,8.943094999999971,2.212211708072573,38.11408233642578,478.265625,484.390625,6.125
6,Gaussian random projection,3,20860430,5000,3,8.0,32627,0.715,0.03282981376700798,0.04374284924867301,1.1335251660784706,0.09632495802361518,0.8845191659638658,0.01768154208548367,0,0.0,19.5762,37.0,32555.284142080003,6.511056828416001,19.533170485248004,0.027694498899779957,0.004629709059372544,0.07763637497555465,0.08302808401640505,0.020984499948099256,0.002064500004053116,0.00030437507666647434,0.19048304099123925,0.001195874996483326,0.6928336250130087,0.9999910744617839,0.5398832032386546,2.114362665102817,1.152e-05,1.28e-06,sparse,8.512348000000031,2.3745099590159953,38.139787673950195,484.390625,455.921875,-28.46875
6,Gaussian random projection,4,20860431,5000,3,8.0,32441,0.7322,0.03068594095218683,0.04087048872363815,1.107014499953948,0.07578175002709031,0.7828855830011889,0.020055542001500726,0,0.0,19.4646,40.0,32555.284142080003,6.511056828416001,19.533170485248004,0.027694498899779957,0.0036401249235495925,0.06032562500331551,0.056493166950531304,0.016446165973320603,0.003298541996628046,0.0004015420563519001,0.1411473749903962,0.0002737500471994281,0.6414593339432031,0.9999903818010788,0.5404220999033678,1.965676708961837,1.152e-05,1.28e-06,sparse,8.274631999999997,2.2622041249414906,38.073418617248535,455.921875,332.921875,-123.0
6,Gaussian random projection,5,20860432,5000,3,8.0,32165,0.7242,0.03535435958633701,0.04620111639825187,1.1261226671049371,0.0739786250051111,0.9037213330157101,0.015522917034104466,0,0.0,19.299,39.0,32555.284142080003,6.511056828416001,19.533170485248004,0.027694498899779957,0.0034809160279110074,0.06202312500681728,0.0785406669601798,0.028218000079505146,0.005357249989174306,0.0003006249899044633,0.1787094590254128,0.00061495800036937,0.7243911669356748,0.999987952154276,0.5412222563544831,2.1038168760715052,1.152e-05,1.28e-06,sparse,9.202207999999985,2.3862473339540884,37.97461986541748,332.921875,388.84375,55.921875
6,Gaussian random projection,6,20860433,5000,3,8.0,32483,0.73,0.03133888357147196,0.042271473379610576,1.110068624955602,0.07380770798772573,0.9786834579426795,0.020555458031594753,0,0.0,19.4898,40.0,32555.284142080003,6.511056828416001,19.533170485248004,0.027694498899779957,0.003352832980453968,0.061333667021244764,0.17340383306145668,0.019410041975788772,0.005223457934334874,0.0004207080928608775,0.263965709018521,0.0006962500046938658,0.7140150420600548,0.9999891679350903,0.5397121091492063,2.1625533340265974,1.152e-05,1.28e-06,sparse,9.230550999999991,2.5163809589575976,38.08388042449951,388.84375,413.46875,24.625
6,Gaussian random projection,7,20860434,5000,3,8.0,32718,0.7432,0.027561372555550984,0.03815638072151387,1.2766660420456901,0.0758087090216577,0.8227192079648376,0.015672832960262895,0,0.0,19.6308,40.0,32555.284142080003,6.511056828416001,19.533170485248004,0.027694498899779957,0.00354179204441607,0.06449766701553017,0.0740437920903787,0.01864125009160489,0.0071283329743891954,0.00026033411268144846,0.16866212501190603,0.0005206249188631773,0.6535324170254171,0.9999906313824614,0.539116891711719,2.175189918023534,1.152e-05,1.28e-06,sparse,9.00142599999998,2.4357578329509124,38.172515869140625,413.46875,424.640625,11.171875
6,Gaussian random projection,8,20860435,5000,3,8.0,32437,0.684,0.04368526939983252,0.05688166917231241,1.1361294169910252,0.0767759169684723,0.8127710419939831,0.0191675421083346,0,0.0,19.4622,37.0,32555.284142080003,6.511056828416001,19.533170485248004,0.027694498899779957,0.003486500005237758,0.06256870797369629,0.063722874969244,0.015428749960847199,0.002000125008635223,0.00027929095085710287,0.14833483402617276,0.00013050006236881018,0.6643004160141572,0.9999891781494347,0.5395489139824613,2.0256710840621963,1.152e-05,1.28e-06,sparse,8.63846000000001,2.2984842500882223,38.072463035583496,424.640625,414.09375,-10.546875
6,Gaussian random projection,9,20860436,5000,3,8.0,32339,0.6882,0.041825257166478925,0.0531153607907256,1.2195944170234725,0.07510454102884978,0.8081535829696804,0.019243292044848204,0,0.0,19.4034,39.0,32555.284142080003,6.511056828416001,19.533170485248004,0.027694498899779957,0.003516542026773095,0.05824804096482694,0.05522770795505494,0.017189832986332476,0.0025228330632671714,0.0002477089874446392,0.13750633306335658,0.00013870804104954004,0.6705042500980198,0.9999902871396643,0.5411149765146073,2.1028482492547482,1.152e-05,1.28e-06,sparse,8.685493999999949,2.387675084057264,38.03709697723389,414.09375,401.421875,-12.671875
6,Gaussian random projection,10,20860437,5000,3,8.0,32548,0.7086,0.041299371596910175,0.05324903342918352,1.18541070795618,0.0749649170320481,0.8151589169865474,0.017007874906994402,0,0.0,19.5288,40.0,32555.284142080003,6.511056828416001,19.533170485248004,0.027694498899779957,0.003465999965555966,0.05878954101353884,0.059080708073452115,0.02938299998641014,0.006069958908483386,0.0002809580182656646,0.1576421670615673,0.00021208298858255148,0.6572997499024495,0.9999915064713297,0.5396038926250317,2.0755296249408275,1.152e-05,1.28e-06,sparse,8.902972999999974,2.3471820830600336,38.113603591918945,401.421875,340.203125,-61.21875
8,Gaussian random projection,1,21060428,5000,3,8.0,30058,0.843,0.0028938804010657172,0.0072708991682763026,1.0371182500384748,0.06963866704609245,1.0226158750010654,0.018720833933912218,0,0.0,18.0348,36.0,29968.0192,5.99360384,17.98081152,0.015559414403889181,0.003564000013284385,0.06188204197678715,0.06685545796062797,0.026142625021748245,0.01716695900540799,0.002774124965071678,0.17991579102817923,0.001141624990850687,0.8415507089812309,0.999988947458645,0.5465338395136892,2.129365042084828,1.152e-05,1.28e-06,sparse,8.708725999999956,2.3967041249852628,37.607789039611816,340.203125,317.390625,-22.8125
8,Gaussian random projection,2,21060429,5000,3,8.0,29800,0.8518,0.0017803319169393704,0.0054088736183757445,1.0550814579473808,0.06403237499762326,0.8490114160813391,0.015214791055768728,0,0.0,17.88,38.0,29968.0192,5.99360384,17.98081152,0.015559414403889181,0.0033500409917905927,0.0507769170217216,0.05576408398337662,0.01281591597944498,0.0030611249385401607,0.00023704103659838438,0.12658483406994492,0.00015458406414836645,0.7222668750910088,0.9999850665361836,0.5479387162110876,1.9681201261701062,1.152e-05,1.28e-06,sparse,9.101383999999996,2.202004042104818,37.518797874450684,317.390625,360.421875,43.03125
8,Gaussian random projection,3,21060430,5000,3,8.0,30106,0.847,0.0019733659286956863,0.005714272174033632,0.9941356669878587,0.06847908406052738,0.9280929170781747,0.015574041055515409,0,0.0,18.0636,35.0,29968.0192,5.99360384,17.98081152,0.015559414403889181,0.0034547080285847187,0.05493091605603695,0.07442470896057785,0.03367916599381715,0.0037121670320630074,0.0010873329592868686,0.17223508399911225,0.00041320803575217724,0.7554375830804929,0.9999860238926467,0.5465796916386472,1.9907006261637434,1.152e-05,1.28e-06,sparse,9.55254100000002,2.2409922080114484,37.626017570495605,360.421875,380.453125,20.03125
8,Gaussian random projection,4,21060431,5000,3,8.0,29817,0.8384,0.0036139527815419363,0.008198037530300462,0.9807931670220569,0.06354029092472047,0.9066543750232086,0.01562887500040233,0,0.0,17.8902,34.0,29968.0192,5.99360384,17.98081152,0.015559414403889181,0.0033690420677885413,0.0490139169851318,0.05760412500239909,0.019372249953448772,0.004027291899546981,0.00031116593163460493,0.1349906250834465,0.0004975419724360108,0.7711604170035571,0.9999862832523968,0.5477737791496096,1.950982042006217,1.152e-05,1.28e-06,sparse,9.269619000000034,2.2025747910374776,37.52062225341797,380.453125,394.59375,14.140625
8,Gaussian random projection,5,21060432,5000,3,8.0,29870,0.8406,0.0028220116537425715,0.006840947263712474,1.0200543339597061,0.06825716595631093,0.8430933749768883,0.01724795892369002,0,0.0,17.922,36.0,29968.0192,5.99360384,17.98081152,0.015559414403889181,0.0033989170333370566,0.055470666964538395,0.05322558293119073,0.03340004093479365,0.0029675420373678207,0.00031204207334667444,0.1493208750616759,0.00037695898208767176,0.6933917920105159,0.999991011748898,0.5476276104628209,1.9314011259702966,1.152e-05,1.28e-06,sparse,8.767264000000011,2.16972083307337,37.5377893447876,394.59375,398.140625,3.546875
8,Gaussian random projection,6,21060433,5000,3,8.0,29973,0.8368,0.003445113639524636,0.007973306868140882,1.0080714999930933,0.06278312508948147,0.852990375016816,0.015066292020492256,0,0.0,17.9838,36.0,29968.0192,5.99360384,17.98081152,0.015559414403889181,0.003367791068740189,0.04953833308536559,0.05150833399966359,0.012817082926630974,0.0027846250450238585,0.0002583339810371399,0.12085762503556907,0.00020224996842443943,0.731894165975973,0.9999901597310737,0.5471863594415656,1.9238086660625413,1.152e-05,1.28e-06,sparse,9.06681900000001,2.1690658750012517,37.57690715789795,398.140625,414.46875,16.328125
8,Gaussian random projection,7,21060434,5000,3,8.0,29937,0.8458,0.0018519507164413082,0.005451712543515204,1.0032319170422852,0.06756633298937231,0.9125854999292642,0.01634945801924914,0,0.0,17.9622,37.0,29968.0192,5.99360384,17.98081152,0.015559414403889181,0.0033435000805184245,0.05128999997396022,0.06200845807325095,0.016012332984246314,0.015682999975979328,0.0003185829846188426,0.14946054201573133,0.0006054159021005034,0.7625149580417201,0.9999865030664039,0.5465798294814003,1.9833791659912094,1.152e-05,1.28e-06,sparse,9.448569999999961,2.2411751659819856,37.563194274902344,414.46875,428.046875,13.578125
8,Gaussian random projection,8,21060435,5000,3,8.0,30070,0.8386,0.0038153924231631,0.008593588311879367,0.9860864999936894,0.06419783306773752,0.9166096249828115,0.015262917033396661,0,0.0,18.042,34.0,29968.0192,5.99360384,17.98081152,0.015559414403889181,0.0034642500104382634,0.052166666951961815,0.059526875033043325,0.014450541930273175,0.005704707931727171,0.00026420794893056154,0.13652724993880838,0.000396750052459538,0.7796812920132652,0.9999892884982331,0.5472118046588111,1.96688962506596,1.152e-05,1.28e-06,sparse,9.462392999999963,2.213071208097972,37.614606857299805,428.046875,437.03125,8.984375
8,Gaussian random projection,9,21060436,5000,3,8.0,30062,0.8468,0.0020895608461363197,0.005893179651096161,1.0172962499782443,0.0651989170582965,0.9136740829562768,0.01610354194417596,0,0.0,18.0372,33.0,29968.0192,5.99360384,17.98081152,0.015559414403889181,0.0033186658984050155,0.04858587495982647,0.058497457997873425,0.013451916980557144,0.0027513339882716537,0.0002662499900907278,0.12732445797882974,0.00040975003503262997,0.7859363750321791,0.9999872169084971,0.5469754085285697,1.9961657500825822,1.152e-05,1.28e-06,sparse,9.508105999999998,2.236581915989518,37.61217021942139,437.03125,437.8125,0.78125
8,Gaussian random projection,10,21060437,5000,3,8.0,29941,0.8444,0.003244352756167295,0.007836723588092082,1.0130091659957543,0.0706972919870168,0.870043917093426,0.014780541998334229,0,0.0,17.9646,36.0,29968.0192,5.99360384,17.98081152,0.015559414403889181,0.003400459070689976,0.056157083017751575,0.06047154206316918,0.029268916929140687,0.002570500015281141,0.0003958330489695072,0.15289729100186378,0.0003369160695001483,0.7168055420042947,0.9999894718574512,0.5476128702737137,1.9537462070584297,1.152e-05,1.28e-06,sparse,9.105391999999995,2.19359279202763,37.56593608856201,437.8125,437.875,0.0625
10,Gaussian random projection,1,21260428,5000,3,8.0,28692,0.8704,0.0015499958897234316,0.0064134510344611385,0.956266958033666,0.06148991594091058,1.025249583995901,0.015332582988776267,0,0.0,17.2152,32.0,28771.219200000003,5.754243840000001,17.262731520000003,0.009946046832415702,0.0032541659893468022,0.048756874981336296,0.0514122499153018,0.022431832971051335,0.006521958042867482,0.0003735839854925871,0.1340605829609558,0.00016083300579339266,0.8910244579892606,0.9999876554992825,0.5509537347603272,2.0430027479305863,1.152e-05,1.28e-06,sparse,10.306630000000041,2.2701965830055997,37.51269721984863,437.875,451.71875,13.84375
10,Gaussian random projection,2,21260429,5000,3,8.0,29058,0.8748,0.0017757231687194276,0.0069795217243679535,0.9690278329653665,0.06465333292726427,1.0101905830670148,0.01531566702760756,0,0.0,17.4348,35.0,28771.219200000003,5.754243840000001,17.262731520000003,0.009946046832415702,0.003566000028513372,0.05460575001779944,0.06239875010214746,0.01633804209996015,0.0072625839384272695,0.00039137492422014475,0.14564166590571404,0.00042204197961837053,0.8641232500085607,0.9999853482934702,0.5499781346994668,2.043868123786524,1.152e-05,1.28e-06,sparse,10.168014000000028,2.2726512500084937,37.638834953308105,451.71875,451.875,0.15625
10,Gaussian random projection,3,21260430,5000,3,8.0,28651,0.8792,0.0005486598945610015,0.004606720559992068,0.974962625070475,0.06936137494631112,1.0322702919365838,0.017228375072591007,0,0.0,17.1906,35.0,28771.219200000003,5.754243840000001,17.262731520000003,0.009946046832415702,0.0034030829556286335,0.05402637494262308,0.06153354106936604,0.021174499997869134,0.003216249984689057,0.00026516709476709366,0.1439436669461429,0.0003968749660998583,0.8879256250802428,0.9999815087724985,0.5516732885015729,2.0765901670092717,1.152e-05,1.28e-06,sparse,9.81421899999998,2.3341257499996573,37.49334144592285,451.875,452.5,0.625
10,Gaussian random projection,4,21260431,5000,3,8.0,28984,0.8744,0.0018676187986787175,0.00722089175087666,1.0106017920188606,0.06547245802357793,0.9828600831096992,0.015437458059750497,0,0.0,17.3904,35.0,28771.219200000003,5.754243840000001,17.262731520000003,0.009946046832415702,0.0034470839891582727,0.051904457970522344,0.05112316703889519,0.018010917003266513,0.004050959018059075,0.0005663749761879444,0.1298033749917522,0.00022350007202476263,0.8528284169733524,0.9999835236628676,0.550430402295262,2.058929542079568,1.152e-05,1.28e-06,sparse,9.920010999999988,2.289966667070985,37.616021156311035,452.515625,452.671875,0.15625
10,Gaussian random projection,5,21260432,5000,3,8.0,28673,0.8776,0.0010257590225076203,0.005495460400664133,1.0450702919624746,0.07038920896593481,1.0887565000448376,0.01792695897165686,0,0.0,17.2038,34.0,28771.219200000003,5.754243840000001,17.262731520000003,0.009946046832415702,0.0035012499429285526,0.056263083941303194,0.060089832986705005,0.015046499902382493,0.012022416922263801,0.0005840000230818987,0.1495945000788197,0.0005067919846624136,0.938650666968897,0.9999849372243478,0.5517620010921603,2.2042114599607885,1.152e-05,1.28e-06,sparse,9.503829999999994,2.5110059160506353,37.5030632019043,452.671875,296.09375,-156.578125
10,Gaussian random projection,6,21260433,5000,3,8.0,28731,0.8786,0.0005118572970949205,0.004503990976974458,0.9874344581039622,0.0654490840388462,0.9999971250072122,0.01709737500641495,0,0.0,17.2386,35.0,28771.219200000003,5.754243840000001,17.262731520000003,0.009946046832415702,0.0034301660489290953,0.05056395893916488,0.07771666697226465,0.025021375040523708,0.008454542024992406,0.00041979202069342136,0.16622037498746067,0.0002703330246731639,0.8335011249873787,0.9999864034751805,0.551171611236449,2.052875375142321,1.152e-05,1.28e-06,sparse,9.352034000000003,2.3104676250368357,37.5257453918457,298.796875,346.015625,47.21875
10,Gaussian random projection,7,21260434,5000,3,8.0,28777,0.8768,0.0009922425957993584,0.005602874725111188,0.9806841249810532,0.0671603330411017,0.9819840830750763,0.020472209085710347,0,0.0,17.2662,37.0,28771.219200000003,5.754243840000001,17.262731520000003,0.009946046832415702,0.003593540983274579,0.05700216698460281,0.07949816703330725,0.025811542058363557,0.004128290922380984,0.0013402079930528998,0.1727802500827238,0.0002947080647572875,0.8089037090539932,0.9999873934163721,0.5510502392950718,2.029823125223629,1.152e-05,1.28e-06,sparse,9.565821999999969,2.2609437499195337,37.53682613372803,346.015625,364.609375,18.59375
10,Gaussian random projection,8,21260435,5000,3,8.0,29087,0.8756,0.0011886920903229933,0.005921784504203415,0.9871658750344068,0.06359783292282373,1.0276782920118421,0.02033566706813872,0,0.0,17.4522,35.0,28771.219200000003,5.754243840000001,17.262731520000003,0.009946046832415702,0.003329708008095622,0.05054587498307228,0.059716999996453524,0.008632292039692402,0.00789570901542902,0.00039683294016867876,0.13091674994211644,0.0002745829988270998,0.8964833329664543,0.9999843696043812,0.5494309479599343,2.0784383738646284,1.152e-05,1.28e-06,sparse,9.96294899999998,2.3301598330726847,37.64891052246094,364.609375,372.6875,8.078125
10,Gaussian random projection,9,21260436,5000,3,8.0,28648,0.8772,0.00045877489995450345,0.004436050362458614,0.9883681669598445,0.0686414169613272,0.9631653749383986,0.01667929091490805,0,0.0,17.1888,35.0,28771.219200000003,5.754243840000001,17.262731520000003,0.009946046832415702,0.0037702079862356186,0.0557470410130918,0.06387741607613862,0.02099233295302838,0.007419332978315651,0.0006860001012682915,0.15308783401269466,0.00024149997625499964,0.8098323749145493,0.9999840882823743,0.5516486558561929,2.0201712928246707,1.152e-05,1.28e-06,sparse,9.396611000000007,2.259571292088367,37.49103355407715,372.6875,378.625,5.9375
10,Gaussian random projection,10,21260437,5000,3,8.0,28745,0.877,0.0009809214188536293,0.0055168571343516895,0.9838156669866294,0.06072191707789898,0.9686646660557017,0.020252499962225556,0,0.0,17.247,37.0,28771.219200000003,5.754243840000001,17.262731520000003,0.009946046832415702,0.003344625001773238,0.049217207939364016,0.04888295801356435,0.011304042069241405,0.0023454170441254973,0.00024245795793831348,0.11574862501583993,0.00016799999866634607,0.8527441250625998,0.9999873034577766,0.551137864285081,2.0131983341416344,1.152e-05,1.28e-06,sparse,9.120851000000016,2.2766145420027897,37.526954650878906,378.625,394.53125,15.90625
12,Gaussian random projection,1,21460428,5000,3,8.0,28262,0.893,0.0006138058248870027,0.006211007079390477,0.954055874957703,0.06154420808888972,1.1716134999878705,0.017798749962821603,0,0.0,16.9572,33.0,28121.506355200003,5.62430127104,16.87290381312,0.0068986897019259795,0.0033748329151421785,0.04974654200486839,0.059701249934732914,0.010790250031277537,0.0058234999887645245,0.00030116597190499306,0.13061779201962054,0.0004480000352486968,1.0405430829850957,0.9999851386339617,0.5522898601714342,2.1872089580865577,1.152e-05,1.28e-06,sparse,9.129681000000005,2.4359632920240983,37.74904251098633,394.53125,381.890625,-12.640625
12,Gaussian random projection,2,21460429,5000,3,8.0,28133,0.8922,0.0007864366426205464,0.00660779300463936,0.9421681250678375,0.06454370799474418,1.2008794579887763,0.018472458003088832,0,0.0,16.8798,32.0,28121.506355200003,5.62430127104,16.87290381312,0.0068986897019259795,0.0034704169956967235,0.05486795899923891,0.05891512508969754,0.013321292004548013,0.002860749955289066,0.00039604201447218657,0.13437483296729624,0.00028954201843589544,1.0662115409504622,0.999983500745123,0.5523076745261958,2.207587748998776,1.152e-05,1.28e-06,sparse,10.627860999999939,2.4864393329480663,37.70147705078125,381.890625,409.875,27.984375
12,Gaussian random projection,3,21460430,5000,3,8.0,27893,0.896,3.3146079956756306e-06,0.004844286006641464,0.9769377500051633,0.07406608294695616,1.0662363750161603,0.015879667014814913,0,0.0,16.7358,33.0,28121.506355200003,5.62430127104,16.87290381312,0.0068986897019259795,0.0036277499748393893,0.05274195794481784,0.07490837504155934,0.018855417030863464,0.004137874930165708,0.00044650002382695675,0.15510904206894338,0.0003237499622628093,0.9107995419763029,0.9999877430355054,0.5538642524954646,2.1172361669596285,1.152e-05,1.28e-06,sparse,9.911325000000033,2.353434917051345,37.61193656921387,409.875,378.6875,-31.1875
12,Gaussian random projection,4,21460431,5000,3,8.0,28179,0.8902,0.0007644560711660949,0.006438475486697982,1.0179496660130098,0.0638015829026699,1.0732719579245895,0.015908709028735757,0,0.0,16.9074,35.0,28121.506355200003,5.62430127104,16.87290381312,0.0068986897019259795,0.00349333300255239,0.061292040976695716,0.05911908391863108,0.012156833079643548,0.0072236660635098815,0.00039004196878522635,0.14492891693953425,0.0007751670200377703,0.9275628750910982,0.9999880542982943,0.5526479072900998,2.15501820796635,1.152e-05,1.28e-06,sparse,9.740758000000028,2.430336833000183,37.71188735961914,378.6875,222.59375,-156.09375
12,Gaussian random projection,5,21460432,5000,3,8.0,27825,0.896,0.00044557048629144305,0.005958995193786983,1.018436499987729,0.07213650003541261,1.3417354170233011,0.02010474994312972,0,0.0,16.695,31.0,28121.506355200003,5.62430127104,16.87290381312,0.0068986897019259795,0.003979834029451013,0.06474366702605039,0.17938900005538017,0.022932374966330826,0.015893957926891744,0.005327417049556971,0.2927207499742508,0.002710375003516674,1.0462951250374317,0.9999858773027945,0.5538501106993833,2.4322992500383407,1.152e-05,1.28e-06,sparse,11.557703999999944,2.698732165968977,37.59280204772949,272.859375,334.890625,62.03125
12,Gaussian random projection,6,21460433,5000,3,8.0,28194,0.8944,0.0005382228065971876,0.006151483434921845,0.9655447909608483,0.06425874994602054,1.0288728339364752,0.01537858392111957,0,0.0,16.9164,34.0,28121.506355200003,5.62430127104,16.87290381312,0.0068986897019259795,0.003598917042836547,0.05103625007905066,0.04420891706831753,0.018539750017225742,0.002841249923221767,0.00031575001776218414,0.12136737501714379,0.00032083294354379177,0.9071797499200329,0.9999836319659037,0.5527475102887047,2.0586714987875894,1.152e-05,1.28e-06,sparse,8.65083699999991,2.2955758329480886,37.72047996520996,334.890625,361.078125,26.1875
12,Gaussian random projection,7,21460434,5000,3,8.0,28092,0.8958,0.0002183537593052617,0.005381672507752115,0.9601005830336362,0.06611112505197525,1.0293308750260621,0.015146249905228615,0,0.0,16.8552,35.0,28121.506355200003,5.62430127104,16.87290381312,0.0068986897019259795,0.0034844999900087714,0.053144083940424025,0.06458250002469867,0.01286304194945842,0.0041376251028850675,0.0011712081031873822,0.14017683290876448,0.0004265420138835907,0.8887234170688316,0.999985125452376,0.5532548564721873,2.055538500077091,1.152e-05,1.28e-06,sparse,10.22174599999994,2.2819204999832436,37.684882164001465,361.078125,368.625,7.546875
12,Gaussian random projection,8,21460435,5000,3,8.0,27806,0.8902,0.0005498210785423431,0.005966701162961536,0.9450331659754738,0.05882733303587884,0.9855525830062106,0.015022165956906974,0,0.0,16.6836,32.0,28121.506355200003,5.62430127104,16.87290381312,0.0068986897019259795,0.003438584040850401,0.04749137500766665,0.05908779101446271,0.015455709071829915,0.0026583749568089843,0.00035962508991360664,0.1341690419940278,0.0007181249093264341,0.8506609590258449,0.99998458162709,0.5539913189708077,1.9894086249405518,1.152e-05,1.28e-06,sparse,9.612352999999985,2.2194008339429274,37.5831937789917,368.625,373.8125,5.1875
12,Gaussian random projection,9,21460436,5000,3,8.0,28376,0.8908,0.001023413066296171,0.0070731281564946034,0.9775683339685202,0.06311125005595386,1.0409141249256209,0.01634408300742507,0,0.0,17.0256,36.0,28121.506355200003,5.62430127104,16.87290381312,0.0068986897019259795,0.003456666017882526,0.04943324998021126,0.056013708002865314,0.022838708013296127,0.004930958035402,0.0002465830184519291,0.13727566704619676,0.00034245895221829414,0.9032922910992056,0.9999866216824506,0.5517014110788474,2.0815900011220947,1.152e-05,1.28e-06,sparse,10.492971000000011,2.309187125065364,37.78719139099121,373.8125,393.421875,19.609375
12,Gaussian random projection,10,21460437,5000,3,8.0,28109,0.888,0.0009173414671903717,0.006781442853430416,0.9297370830317959,0.06168337492272258,1.0857423749985173,0.016452749958261847,0,0.0,16.8654,37.0,28121.506355200003,5.62430127104,16.87290381312,0.0068986897019259795,0.003337583038955927,0.051096292096190155,0.08799545897636563,0.020902958000078797,0.004787917016074061,0.0005407090066000819,0.16965029202401638,0.00018850003834813833,0.9158990000141785,0.9999825332507892,0.5528356863315423,2.0771582500310615,1.152e-05,1.28e-06,sparse,10.560269999999946,2.3129754581023008,37.68780517578125,393.421875,402.984375,9.5625
